report_date,stock_code,company_name,title,summary,gap_score
2020-10-22,1,平安银行,1-3Q2020业绩点评：3Q净利增速回升，源于资产质量改善反哺,平安银行发布三季报，公司1-3Q2020营收增13%至1166亿，净利降5.2%至224亿，其中3Q营收增8.8%至382亿，净利增6.1%至87亿。3Q利润增速转正，系公司在资产质量改善的背景下信用成本改善所致。从收入端来看，源于前三季度信贷放量，推升利息净收入实现近两位数增长。息差方面，继续回落。非息收入方面，基金销售向好及对公业务恢复推动手续费快速。资产质量方面，3Q有所改善，居民类信贷及企业类信贷质量均向好。展望未来，尽管银行业息差依旧有压力，不过在国内疫情基本得到控制的背景下，零售类贷款或继续边际改善，且对公贷款或持续受益于基建投资放量。综上而言，我们维持“买进”的投资建议。,0.09537244
2020-10-26,1,平安银行,平安银行：净利润增速回正，资产质量拐点已现,"事件： 平安银行发布三季报， 2020 年前三季度实现营业收入1165.64 亿元， 同比增长 13.2%；归母净利润 223.98 亿元,同比下滑5.2%。不良率 1.32%， 较上年末及三季度末下降 33BP；拨备覆盖率218.29%，较上年末提升 35.17 个百分点。
三季度净利润增速回正，拨备计提压力下降是主因。 前三季度归母净利润同比下降 5.2%，三季度单季同比增长 6.1%。三季度净利润增速较上季度有较大幅度的改善，拨备计提压力下降是主因。三季度确认信用减值损失 159 亿元，同比增长 15%，环比下降 29%。",0.2015664
2020-12-01,1,平安银行,金融科技赋能，零售对公协同发展,"平安银行依托集团资源优势，零售转型成效显现，零售板块收入和税前利润贡献度已过半。同时随着公司对公业务调整逐步，存量资产质量包袱减轻，基本面改善明显，主营业务表现向好。公司 2019 年提出“对公做精”战略，与集团综合金融平台形成的协同效应值得期待。维持买入评级。
支撑评级的要点",1.0203416
2020-12-28,1,平安银行,积极进取的零售银行，受益于经济复苏，消费端回暖,"结论与建议：
平安银行在今年疫情冲击的大宏观环境下，业绩表现出一定的压力，但已经边际改善。从零售获客方面来看，在零售客户快速增长背景下做大AUM，从而派生海量的存款，实现其较低的负债端优势。展望未来，我们认为银行行业压力最大的时刻即将过去：1、逆周期调节背景下政策方面监管要求让利的条件将消退；2、货币政策回归正常化背景下，有利于银行资产端定价；3、我们认为，在经济企稳回升的背景之下，消费逐渐恢复，企业现金流改善，对银行行业零售和对公业务均有帮助。平安银行作为行业零售银行标杆，将充分受益于经济复苏及消费端回暖，并带来业绩弹性。综上而言，我们维持“买进”的投资建议。",0.054870784
2021-02-01,1,平安银行,打造全球领先的智能化零售银行,推荐逻辑：1.平安银行是平安集团金融生态圈中唯一一家全国性股份制商业银行，依托集团的客户基础、品牌影响力、广泛的分销渠道、科技实力和综合服务的能力，乘风破浪，实现综合实力快速提升，2020年Q3总资产规模超过4.3万亿，同比增长17.2%，存贷款规模稳步扩大，近年来贷款规模增速维持在15%以上。2.在零售化浪潮中，公司凭借天然优势迅速扩张，零售业务收入利润贡献占比提升至50%以上，在“零售突破”战略指引下，零售业务有望稳健增长，巩固收入端优势，优化负债端结构。3.资产质量持续改善，2020Q3总体及分业务不良率均有所下降，经济基本面转好后拨备计提压力降低有利于业绩的改善。,0.71392125
2021-02-02,1,平安银行,全年归母净利润增速转正，零售转型值得赞许,"事件： 公司发布 2020 年报，全年营收 1535.42 亿、 同比+11.30%，归母净利 289.28亿，同比+2.60%；Q4 营收同比+5.65%，归母净利同比+42.76%、环比-25.11%。
全年净息差同比-9bp 至 2.53%",0.6862216
2021-02-02,1,平安银行,2020年年报点评：四季度利润强劲反弹43%，不良率降至近六年新低,"事件：平安银行 2020 年归属于本行股东净利润增速+2.6%，第四季度单季盈利增速+42.8%； 2020 年末不良率 1.18%，环比继续降低 14BP，拨备覆盖率保持 201.40%；累计净息差环比下行 3BP 至 2.53%，单季度净息差环比下行 4BP 至 2.44%。
盈利预测与投资建议： 2 月金股重点推荐平安银行，利润强劲反弹+不良全面夯实。平安银行第四季度净利润大幅增长 43%，全年盈利增速转正，同时不良率环比降低14BP 至 1.18%，达到 2015Q1 以来最佳水平。作为核心零售银行，我们继续重点推荐平安银行：①行业层面，优质银行股已经完全走出 2020 年经营困境，看好银行股继续上涨；公司层面，平安银行当前估值仍然相对较低，预计 2021 年盈利高弹性增长。我们预计平安银行 2021、2022 年净利润增速+17.2%、+14.6%（上调），当前估值 1.45x2021PB、14.4x2021PE，维持“买入”评级。",0.052732825
2021-02-02,1,平安银行,轻装上阵，优化内核,"平安银行2020年主营业务收入增速预计仍保持同业前列，手续费收入表现亮眼。公司做实核心指标，存款表现向好，夯实表内外资产质量基础。公司与集团综合金融平台形成的协同效应值得期待。维持买入评级。
支撑评级的要点",0.765414
2021-02-02,1,平安银行,零售对公业务亮点纷呈，资产质量持续改善,"事件：2月1日，平安银行公布2020年年报。
点评：",1.158649
2021-02-03,1,平安银行,年报点评报告：资产质量持续改善 零售端持续发力,"事件:
2021年2月2日，平安银行发布2020年年度业绩。",1.0776597
2021-02-03,1,平安银行,平安银行年报点评：表外理财回表，2021年轻装上阵,"事件： 平安银行发布年报， 2020 年实现营收 1535.42 亿元，同比增长 11.3%，归母净利润 289.28 亿元，同比增长 2.6%。截至 2020 年末，不良贷款率 1.18%，较 2019 年末下降 0.47 个百分点。
点评：",0.9552456
2021-04-21,1,平安银行,业绩超预期、出清历史包袱资产质量更优,"事件： 公司发布 Q121 财报， 营收 417.88 亿、 同比+10.18%， 归母净利润 101.32 亿，同比+18.53%； PPOP 同比+10.03%，加权平均 ROE 同比+78bp 至 12.28%。
净息差同比-1bp 至 2.87%",0.50878596
2021-04-21,1,平安银行,净利润双位数增长，资产质量持续改善,"事件：4月20日，平安银行公布2021年一季报。
点评：",1.1071775
2021-04-21,1,平安银行,平安银行一季报点评：业绩高速增长，资产质量指标全面改善,"事件：平安银行发布一季报，一季度实现营业收入417.88亿元，同比增长10.2%；实现归母净利润101.11亿元，同比增长18.5%。截至一季度末，不良贷款率1.10%，较上年末下降0.08个百分点，拨备覆盖率为245.16%，较上年末上升43.76个百分点。
点评：",0.081484675
2021-04-21,1,平安银行,由资产质量引发的超预期高增长！,事件：平安银行2021年一季度营业收入417.88亿元，同比增长10.2%；净利润101.32亿元，同比增长18.5%，对应EPS为0.42元/股。期末总资产4.57万亿，较期初增长2.3%；归属于本行普通股股东净资产3026.73亿元，较期初增长2.9%，对应BVPS为15.60元/股。平安银行一季度业绩高速增长，显著超出市场预期，也高于我们此前的预期。,0.03694582
2021-04-22,1,平安银行,2021年一季报：业绩表现优秀，资产质量进一步夯实,"事件描述：公司发布2021年一季报，Q1公司实现营业收入417.9亿元，同比+10.2%；实现净利润101.3亿元，同比+18.5%；年化加权平均净资产收益率12.28%，同比+0.78个百分点。
在高基数上实现稳健增长，盈利能力提升。21年Q1末，公司资产与发放贷款和垫款总额分别环比去年末+2.3%、+4.2%，负债与吸收存款环比分别+2.3%、+2.5%，资产负债稳健扩张。21Q1利息净收入、非息收入分别实现297.7亿元、120.2亿元，同比分别+8.6%、14.5%，非息收入占比同比提升1.1个百分点至28.8%，非息收入占比提升主要受益于财富管理业务、信用卡业务等手续费收入增长。Q1成本收入比为28.12%，同比提升0.18个百分点。公司净利润增速创2015年以来同期最高水平，盈利能力提升明显，表现优秀。",0.03334874
2021-04-22,1,平安银行,2021年一季报点评：盈利实现高增，资产质量改善明显,"业绩增长与资产质量改善明显。2021年1-3月，平安银行实现营业收入417.8亿元，同比增长10.2%；归母净利润101.3亿元，同比增长18.5%；PPOP为296.2亿元，同比增长10.0%。不良率为1.10%，较2020年报-8bps，拨备覆盖率为245%，较2020年报+43pct。
私行财富AUM维持高增，零售数据亮眼。截至2021年3月末，平安银行管理零售客户资产（AUM）28,026.10亿元，较上年末增长6.8%；零售客户数1.1亿户，较上年末增长12%；平安口袋银行APP注册用户数1.1亿户，较上年末增长4.2%，其中，月活跃用户数（MAU）3,796万户，同比大幅增长22%。2021年一季度，平安银行深入推动基础零售“做实”，通过升级组织架构及业务模式，在获客、经营、平台建设、客户服务等方面取得了新的阶段性成果。",0.015272677
2021-04-23,1,平安银行,多面开花，业绩卓然,"平安银行1季度业绩表现超市场预期，公司财富管理持续发力，做实核心指标，存款成本管控成效显现，夯实表内外资产质量基础。公司与集团综合金融平台形成的协同效应在多项业务逐步显现。维持买入评级。
支撑评级的要点",0.056859493
2021-04-27,1,平安银行,点评报告：零售业务增长强劲，资产质量仍在改善,"报告关键要素:
2021年4月21日，平安银行公布2021年一季度业绩。",1.1456696
2021-08-19,1,平安银行,此玉已烧三日满：透视平安银行零售转型,"转型进程：零售转型已入佳境
在我们零售转型的一般理论下，银行零售转型历经四个步骤：（ 1）资产端的零售化；（2）负债端的零售化；（3）中间业务的多元化；（4）金融科技驱动下的经营良性循环。",0.17963886
2021-08-19,1,平安银行,H121归母净利润同比+28.5%,"事件：公司发布2021中报，营收846.8亿元、同比+8.1%；拨备前利润607亿元，同比+8.1%；归母净利润175.8亿元，同比+28.5%；年化加权ROE10.74%，同比+1.41pts。Q2归母净利74.5亿元，同比+45.2%、环比-26.5%。
净息差维持较高位，资产质量持续改善：H221平银净息差同比-4bp至2.83%，但相对2018-20年2.35-2.62%和招行、兴业等2.3-2.5%的水平仍处相对高位。利差收窄主要系市场利率环境影响，负债平均成本2.22%，同比降20bp，其中吸收存款平均成本2.05%，同比降30bp。不良率同比-10bp至1.08%，自2018年以来资产质量持续优化，在上市银行中表现优秀。拨备覆盖率259.53%，同比+58.13pts；资本充足率12.58%，同比-0.71pts，均处上市银行中档水平。",0.6029191
2021-08-20,1,平安银行,点评报告：财富管理业务保持较快增长,"2021年8月20日，平安银行发布2021年半年度报告。
拨备前利润同比增长8.1%，归母净利润同比增长28.5%：收入端，利息净收入同比增长6.8%，手续费净收入同比增长20.43%。拨备端，非信贷资产拨备计提力度加大。",0.03203261
2021-08-20,1,平安银行,业绩保持快增，资产质量向好,"平安银行上半年业绩增速预计为上市银行领先水平，资产质量向好、拨备计提压力减弱对业绩带来显著正向贡献。公司私行、 财富业务推进积极，财富管理和私行客户 AUM 保持高增；继续做实核心指标，存款成本优化持续。公司 2季末核心一级资本充足率为 8.49%，关注后续资本补充情况。维持买入评级。
支撑评级的要点",0.023827672
2021-08-20,1,平安银行,归母净利润增速大超预期,"主要观点：
整体：归母净利润同比增长 28.5%",0.11265659
2021-08-22,1,平安银行,2021年中报点评：资产质量达到历史最佳状态,"事件：平安银行2021年上半年营业收入846.80亿元，同比增长8.1%；净利润175.83亿元，同比增长28.5%。6月末总资产4.72万亿元，较年初增长5.7%；归母普通股股东净资产3072.49亿元，较年初增长4.4%。在一季度业绩高增长基础上，平安银行上半年净利润再超市场预期。
收入在高基数下同比增速足够优异，净利润增速超市场预期。2021H1营业收入同比增长8.1%，较一季度增速走低，但考虑2020Q2的收入基数很高（投资收益驱动），所以我们认为2021H1的收入同比增速已经足够优秀。其中，利息净收入2021H1同比增长6.8%，手续费净收入2021H1同比强劲增长20.4%。手续费收入中，2021H1财富管理收入同比增长12.1%，其中代理基金收入同比大幅增长172.6%。此外，6月末零售AUM达到2.98万亿元，较年初增长13.6%。由于2020H1大幅计提了信用减值，而实际资产质量又持续向好，所以2021H1信用减值金额同比降低2.2%，推动2021H1净利润同比增速达到28.5%，对应2021Q2单季同比增长45.2%，高于市场预期。",0.03743285
2021-08-22,1,平安银行,资产质量表现优异，私行财富发展迅猛,"事件：8月19日，平安银行公布2021年中报。
拨备计提力度减小，上半年净利润高增。1H21平安银行营收、PPOP、归母净利润同比分别增8.1%、8.1%、28.5%。盈利归因来看，净利润增长的最大贡献来自拨备，即减少拨备计提、释放利润。上半年公司共计提信用减值损失382.9亿，同比下降0.5%；其中，贷款减值损失251.2亿，同比下降22.2%；非信贷资产拨备131.6亿，同比增112.7%。",0.065261304
2021-08-23,1,平安银行,财富管理领先，拨备缓释业绩超预期,"事件描述
公司 2021 年上半年实现营业收入 846.80 亿元，同比+8.1%；归母净利润175.83 亿元，同比+28.5%； 平均年化 ROA 0.77%， 增加 0.10 个百分点；加权平均年化 ROE 10.74%， 增加 1.41 个百分点。",0.12261993
2021-09-23,1,平安银行,零售转型标杆 集团联动赋能,"我们认为公司业绩存在高增的空间。一方面随着公司深化集团联动，打造“商行+投行+投资”模式，公司客户数将维持高增，业务将保持高速扩张。另一方面，随着公司资产质量持续好转，信用减值损失计提充分，将具备释放利润的空间。
公司零售转型战略执行卓有成效。自2016年12月谢永林先生和胡跃飞先生出任董事长和行长以来，公司战略向零售转型，零售金融营业收入占全部营收比重持续提升。自向零售转型以来，除20年受疫情影响外，公司ROE和ROA基本企稳，公司营收增速和归母净利润增速呈现上升趋势。",1.0529374
2021-10-21,1,平安银行,2021年三季报点评：利润超预期，中收有潜力,"事件：平安银行2021年前三季度营业收入1271.90亿元，同比增长9.1%；净利润291.35亿元，同比增长30.1%。9月末总资产4.85万亿元，较年初增长8.6%；归属于母公司普通股股东净资产3189.14亿元，较年初增长8.4%。平安银行三季报净利润同比高增速超出市场预期。
收入在低基数下加速增长。公司前三季度收入同比增速9.1%，较上半年8.1%回升，主要源于2020Q2基数高、2020Q3基数低。收入结构中：①前三季度利息净收入同比增长5.9%，较上半年6.8%增速下行，反映净息差收窄，我们认为作为高息差银行，前三季度净息差相比上半年小幅收窄2BP至2.81%符合预期，主要源于零售贷款利率降低。②手续费净收入降速，前三季度累计同比增长11.4%，对应第三季度单季同比下滑4%。③投资收益第三季度单季强劲同比增长4.11倍（去年基数非常低）。",0.037295163
2021-10-21,1,平安银行,零售客户高增长，资产质量优化,"主要观点：
整体：归母净利润同比增长 30.1%",0.13561016
2021-10-21,1,平安银行,业绩保持高速增长，非息净收入占比稳步提升,"事件：公司前三季度营收1271.90亿元、同比+9.1%，拨备前利润893.18亿元、同比+7.2%，归母净利润291.35亿元、同比+30.1%。
前三季度净息差同比-7bp至2.81，Q3单季度净息差环比-4bp降幅收窄",0.36697
2021-10-21,1,平安银行,点评报告：财富管理业务维持高速增长,"报告关键要素:
2021年10月21日，平安银行发布2021年三季度业绩报告。",1.1257136
2021-10-22,1,平安银行,业绩持续高增长，财富科技战略积极推进,季报摘要：平安银行2021年前三季度归母净利润115.52亿，同比增长30.1%。同比规模、拨备和非息贡献业绩高增，息差下行。净利息收入同比增长5.9%，净手续费收入同比增长11.4%，全部非息同比增长17.6%，营业收入同比增长9.1%，总资产较年初增长8.6%，贷款较年初增长11.7%，存款增长10.4%。不良率1.05%%，拨备覆盖率268%，核心一级资本充足率8.56%。,0.059061766
2021-10-22,1,平安银行,2021三季报点评：利润增速创新高 资产质量强认定,2021年10月20日，公司发布三季报，归母净利润增速超预期。2021年前三季，实现营业收入1271.9亿元，同比增长9.1%；实现净利润291.35亿元，同比增长30.1%，盈利能力大幅提升。截至21Q3，公司总资产4.85万亿，较20年末增长12.72%，其中发放贷款及垫款2.9万亿元，较20年末增长11.23%，不良贷款率1.05%，拨备覆盖率268.35%。公司总负债4.46万亿，较20年末增长8.77%，其中吸收存款2.95万亿，较20年末增长9.49%。,0.064042985
2021-10-22,1,平安银行,盈利高增可持续，私行财富发展迅猛,"事件：10月20日，平安银行公布2021年三季报。公司前三季度实现营收/拨备前利润/净利润1271.9/905.5/291.4亿元，分别同比增长9.1%/8.8%/30.1%。年化ROE为11.87%，同比上升1.7个百分点。
业绩点评：",0.043343186
2022-01-13,1,平安银行,业绩快报：2021归母净利润同比+25.6%,"事件： 公司披露业绩快报， 2021 年营收 1693.83 亿元、 同比+10.3%， 归母净利润363.36 亿元、 同比+25.6%， 归母净利润相当于我们此前预测的 102.7%， 基本符合预期。 加权平均 ROE 10.85%、 同比+1.27pct。
业绩归因： 根据公司公告，业绩增长主要是因为： 1）资产扩张速度快于负债： 2021年末发放贷款及垫款 3.06 万亿元、 同比增长 14.9%， 吸收存款 2.96 万亿元、 同比+10.8%； 2）资产质量改善：不良贷款率 1.02%、同比-0.16pct，拨备覆盖率288.42%、同比大幅上升 87.02pct。",0.45430362
2022-01-18,1,平安银行,2021年业绩快报点评：营收上行，拨备大增,"事件：1 月 14 日，平安银行发布 2021 年业绩快报，营收 1693.83 亿元，YoY+10.32%(-1 pct)；归母净利润 363.36 亿元，YoY+25.6%(+23pct)；ROE为 10.85%(+127BP)；不良率 1.02%(-16BP)，拨备覆盖率 288.4%(+87.02 pct)。
2021 年平安银行营收环比提升 1.2pct，归母净利润同比增长 25.6%，拉动ROE 回升。 四季度归母净利润增速环比下修，主要受 20Q4 高基数影响。 拨备计提大幅增加也助推利润低基数，为后续利润释放预留空间。",0.4737103
2022-03-10,1,平安银行,2021年报点评：业绩增速稳中有升，资产质量持续改善,2021年业绩符合预期，增速稳中有升。2021全年营收1694 亿元，同比增长10.3%，增速较前三季度回升1.2个百分点，主要是其他非息收入贡献;全年PPOP同比增长11.6%，增速较前三季度回升2.9个百分点；全年归母净利润363 亿元，同比增长25.6%，增速较前三季度降低4.5 个百分点，主要是基数原因导致，剔除基数因来看，全年归母净利润两年平均增长13.5%，较前三季度回升2.4个百分点。2021年加权ROE10.9%，同比回升1.3个百分点。资产规模稳健扩张。2021 年总资产同比增长10.1%至4.92 万亿元，增速比前期略有下降；不过公司零售AUM仍然维持两位数增长，年末零售AUM达到3.18万亿元，同比增长21.3%。此外，存款同比增长10.9%至2.99万亿元，贷款同比增长14.9%至2.98万亿元；年末核心一级资本充足率8.60%，较三季末基本持平。,0.064143
2022-03-10,1,平安银行,业绩保持稳健高增，资产质量持续改善,"事件：3月9日，平安银行公布2021年年报。公司全年实现营收/拨备前利润/净利润1693.8/1198.0/363.4亿元，分别同比增长10.3%/11.6%/25.6%。ROE为10.85%，同比上升1.27个百分点。点评如下：
在规模、非息、拨备驱动下，净利润实现较高增速。2021年营收同比增10.3%；净利润同比增25.6%。盈利贡献拆分看：收入端，量增价收之下，净利息收入维持平稳增长（同比+6.1%）；非息收入增速更快（同比+22.4%），主要受益于财富管理手续费快速增长，以及债券投资收益、公允价值收益增长。支出端，成本收入比28.3%，同比下降0.81pct，经营质效提升。在不良出清、拨备充足的背景下，2021年拨备计提力度较为温和（信用减值损失同比增长4.8%）。整体来看，规模增长、非息收入、以及拨备对利润的正向贡献较大，推动净利润高增。",0.02388966
2022-03-10,1,平安银行,归母净利润同比+25.6%，拨备覆盖率大幅增长,"事件：公司发布年报，2021年营收1693.83亿元、同比+10.3%；归母净利润363.36亿元、同比+25.6%，归母净利润相当于我们此前预测值的99.3%。拨备前利润1196.96亿元、同比+11.7%。加权平均ROE10.85%、同比+1.27pct。Q421归母净利润72.01亿元、同比+10.3%、环比-37.7%。
资产规模稳健增长，资产质量持续改善：发放贷款3.06万亿元、同比+14.9%，吸收存款2.96万亿元、同比+10.8%，净息差2.79%、同比-9BP，信贷规模扩张快于息差下降，带动利息净收入1203.36亿元、同比+6.1%。不良贷款率1.02%、同比-0.16pct，拨备覆盖率288.42%、同比+87.02pct。全年累计核销贷款404.18亿元、同比-31.9%，收回不良贷款327.71亿元、同比+25.7%。公司房地产相关贷款质量良好值得重点关注，年末房地产贷款余额2889.23亿元、同比+6.2%、占贷款总额的9.4%；房地产贷款不良率0.22%、远低于企业贷款不良率0.71%。",0.051406384
2022-03-10,1,平安银行,营收增速环比提升，资产质量持续改善,"事件描述
公司2021年实现营业收入1693.83亿元，同比增长10.3%；净利润363.36亿元，同比增长25.6%；平均ROA0.77%，增加0.08个百分点；加权平均ROE10.85%，增加1.27个百分点。",0.04780072
2022-03-11,1,平安银行,业绩持续高增，战略推进积极,平安银行2022年净利润363.36亿，同比增长25.6%。规模、拨备和其他非息贡献业绩高增，息差下行。净利息收入同比增长6.1%，净手续费收入同比增长11.5%，其他非息同比增长53.5%，营业收入同比增长10.3%，总资产较年初增长10.1%，贷款较年初增长14.9%，存款增长11.9%。不良率1.02%，拨备覆盖率288%，核心一级资本充足率8.60%。,0.056655884
2022-03-11,1,平安银行,点评报告：盈利增速维持高位,"报告关键要素:
2022年3月10日，平安银行发布2021年年度业绩报告。",1.0879505
2022-03-11,1,平安银行,2021年年报详解：财富管理突破，资产质量向好,"事件：3月10日，平安银行发布2021年年报，营收1693.83亿元，YoY+10.3%；归母净利润363.36亿元，YoY+25.6%；净息差2.79%(-9BP)；不良率1.02%(-16BP)，拨备覆盖率288.4%(+87.02pct)。
营收增速触底回升，利润保持高增。21年营收增速较21Q3环比+1.2pct，其中受益于21Q4信贷投放较好，净利息收入增速有所企稳；净手续费收入增速亦微弱好转。规模扩张和拨备反哺利润是归母净利润保持高增的主要因素。",0.029765487
2022-04-27,1,平安银行,2022年一季报点评：存款增长加快，净息差环比回升,净利润增长超出预期。2022年一季度营收462亿元，同比增长10.6%，增速较去年年报小幅回升0.3个百分点;一季度PPOP同比增长13.3%，增速较去年年报回升0.8个百分点；一季度归母净利润129亿元，同比增长26.8%，增速较去年年报回升1.2个百分点。考虑到去年年报的同比基数较低，因此去年全年归母净利润的两年平均增速为13.5%，相比之下，今年一季度的业绩增速超出我们预期。一季度加权ROE14.1%，同比回升1.8个百分点。,0.022715628
2022-04-27,1,平安银行,Q1归母净利润同比+26.8%，资产质量良好,事件：公司Q122营收462.07亿元、同比+10.6%，拨备前利润335.19亿元、同比+13.4%，归母净利润128.50亿元、同比+26.8%。年化加权平均ROE14.1%、同比+1.82pct。收入分部：利息净收入319.42亿元、同比+7.3%、占比69.1%，手续费及佣金净收入88.87亿元、同比+4.8%、占比19.2%，投资净收益45.68亿元、同比+55.7%、占比9.9%，其他收入8.10亿元、同比+33.2%、占比1.8%。,0.86158586
2022-04-27,1,平安银行,净息差环比回升，业绩保持高增,"事件：4月26日，平安银行公布2022年一季报。公司全年实现营收/拨备前利润/净利润462.1/336.6/128.5亿元，分别同比增长10.6%/13.6%/26.8%。加权平均ROE为14.1%，同比上升1.82pct。点评如下：
在规模、非息、拨备驱动下，净利润实现较高增速。1Q22营收同比增10.6%；净利润同比增26.8%，延续回升态势。盈利贡献拆分看：收入端，量升价稳、净利息收入维持平稳增长（同比+7.3%）；非息收入同比增18.7%，主要得益于投资收益的增长。支出端，成本收入比26.2%，同比下降1.92pct，经营质效提升。在不良出清、拨备充足的背景下，一季度公司拨备计提力度较为温和（信用减值损失同比小幅增3.7%）。整体来看，规模、非息收入、以及拨备对利润的正向贡献较大，推动净利润保持高增。",0.016689599
2022-04-27,1,平安银行,2022年一季报详解：业绩立标杆，质效双提升,"事件：4月26日，平安银行发布2022年一季报，营收462.1亿元，YoY+10.6%；归母净利润128.5亿元，YoY+26.8%；不良率1.02%，拨备覆盖率289%。
慷慨放业绩，展现竞争力。平安银行22Q1营收YoY+10.6%，环比提升0.3pct，归母净利润YoY+26.8%，环比提升1.2cpt，该利润增速水平，不光领先股份行，甚至跟比起营收增速在20%附近的城农商行，也不逊色。其中，拨备反哺因素贡献了12.1pct。",0.10024476
2022-04-28,1,平安银行,点评报告：净利润增速维持高位,"2022年4月27日，平安银行发布2022年1季度业绩报告。
1季度归母净利润高增：2022年1季度，实现营业收入462.07亿元，归母净利润128.5亿元，同比分别增长10.6%和26.8%。不良率1.02%，持平于2021年末。成本收入比26.2%，持续优化。资产稳健增长，净息差环比小幅回升：2022年1季度，公司资产规模保持稳健扩张，总资产5.12万亿元，较上年末增长4%。贷款总额达到3.15万亿元，较上年末增长3%。全年净息差公布值为2.8%，环比上升1BP，主要得益于相对较高收益的个人贷款高增，以及占比提升。",0.027451038
2022-04-28,1,平安银行,平安银行2022年Q1业绩点评：利润增速2015年以来同期最高，资产质量继续向好,"利润增速2015年以来同期最高。22Q1营业收入同比增长10.6%，归母净利润同比增长26.8%，为2015年以来同期最高增速。ROA和ROE同比均有提升，22Q1ROE年化14.1%。核心一级资本充足率较上年末提高4bp至8.64%。
贷款量价齐升，负债成本稳定。22Q1净息差较上年末提升6bp至2.80%，主要得益于生息资产收益率环比21Q4上升5bp至4.94%。其中贷款日均余额占生息资产比例较上年末提升3.3pct至66.8%，贷款收益率环比上升14bp至6.10%，个人贷款收益率环比上升28bp至7.59%，企业贷款收益率环比上升2bp至3.92%。计息负债成本率环比持平为2.18%。存款日均余额占计息负债比例较上年末提升2pct至68.2%。其中个人存款日均余额较上年末增长13.8%，代发业务对存款的带动作用持续增强。企业存款日均余额较上年末增长9.6%。对公客户数53.04万户，较上年末增加2万户，增幅为3.9%。",0.03903979
2022-04-28,1,平安银行,业绩持续高增，战略推进积极,"平安银行2022年Q1净利润128.5亿，同比增长26.8%。规模、拨备和其他非息贡献业绩高增。净利息收入、净手续费收入和其他非息同比增长7.3%、4.8%和51.9%，营业收入同比增长10.6%，总资产较年初增长4%，贷款增长3%，存款增长6.3%。不良率1.02%，拨备覆盖率289%，核心一级资本充足率8.64%。
业绩仍然高增，战略积极推进。平安银行季报业绩高增26.8%，高增长带动盈利能力改善，ROE14.1%，同比提升1.8个百分点，公司盈利快速增长主要源于拨备、规模、投资收益等贡献。季报亮点在于：净息差环比改善，存款增长较快，成本持续贡献。战略推进仍积极，客户数和客户AUM保持增长，代发贡献亦有所提升，财富业务受市场扰动，收入和app月活有所下降。核心一级资本充足率8.64%，关注后续资本补充情况。现阶段规模略缓无碍基本面，主要关注后续资产质量能否持续保持平稳和收入业务能否逐步实现内生可持续增长。",0.041240394
2022-08-18,1,平安银行,盈利实现较高增速，资产质量保持稳健,"事件：8月17日，平安银行公布2022半年报。公司全年实现营收/拨备前利润/净利润920.2、668.1、220.9亿元，分别同比增长8.7%/10.1%/25.6%。加权平均ROE为12.2%，同比上升1.46pct。点评如下：
在规模、非息、拨备驱动下，净利润实现较高增速。1H22营收同比增8.7%；净利润同比增25.6%，业绩保持较高增速。盈利贡献拆分看：收入端，以量补价、净利息收入维持平稳增长（同比+7.9%）；非息收入同比增10.4%，主要得益于投资收益的增长。支出端，成本收入比26.5%，同比下降0.9pct，经营质效提升；在资产质量平稳、拨备充足的背景下，上半年公司拨备计提力度较为温和（信用减值损失同比小幅增1.5%）。整体来看，规模、非息收入、以及拨备对利润的正向贡献较大，推动净利润保持高增。",0.027701974
2022-08-18,1,平安银行,业绩持续高增，关注估值修复机会,"平安银行中报业绩保持25.6%高速增长，带动盈利能力提升，资本平稳。目前公司2022年和2023年PB为0.66x/0.58x，估值过度反映对经济和银行的悲观预期，维持增持评级，关注行业反弹和公司估值修复机会。
业绩仍然高增，盈利能力提升。",0.020139694
2022-08-19,1,平安银行,业绩增速平稳，盈利能力回升,2022年中报业绩增速平稳，盈利能力有所回升。2022年上半年营收920亿元，同比增长8.7%，增速较一季度回落1.9个百分点，主要是受市场因素影响，代理基金等收入减少导致;上半年PPOP同比增长12.3%，增速较一季度回落1.0个百分点；上半年归母净利润221亿元，同比增长25.6%，增速较一季度降低1.3个百分点，与去年年报持平，总体变化不大，比较平稳。2022年上半年加权ROE12.2%，同比回升1.5个百分点。,0.03944975
2022-08-22,1,平安银行,2022年中报点评：利润保持高增，零售深化转型,"事件：8月17日，平安银行发布22H1报告，营收920亿元，YoY+8.7%；归母净利润221亿元，YoY+25.6%；不良率1.02%，拨备覆盖率290%。
归母净利润保持高增，净利息收入持续回暖。平安银行22H1营收同比+8.7%，环比-1.9pct，主要受中收下行拖累；归母净利润同比+25.6%，环比小幅下行1.2pct，但整体看处于较高水平。拆解营收构成，净利息收入同比增速7.9%，环比+0.6pct，支持营收增长。其他非息收入同比+50.2%，延续高增速，主要是把握外汇市场机会获取较高汇兑损益。因主动压降非标产品、市场行情波动影响代销，中收同比有所下行。",0.33338255
2022-08-23,1,平安银行,点评报告：资产质量稳定 负债结构进一步优化,"报告关键要素:
2022年8月18日，平安银行发布2022年半年度业绩报告。",1.0546067
2022-10-25,1,平安银行,1-3Q22归母净利润同比+25.8%，负债结构优化&资产质量稳健,"事件描述
1-3Q22营收1382亿元、同比+8.7%，PPOP1002亿元、同比+10.7%，归母净利润366.59亿元、同比+25.8%，加权平均ROE13.52%、同比+1.65pct。Q322营收462.43亿元、同比+8.8%、环比+0.9%，归母净利润145.71亿元、同比+26.8%、环比+57.7%。利息净收入、手续费及佣金净收入、投资净收益收入占比分别70.4%、16.2%、7.8%，同比分别+8.7%、-12.0%、+15.5%。",0.6767452
2022-10-25,1,平安银行,营收平稳增长，资产质量保持稳定,"事件：10月24日，平安银行公布2022年三季报。公司前三季度实现营收/拨备前利润/净利润1,382.7、1,004.6、366.6亿元，分别同比增长8.7%、10.9%、25.8%。年化ROE为13.5%，同比上升1.65pct。点评如下：
在规模、成本、拨备驱动下，净利润实现平稳增长。前三季度营收同比增8.7%，净利润同比增25.8%，环比1H22基本持平。盈利贡献拆分看：收入端，以量补价、净利息收入维持平稳增长（同比+8.7%，增速环比提升0.8pct）；非息收入同比增8.7%，主要贡献来自投资收益的增长，而手续费收入同比下降12%。支出端，成本收入比26.4%，同比下降1.4pct，经营质效提升；在资产质量平稳、拨备充足的背景下，拨备计提力度较为温和（信用减值损失同比小幅增0.7%）。整体来看，规模扩张、成本节约、拨备反补对利润的正向贡献较大，支撑净利润保持平稳增长。",0.024636984
2022-10-25,1,平安银行,服务实体经济能力不断增强,"平安银行盈利能力提升，服务实体经济能力不断增强。第一，公司服务实体能力不断增强。公司盈利能力提升，资本实力提升，支持制造业、普惠小微和绿色信贷均高速增长。第二，盈利贡献主要来自拨备反哺、规模和其他非息等贡献。第三，息收入和其他非息收入同比增长提速，带动营业收入增速提升。第四，资产质量平稳，拨备覆盖率平稳。
目前股价对应 2021/2022 年市净率为 0.57x/0.49x ，估值过度反映对经济和银行的悲观预期，对基本面过度悲观，维持增持评级。",0.04105568
2022-10-25,1,平安银行,规模稳健扩张，大力支持实体,"净利润增速保持稳定。2022年前三季度营收1383亿元，同比增长8.7%，增速较中报持平;前三季度归母净利润367亿元，同比增长25.8%，增速较中报基本持平。公司整体营收及净利润增长表现与中报接近，增速基本保持稳定。前三季度年化加权平均ROE13.5%，同比回升1.7个百分点。
内生性补充资本，支持实体经济。公司净利润增速明显高于营收增速，主要是公司当前核心一级资本充足率仅有8.81%，因此在资产质量稳定的情况下，通过拨备反哺利润增长，实现内生性补充资本，以更好地支持未来的信贷投放和资产增长，服务实体经济。",0.07516235
2022-10-26,1,平安银行,2022年三季报点评：信贷结构优化，切实服务实体,"事件：10月24日，平安银行发布22Q3财报，22年前三季度实现营收1382.7亿元，YoY+8.7%；归母净利润366.6亿元，YoY+25.8%；不良率1.03%，拨备覆盖率290%。
盈利能力稳健，彰显经营韧性。22年前三季度平安银行营收、拨备前利润、归母净利润同比增速分别环比持平、+0.8pct、+0.2pct，盈利能力平稳回升。拆解营收构成，利息收入方面，22年前三季度，净利息收入同比+8.7%，环比+0.8pct；Q3单季净息差微升，较Q2提升6BP至2.78%。非息收入方面，22年前三季度，其他非息收入同比+51.9%，延续高增长趋势；代理基金业务收入下降拖累中收同比-12.0%，但积极布局新业务赛道成效渐显，带来代理保险收入同比+32%。",0.056791663
2023-01-17,1,平安银行,业绩增长高位持续，持续推荐,"平安银行2022年实现归母净利润455.16亿元，同比增长25.3%；营业收入1798.95亿元，同比增长6.2%；加权平均净资产收益率为12.36%，同比上升1.51个百分点。总资产较年初增长8.1%，贷款总额增长8.7%，存款增长11.8%；不良率1.05%，拨备覆盖率为290.28%。
平安银行业绩增长持续高位，去年四季度，疫情、经济对银行业影响较大，公司亦受到影响，收入略缓，不良略升。随着疫情缓解及经济修复，房企融资和保交楼政策持续加强，公司资产质量和信贷需求或改善。相比同业公司按揭较少，贷款期限较短，重定价负面影响更小，对需求改善反映更迅速。今年非息收入亦有望持续改善，在财富线上化趋势下，公司零售财富优势亦持续强化。看好，核心组合推荐。维持对公司增持评级。经营数据来自业绩快报，或与年报有差异。",0.030464888
2023-01-17,1,平安银行,2022年业绩快报点评：负债结构优化，资产质量稳定,"平安银行披露2022年业绩快报。公司2022年实现归母净利润455.16亿元，同比增长25.3%，增速较三季报基本持平，业绩保持稳定增长。公司2022年加权平均净资产收益率12.36%，同比回升1.51个百分点。
业绩增长整体较为稳定。公司2022年实现营业总收入1798.95亿元，同比增长6.2%，增速较三季报略低2.5个百分点；2022年实现归属于上市公司股东的净利润455.16亿元，同比增长25.3%，增速较三季报略低0.5个百分点。整体来看，公司保持了较为稳定的增长。",0.06985319
2023-02-09,1,平安银行,深度报告：把握财富良机，零售新王崛起,"在当前经济转型的大背景下，平安银行顺应时代大势，发展大财富生态链。中长期的战略布局，主要表现为以下三大主线。
一是零售转型积累了客户、增厚了息差。2016年启动零售转型以来，零售端通过消金产品引领客户入行；同时高收益的零售产品矩阵，配合不断提升的零售贷款占比，则持续助力息差提升。信用卡业务通过做精产品与服务，使交易规模稳步提升，在按揭需求不稳背景下，信用卡增长韧性尤为可贵。",0.53644836
2023-02-16,1,平安银行,深度报告：把握修复主线，静候春暖花开,背靠综合金融集团， 经营质效稳步提升。 中国平安集团为平安银行的控股股东，在客户资源、综合金融、科技等方面向平安银行精准赋能： 一是平安集团客群基础庞大，有利于平安银行挖掘优质客户资源； 二是平安银行依托集团生态圈打造综合金融优势； 三是平安银行借助集团科技优势赋能金融服务。 平安银行经营质效稳步提升， 2022年前三季度归母净利润增速居上市股份行之首， 年化加权ROE（净资产收益率）较2021年的10.85%提高至13.52%，在股份行中仅次于招商银行。,1.0683912
2023-03-09,1,平安银行,资产规模稳健增长，积极支持实体经济,2022年业绩增长保持平稳，盈利能力提升。公司此前已经披露过业绩快报，与快报相比，主要数据变化不大。其中2022全年营收1799亿元，同比增长6.2%，增速较前三季度小幅降低2.5个百分点，主要是因为四季度债市波动影响公允价值损益，其他驱动因素则表现平稳;全年归母净利润455亿元，同比增长25.3%，增速较前三季度基本持平。2022年加权ROE12.4%，同比回升1.5个百分点。,0.14737314
2023-03-09,1,平安银行,规模扩张带动2022年业绩高增长,事件：公司发布2022年年报，全年营收1798.95亿元、同比+6.2%，PPOP1285.59亿元、同比+7.4%，归母净利润455.16亿元、同比+25.26%。加权平均ROE12.36%、同比+1.51pct。利息净收入、手续费及佣金净收入、投资收益分别同比+8.1%、-8.3%、+1.1%，收入占比分别72.3%、16.8%、8.0%。,0.81808597
2023-03-09,1,平安银行,业绩持续高增，稳中求进的零售转型优等生,"事件：3ummar月8日，平安银行披露2022年年报：归母净利润同比+25.3%（前三季度+25.8%）；营业收入同比+6.2%（前三季度+8.7%）；全年年化加权ROE12.36%，同比+1.51pct。
点评：",0.6686878
2023-03-09,1,平安银行,2022年年报点评：净利润维持高增，资产负债规模稳步扩张,"事件：平安银行发布2022年年度报告，全年实现营业收入1,798.95亿元，同比增长6.2%；实现净利润455.16亿元，同比增长25.3%；加权平均净资产收益率（ROE）为12.36%，同比上升1.51个百分点。
点评：",0.026575387
2023-03-10,1,平安银行,净利润保持高增，财富管理稳健发展,"事件：3月8日，平安银行公布2022年年报（此前已披露业绩快报）。公司全年实现营收/拨备前利润/净利润1,799.0、1,287.8、455.2亿元，分别同比增长6.2%、7.5%、25.3%。年化ROE为12.36%，同比上升1.51pct。
债市波动拖累营收增速放缓，拨备反哺、净利润保持高增。2022年平安银行营收同比增6.2%，增速较前三季度下降2.5pct，主要拖累项是公允价值变动损益。由于Q4债市大幅波动，公允价值损失1975亿。净手续费收入同比-8.6%，降幅环比有所收敛。净利息收入同比+8.1%，增速环比下降0.6pct。在资产质量平稳、拨备充足的背景下，公司降低拨备计提力度，信用减值损失同比-3.4%，净利润同比增25.3%，与前三季度基本持平。从全年盈利归因来看，规模、息差、中收、其他非息、成本、拨备、税收的贡献分别为2.4%、-2.9%、-4.4%、5.5%、3.4%、21.1%、0.5%。",0.5412873
2023-03-10,1,平安银行,2022年报点评：利润延续高增，加力支持实体,"事件：3月8日，平安银行发布2022年年报。22年营收1798.95亿元，YoY+6.2%；归母净利润455.16亿元，YoY+25.3%；不良率1.05%，拨备覆盖率290%。
利润延续高增长。22年营收同比+6.2%，信用减值同比-1.8%，拨备反哺之下，22年归母净利润同比+25.3%，延续2021年以来的较高增速。拆解营收，22年净利息收入同比+8.1%，增速较前三季度-0.6pct，或部分由疫情冲击下消费信贷需求减弱所致。中收同比-8.6%，年内股、债市场波动对代销基金、理财中收带来一定冲击，但新银保业务改革下代理保险收入同比+30.9%。其他非息收入同比+22.3%，增速下行或主要因Q4债券利率上行带来一定浮亏。",0.07204914
2023-03-10,1,平安银行,业绩持续高增，资产质量边际压力略升,平安银行2022年盈利同比增长25.3%，业绩持续高增长带动盈利能力同比提升。去年，疫情、房地产、债市对银行业影响较大，公司亦受到影响，收入略缓，不良略升。我们也看到，公司四季度信贷需求的边际修复，零售优势强化和风险偏好下降。资产质量可能是市场关注重点，我们认为：第一，存量风险释放，房地产尾部风险暴露、大型对公客户债务风险，对应报表中房地产不良上升和重组类贷款增加。第二，监管口径调整带来关注占比上升，在风险分类管理办法中，贷款发生逾期就要计入关注（具体参考我们风险分类的点评），这个影响是监管要求变化，后续对中小银行风险资产分类或都有影响，但这不是实际风险的增加。第三，前期疫情影响下，零售等滞后体现的资产质量边际压力，信用卡和新一贷不良上升，90天以内逾期上升以及正常贷款迁徙增加，公司零售资产定价较高，客户风险敏感度较高。监管影响和存量暴露，不宜过度解读，亦不应悲观，但同时我们也持续关注后续新增逾期变化和拨备计提。公司战略推进和执行非常积极，客户基础特别是零售方面已经有所改善，并逐渐获取和壮大更优的合意风险定价客群，调整形成可持续的资产负债循环和盈利模式。公司在我们核心组合推荐中，看好公司表现，维持对公司增持评级。,0.047480464
2023-03-13,1,平安银行,点评报告：净利润维持高增,"报告关键要素:
2023年3月9日，平安银行发布2022年年度业绩报告。",1.0917828
2023-04-25,1,平安银行,息差收窄符合预期，财富管理稳健发展,"事件：4月24日，平安银行公布2023年一季报，1Q23实现营收、拨备前利润、净利润451.0、328.3、146.0亿，分别同比-2.4%、-2.5%、+13.6%。年化加权平均ROE为14.38%，同比上升0.28pct。点评如下：
息差收窄叠加资本市场波动，1Q23营收、净利润增速下滑。收入端：1Q23平安银行实现营收451亿，同比下降2.4%，较22年增速下滑8.6pct，主要受息差收窄、其他非息收入下滑拖累。①规模保持较快增长、净息差环比继续收窄，净利息收入增速较22年有所下滑（321.2亿，同比增0.5%、增速环比下降7.6pct）。②非息收入方面：实现手续费净收入88.8亿，同比下降0.1%；其中，财富管理手续费收入23.51亿，同比增长4.8%。其他非息收入41.05亿，同比下降23.7%，主要受债券和外汇市场波动等因素影响。支出端：信用成本降低、反哺利润，1Q23信用减值损失同比下降16.5%，净利润同比增13.6%，较22年下降11.6pct，基本符合预期。",1.2146994
2023-04-25,1,平安银行,2023年一季报点评：风险抵补能力保持较好水平,"营收同比下降，净利润增长13.6%。公司2023年一季度实现营业收入451亿元，同比下降2.4%，主要是债券和外汇市场波动等多种因素影响；2023年一季度实现归母净利润146亿元，同比增长13.6%，仍然维持了两位数增长。2023年一季度加权年化ROE14.4%，同比回升0.3个百分点。
资产规模稳健增长，资本充足率小幅回升。公司2023年一季末总资产同比增长6.6%至5.46万亿元，保持较为稳健的增长，其中贷款总额同比增长9.0%，达到3.44万亿元。公司零售AUM仍然维持较快增长，一季末零售AUM达到3.77万亿元，较年初增长5.2%，同比则增长12.3%。此外，存款同比增长10.4%至3.51万亿元，负债结构持续优化。公司2023年一季末核心一级资本充足率、一级资本充足率及资本充足率分别为8.91%、10.66%及13.26%，较年初分别上升0.27、0.26及0.25个百分点。",0.08023721
2023-04-25,1,平安银行,风险偏好持续下降，资产质量边际改善,"平安银行2023年1季度归母净利润同比增长13.6%，营收同比下降2.4%，净利息收入同比增0.5%、手续费收入同比微降0.1%、其他非息同比下降23.7%。资产质量平稳，非贷拨备放缓贡献盈利，贷款拨备平稳。拨备、规模是业绩贡献主因，息差和非息是主要压制因素。息方面，外部环境减费让利的政策导向、LPR下调、行业竞争加剧，公司持续降低零售信贷客群风险偏好，叠加存款压力，内外因作用下，净息差同比承压，环比看，息差降幅已经收窄。非息方面，市场波动叠加政策让利，非息收入承压。同时，我们看到不良生成和信用成本亦在下降，关注公司风险定价下降能否持续带来不良和信用成本中枢的下降。公司战略推进和执行非常积极，客户基础特别是零售方面已经有所改善，并逐渐获取和壮大的合意风险定价客群，调整以形成可持续的资产负债循环和盈利模式。公司23年PB估值0.56X,估值过度悲观，未来几个季度基数持续下降，业绩增速或提升。近期市场调整反映现阶段外部环境下，股份制和其他中小银行面临的资产和负债压力。当以往我们总是担心的风险发生，且已经在估值和股价中有所反映时，或不应该过于悲观。公司仍在我们核心推荐组合中，看好公司表现，维持对公司增持评级。",0.14510202
2023-04-25,1,平安银行,等待复苏，为“起跳”蓄力,"事件：4月24日，平安银行披露2023年一季报：2023Q1归母净利润同比+13.6%（2022年同比+25.3%）；营业收入同比-2.4%（2022年同比+6.2%%）；年化加权ROE14.38%，同比+28bp；年化ROA1.08%，同比+6bp。
点评：",0.40758926
2023-04-29,1,平安银行,点评报告：财富管理业务稳步推进,"报告关键要素:
平安银行发布2023年一季度业绩报告。",1.0132625
2023-08-24,1,平安银行,2023年中报点评：盈利能力回升，资产质量向好,"事件：8月23日，平安银行发布23年中报。23H1累计营收886.1亿元，YoY-3.7%；归母净利润253.9亿元，YoY+14.9%；不良率1.03%，拨备覆盖率292%。
归母净利润增速边际回升。23H1累计营收同比增速较23Q1下降1.3pct，营收拆分来看，新银保提振中收，23H1中收增速回正，同比+1.9%；行业性息差收窄压力以及外汇市场波动影响下，23H1净利息收入、其他非息收入分别同比-2.2%、-19.3%。但受益于资产质量边际好转，信用成本得以节约，23H1信用减值损失同比-16.9%，拉动23H1归母净利润同比增速较23Q1提升1.3pct。",0.061801612
2023-08-24,1,平安银行,手续费增长改善，资本压力缓解,平安银行中报盈利同比增长14.9%，盈利能力提升，资本压力缓解。盈利持续较快增长，带动盈利能力不断提升，ROE12.65%，同比提升0.45个百分点，核心一级资本充足率8.95%，同比提升42bp。盈利增长压力主要来自收入端，贡献仍主要来自拨备。上半年营收同比下降3.7%，2季度单季同比下降5%，收入压力主要息差带来息收入承压，信贷需求偏弱、主动风险偏好下降叠加存款定期化的压力。2季度手续费表现积极同比增长4.5%，代理和结算均表现积极。偏弱的外部环境下，资产质量仍较为平稳。我们看到行业整体经营承压，公司经营仍积极，关注公司战略变化，对公和零售转型的推进。目前公司估值2023EPB0.53x，看好。维持对公司增持评级。,0.0602327
2023-08-24,1,平安银行,拨备释放驱动H123归母净利润+14.9%,事件：公司发布中报，H123营收886.1亿、同比-3.7%，PPOP624.94亿、同比-3.5%，归母净利润253.87亿、同比+14.9%。加权平均ROE12.65%、同比+0.45pct。成本收入比26.45%、同比-1BP，年化信用成本1.65%、同比-28BP。Q223营收435.12亿、同比-5.0%，归母净利润107.85亿、同比+16.7%。,0.12549955
2023-08-24,1,平安银行,息差高位收窄，私行业务发展亮眼,"事件：8月23日，平安银行公布2023年半年报，1H23实现营收、拨备前利润、净利润886.1亿、643亿、253.9亿，分别同比-3.7%、-3.8%、+14.9%。年化加权平均ROE为12.65%，同比上升0.94pct。点评如下：
营收增速下滑符合预期，净利润维持平稳增长。收入端：受息差、非息收入拖累，营收同比下滑。1H23平安银行实现营收886.1亿，同比-3.7%，增速较1Q23下滑1.3pct。①净利息收入方面：由于Q2规模增速放缓、净息差环比进一步收窄、量难补价，上半年净利息收入同比-2.2%。2Q23单季净利息收入同比-5%（较1Q23下滑5.5pct）。②非息收入方面：中收缓慢恢复，其他非息下滑。由于资本市场表现较弱，Q2中收恢复较慢。上半年实现手续费净收入163.7亿，同比+1.9%；2Q23单季同比+4.5%，主要由于去年基数较低。其中，得益于保险代销增长，代理及委托手续费收入实现较高增速，同比增15.6%。其他非息收入同比-19.3%，主要是投资收益、公允价值变动损益、汇兑损益下降。支出端：信用成本降低，反哺利润平稳增长。拨备前利润同比-3.8%;信用减值损失同比-16.7%，净利润同比增14.9%，较1Q23提高1.3pct，基本符合预期。",1.0103898
2023-08-24,1,平安银行,2023年中报点评：息差有所回落，资产质量平稳,"营收增速回落，净利润增速稳定。2023上半年实现营业收入886亿元，同比下降3.7%，增速较一季报略有降低；上半年实现归母净利润254亿元，同比增长14.9%，较一季报小幅回升1.3个百分点。上半年年化加权平均ROE12.7%，同比提高0.5个百分点。
资产规模及零售AUM保持稳定增长。2023年二季末总资产同比增长7.7%至5.50万亿元，略低于11%的行业平均水平，与股份行总体增速接近。其中存款同比增长4.5%至3.43万亿元，贷款同比增长6.6%至3.44万亿元；二季末核心一级资本充足率8.95%。公司零售AUM仍然维持较快增长，一季末零售AUM达到3.86万亿元，较年初增长7.7%，同比则增长11.3%，同比增速较一季末基本保持稳定。",0.28593427
2023-08-29,1,平安银行,点评报告：银保业务快速推进,"报告关键要素:
平安银行发布2023年中期业绩报告。",1.0361124
2023-09-07,1,平安银行,平安银行2023年半年报点评：利润增长提速，资产质量全面改善,"投资要点：平安银行23H1归母净利润同比增14.9%，较23Q1提速；营收23H1同比减少3.7%。公司压降存款利率，银保业务带动代理保险收入翻倍增长，贷款质量全面改善，我们维持公司“优于大市”评级。
利润增长提速。平安银行23Q2单季度归母净利润较22Q2同比增长16.7%，较23Q1利润同比增速（13.6%）提高3.1pct。公司年化平均总资产收益率达到0.94%，较22年同期增长6bps，核心一级资本充足率同比提升0.42pct至8.95%，实现资本内生增长。",0.019834638
2023-10-25,1,平安银行,2023年三季报点评：私行业务亮眼，中收稳步修复,"事件：10月24日，平安银行发布23年三季报。23Q1-3累计实现营收1276亿元，YoY-7.7%；归母净利润396亿元，YoY+8.1%；不良率1.04%，拨备覆盖率283%。
中收表现回暖，利息收入拖累营收。23Q1-3累计营收、归母净利润同比增速均边际下滑，较23H1分别-4.0pct、-6.8pct。拆解营收，23Q1-3净利息收入同比-6.2%，增速较23H1下行3.9pct，规模增速放缓、息差收窄均有拖累。非息收入方面，中收表现回暖，23Q1-3中收同比+2.5%，增速较23H1回升0.5pct。其他非息收入同比-28.0%，降幅较23H1扩大8.7pct，主要受公允价值变动损益、汇兑损益影响。",1.0512146
2023-10-26,1,平安银行,点评报告：信贷结构持续调整，零售中间业务保持高增,"归母净利润同比增长8.1%：2023年前三季度，营收同比下降7.7%，增速较上半年下滑4个百分点，主要受业务结构调整使得净息差进一步收窄以及公允价值变动等因素影响。归母净利润同比增长8.1%，增速较上半年下滑6.8个百分点。
私行业务和银保业务保持快速增长：2023年9月末，管理零售客户资产（AUM）39988.48亿元，较上年末增长11.5%，其中私行达标客户AUM余额19003.16亿元，较上年末增长17.2%；财富客户136.93万户，较上年末增长8.2%，其中私行达标客户8.93万户，较上年末增长10.9%。2023年1-9月，实现财富管理手续费收入56.36亿元，同比增长10.4%。另外，公司2021年以来即启动新银保战略改革，与平安寿险等平安集团内专业公司深度合作。2023年银保业务在队伍建设、客户服务、产品体系等方面持续升级，产能保持较快增长，截至2023年9月末，新队伍在职人数超2500人；1-9月代理个人保险收入28.55亿元，同比增长98.3%，逐步成为大财富管理战略落地的重要增长引擎。",0.15197831
2023-10-26,1,平安银行,盈利增速放缓，业务转型持续,平安银行3季报盈利同比增长8.1%，增速放缓，营收同比下降7.7%，降幅扩大。营收压力与行业整体趋势一致，主要来自息收入和其他非息负增，量、价和市场波动共振。外部宏观环境下，行业整体零售资产质量压力上升，公司作为全国经营股份行，亦受外部环境影响。公司去年开始持续调整结构，战略转型，积极应对外部环境变化，降低零售业务风险偏好和增加对公投放占比。公司目前资产质量整体基本平稳，对公零售战略积极推进，收入、盈利和资产质量指标无需过度悲观解读。目前公司2023年PB0.50X，现阶段估值相对处于低位，维持增持评级。,1.2016022
2023-10-26,1,平安银行,资产质量平稳，私行业务表现亮眼,"事件：10月24日，平安银行公布2023年三季报，前三季度实现营收、拨备前利润、净利润1,276.3亿、924.6亿、396.4亿，分别同比-7.7%、-8%、+8.1%。年化加权平均ROE为13.15%，同比下降0.37pct。点评如下：
营收增速下滑符合预期，净利润保持正增长。",0.20805085
2024-03-15,1,平安银行,点评报告：分红率提升,"归母净利润同比增长2.1%：2023年，营收同比下降8.4%，增速较三季度下滑0.7个百分点，主要受业务结构调整使得净息差进一步收窄以及汇兑收益变动等因素影响。归母净利润同比增长2.1%，增速较三季度下滑6个百分点。
零售客户资产和数量保持快速增长：2023年末，管理零售客户资产（AUM）40,311.77亿元，较上年末增长12.4%，其中私行达标客户AUM余额19,155.15亿元，较上年末增长18.2%；财富客户137.75万户，较上年末增长8.9%，其中私行达标客户9.02万户，较上年末增长12%。2023年，实现财富管理手续费收入65.84亿元，同比增长2.1%。",0.72589517
2024-03-15,1,平安银行,2023年报点评：调降信用风险偏好，经营更稳健,"营收和净利润增速保持平稳。2023年全年营收1647亿元（YoY,-8.4%），归母净利润465亿元（YoY,+2.1%），全年加权平均ROE为11.38%。
资负端利率均承压，净息差收窄，公司存款成本管控成效逐步显现。2023年全年净利息收入同比下降了9.3%，受规模扩张放缓和净息差收窄拖累。其中，2023年全年净息差2.38%，同比收窄37bps，四季度单季度净息差2.11%，环比三季度收窄19bps。资产端，全年贷款利率同比下降47bps至5.43%，其中，对公贷款利率受益于外币市场利率上行同比提升至10bps，但由于居民信贷需求疲软以及公司降低风险偏好等因素，个人贷款收益率同比大幅下降了80bps。负债端，全年存款成本率同比上行11bps至2.20%，一方面是外币存款利率上行，另一方面是国内存款定期化趋势明显。公司不断加强存款成本管控，优化存款结构，4季度单季存款成本环比实现小幅下降1bp。受市场波动影响，非息收入有所承压。全年实现非利息净收入467亿元，同比下降6.1%。其中，手续费及佣金净收入同比下降了2.6%，主要是信用卡业务和理财业务手续费收入下降拖累。其他非利息收入同比下降了11.7%，主要是市场波动使得外汇业务带来的汇兑损益同比下降了39亿元。",0.50934154
2024-03-15,1,平安银行,2023年年报点评：积极调整信贷结构，财富业务基础夯实,"事件：3月14日，平安银行发布2023年年报。23年累计实现营收1647亿元，YoY-8.4%；归母净利润465亿元，YoY+2.1%；不良率1.06%，拨备覆盖率278%。
业绩增速的压力，或部分源于信贷结构的调整。2023年平安银行营收、归母净利润增速相较前三季度，分别-0.8pct、-6.1pct。23年营收分项来看，净利息收入同比-9.3%，降幅较前三季度扩大3.2pct，息差压力或部分源于零售信贷结构的调整；中收同比-2.6%，居民风险偏好仍处于低位，使得代销理财、基金收入承压，另外代理保险费率下行也给中收带来负面影响；其他非息收入同比-11.7%，降幅较前三季度收窄16.4pct。",1.1025733
2024-03-18,1,平安银行,2023年年报点评：分红比例超预期，主动降低信用风险偏好,"事件：3月14日，平安银行公布2023年年报，全年实现营收、拨备前利润、净利润1,647亿、1170.2亿、464.6亿，分别同比-8.4%、-9.1%、+2.1%。年化加权平均ROE为11.38%，同比下降0.98pct。点评如下：
年报亮点",0.8186505
2024-04-20,1,平安银行,2024年一季报点评：主动调整结构，扩张节奏放缓,"事件：4月19日，平安银行发布24Q1财报。24Q1实现营收387.7亿元，YoY-14.0%；归母净利润149.3亿元，YoY+2.3%；不良率1.07%，拨备覆盖率262%
息差收窄和中收承压拖累营收表现。24Q1平安银行营收同比-14.0%，降幅较23年末扩大5.6pct；归母净利润同比+2.3%，增速较23年年末回升0.2pct拨备少提支撑归母净利润增速小幅提升，24Q1信用减值损失同比-35.0%。营收分解来看，24Q1其他非息收入同比+56.7%，为营收主要正向贡献；而息差下降、总资产增速放缓共同影响下，24Q1净利息收入同比-21.7%；中收持续承压，24Q1中收同比-19.1%。",1.0613699
2024-04-21,1,平安银行,2024年一季报点评：息差拖累营收，加大不良处置,"净息差下降拖累营收增速。公司2024年一季度实现营业收入388亿元，同比下降14.0%，降幅较前上年年报扩大5.6个百分点；一季度实现归母净利润149亿元，同比增长2.3%，增速较上年年报基本持平。从业绩归因来看，主要是净息差下降拖累营收增速，资产减值损失同比少提支撑净利润。
资产规模稳健增长。2024年一季度末总资产同比增长5.0%至5.73万亿元，较上年末增长2.5%，资产增速保持稳定。其中贷款总额3.48万亿元，较上年末增长2.2%，存款余额3.45万亿元，较上年末增长1.3%。公司一季度末核心一级资本充足率9.59%，较年初上升0.37个百分点。",0.21526933
2024-04-22,1,平安银行,2024年一季报点评：其他非息表现亮眼，拨备反哺利润正增,"事件：4月19日，平安银行公布2024年一季报，1Q24实现营收、拨备前利润、净利润387.7亿、279.5亿、149.3亿，分别同比-14%、-14.9%、+2.3%。年化加权平均ROE为13.36%，同比下降1.02pct。点评如下：
营收预期内承压，拨备反哺利润正增。",0.0618304
2024-08-16,1,平安银行,2024年半年报点评：持续调整结构，宣布中期分红,"事件：8月15日，平安银行发布24H1财报。24H1实现营收771.3亿元，YoY-13.0%；归母净利润258.8亿元，YoY+1.9%；不良率1.07%，拨备覆盖率264%
营收降幅边际收敛，归母净利润小幅正增。24H1平安银行营收、归母净利润同比增速较24Q1分别+1.1pct、-0.3pct。拆分来看，1）资产结构调整背景下，贷款量价仍同时承压，24H1净利息收入同比-21.6%；2）24H1中收同比-20.6%，银保渠道报行合一、权益类基金销量下滑等影响下，财富管理业务收入仍存压力；3）债市行情推动之下，投资收益和公允价值变动收益增速较高，推动其他非息收入同比+56.7%，为营收带来较大的正向贡献；4）转型背景下，信用成本明显节约，24H1信用减值损失同比-28.4%，支撑归母净利润保持正增长。",0.8307687
2024-08-16,1,平安银行,2024年中报点评：非息收入增长亮眼,"营收增速略有回升，净利润维持正增长。2024上半年实现营业收入771亿元，同比下降13.0%，增速较一季报略微回升1.0个百分点；上半年实现归母净利润259亿元，同比增长1.9%，保持正增长。上半年年化加权平均ROE11.9%，同比下降0.8个百分点。
资产规模及零售AUM保持稳定增长。2024年二季末总资产同比增长4.6%至5.75万亿元，略低于7.3%的行业整体增速，略高于股份行3.7%的总体增速。其中存款同比增长5.8%至3.62万亿元，贷款同比下降0.7%至3.41万亿元，今年上半年对公贷款投放较好，较年初增长16.2%，零售贷款规模则有所压降。二季度末核心一级资本充足率9.33%。表外方面，公司零售AUM仍然维持稳定增长，二季末零售AUM达到4.12万亿元，较年初增长2.2%，同比增长6.7%。",0.04150814
2024-08-19,1,平安银行,点评报告：调整业务结构 公布中期分红,"中期分红，分红率为18.4%：公司积极响应新“国九条”提高分红频率要求，公司在业绩报告中宣布中期分红方案，每10股派发现金2.46元，按照当期归母净利润计算的分红率为18.4%，按照8月15日收盘价测算的非年化股息率为2.45%。
总资产同比增速4.61%，金融投资同比增速14.08%：截至2024年6月末，平安银行总资产同比增速4.61%，其中，贷款同比增速-0.64%，金融投资同比增速14.08%。从贷款结构看，企业贷款占比达到46.6%，较年初上升4.6个百分点。核心一级资本充足率9.33%，较年初上行11BP。",0.21112376
2024-08-19,1,平安银行,2024年半年报点评：净利润保持正增长，中期分红方案落地,"事件：8月15日，平安银行公布2024年半年报，24H1实现营收、拨备前利润、净利润771.3亿、552.4亿、258.8亿，分别同比-13%、-14.1%、+1.9%。年化加权平均ROE为11.88%，同比下降0.77pct。点评如下：
营收预期内承压、拨备反哺利润正增，中期分红比例18.4%。",0.068983555
2024-10-19,1,平安银行,2024年三季报点评：息差降幅收窄，利润维持正增,"事件：10月18日，平安银行发布24Q3财报。24Q1-3实现营收1115.8亿元YoY-12.6%；归母净利润397.3亿元，YoY+0.2%；不良率1.06%，拨备覆盖率251%。
营收降幅边际收敛，归母净利润小幅正增。24Q1-3平安银行营收、归母净利润同比增速较24H1分别+0.4pct、-1.7pct。具体来看，其他非息收入仍为营收的主要支撑项，24Q1-3其他非息收入同比+52.6%；同时，营收和中收的拖累有所减缓，24Q1-3净利息收入同比-20.6%、中收同比-18.5%，降幅较24H1分别收窄1.0pct、收窄2.2pct。另外，在业务转型背景下，信用成本也有明显节约，24Q1-3信用减值损失同比-26.1%，支撑归母净利润维持正增长。",0.030566812
2024-10-20,1,平安银行,2024年三季报点评：持续优化贷款业务结构,"营业收入同比下降，净利润保持增长。公司2024年前三季度实现营业收入1116亿元，同比下降12.6%，降幅较上半年略微收窄0.4个百分点；前三季度实现归母净利润397亿元，同比增长0.2%，保持正增长。前三季度年化加权平均ROE12.7%，同比下降1.2个百分点。
主动调整贷款业务结构。2024年三季度末总资产同比增长4.2%至5.75万亿元，增速持续回落。其中存款同比增长2.5%至3.59万亿元，贷款总额同比下降1.2%至3.38万亿元。三季度末对公贷款较年初增长11.6%，零售贷款规模则有所压降，较年初下降9.6%，系公司主动调整零售贷款业务结构，促进“量、价、险”平衡发展所致。三季度末核心一级资本充足率9.33%，环比二季度末持平。表外方面，公司零售AUM仍然维持稳定增长，三季末零售AUM达到4.15万亿元，较年初增长2.9%，同比增长3.7%。",0.3089862
2024-10-22,1,平安银行,2024年三季报点评：零售业务调优结构，存款成本持续改善,"事件：10月18日，平安银行公布2024年三季报，3Q24实现营收、拨备前利润、净利润1,115.8亿、798.8亿、397.3亿，分别同比-12.6%、-13.6%、+0.2%。年化加权平均ROE为12.20%，同比下降0.95pct。
点评：",1.2177984
2025-03-16,1,平安银行,贷款结构优化，营收降幅收窄,"营收降幅收窄，拨备计提拖累净利润增长。2024实现营业收入1467亿元，同比下降10.9%，降幅较三季报收窄1.7个百分点；全年实现归母净利润445亿元，同比下降4.2%，主要是资产减值损失对净利润增长的不利影响增加。全年加权平均ROE10.1%，同比下降1.3个百分点。
贷款结构优化，零售AUM稳定增长。2024年总资产同比增长3.3%至5.77万亿元，略低于股份行4.5%的总体增速。其中存款同比增长3.9%至3.59万亿元，贷款总额同比下降1.0%至3.37万亿元，主要是信用卡、消费贷以及经营贷等零售高风险贷款规模压降。年末核心一级资本充足率9.12%。表外方面，零售AUM仍然维持稳定增长，年末末零售AUM达到4.19万亿元，较年初增长4.0%。",0.30222458
2025-03-18,1,平安银行,2024年年报点评：结构优化见效，风险处置有力,"事件：3月14日，平安银行发布2024财报。2024年实现营收1467.0亿元，YoY-10.9%；归母净利润445.1亿元，YoY-4.2%；不良率1.06%，拨备覆盖率251%。
营收降幅持续收敛，非息收入支撑发力。2024平安银行营收、归母净利润同比增速较24Q3分别+1.6pct、-4.4pct。根据营收结构细分来看，其他非息收入为营收的主要支撑项。2024其他非息收入同比+68.7%，较24Q3增速扩大16.1pct；同时，净利息收入和中收的负增维稳，2024年净利息收入同比-20.8%、中收同比-18.1%，降幅较24Q3分别扩大0.2pct、收窄0.4pct。另外，在加强资产质量管控背景下，信用成本持续改善，2024年度信用减值损失同比-17.1%。",0.1486476
2025-03-18,1,平安银行,点评报告：结构调整持续，资产质量指标变动不大,"保持高分红：2024年全年以每10股派发现金股利6.08元，分红率约为28.3%，其中，2024年中期已经每10股派发现金2.46元。按照3月14日收盘价测算的年化股息率为5.1%。
总资产同比增速3.3%，金融投资同比增速14.8%：截至2024年末，平安银行总资产同比增速3.3%，其中，贷款同比增速-0.8%，金融投资同比增速14.8%。从贷款结构看，企业贷款占比达到47.6%，较年初上升5.7个百分点。风险加权资产同比增速6.5%，快于同期总资产增速；核心一级资本充足率9.12%，较年初下降10BP。净息差1.87%，同比下降51BP。",0.86534584
2025-08-24,1,平安银行,2025年中报点评：收入利润降幅收窄，资产质量稳定,"收入利润降幅收窄。2025上半年实现营业收入694亿元，同比下降10.0%，降幅较一季报收窄3.0个百分点；上半年实现归母净利润249亿元，同比下降3.9%，降幅较一季报收窄1.7个百分点。上半年年化加权平均ROE10.7%，同比下降1.1个百分点。
资产规模及零售AUM保持增长。2025年二季末总资产同比增长2.1%至5.87万亿元，较年初增长1.8%。二季度末存款本金较年初增长4.6%至3.69万亿元，贷款总额较年初增长1.0%至3.41万亿元。其中对公贷款投放较好，较年初增长8.3%，零售贷款规模较年初下降2.3%。二季度末核心一级资本充足率9.31%，较年初略有回升。表外方面，二季度末零售AUM为4.21万亿元，较年初增长0.4%，同比增长2.2%。",0.08702731
2025-08-27,1,平安银行,2025年半年报点评：盈利降幅收窄，零售资产质量改善,"事件：8月22日，平安银行公布2025年半年报。1H25实现营收、归母净利润693.9亿、248.7亿，分别同比-10%、-3.9%（1Q25：-13.1%、-5.6%）。年化加权平均ROE为10.74%，同比下降1.14pct。6月末不良率1.05%，环比下降1bp；拨备覆盖率238.5%，环比提升2pct。
点评：",0.43568677
2025-10-26,1,平安银行,2025年三季报点评：息差环比回升，资产质量平稳,"收入利润降幅略收窄。2025年前三季度实现营业收入1007亿元，同比下降9.8%，降幅较上半年收窄0.2个百分点；前三季度实现归母净利润383亿元，同比下降3.5%，降幅较上半年收窄0.4个百分点。前三季度年化加权平均ROE11.6%，同比下降1.1个百分点。
资产规模较年初基本持平。2025年三季末总资产同比增长0.4%至5.77万亿元，较年初基本持平。三季度末存款本金较年初增长0.6%至3.55万亿元，贷款总额较年初增长1.3%至3.42万亿元。其中一般企业贷款增长较好，较年初增长10.0%，个人贷款规模较年初下降2.1%。三季度末核心一级资本充足率9.52%，较年初略有回升。表外方面，三季度末零售AUM为4.21万亿元，较年初增长0.5%。",0.10930771
2025-10-28,1,平安银行,2025年三季报点评：三季度息差阶段企稳，资产质量总体平稳,"事件：10月24日，平安银行公布2025年三季报。1-3Q25实现营收、归母净利润1006.7亿、383.4亿，分别同比-9.8%、-3.5%（1H25：-10%、-3.9%）。年化加权平均ROE为11.09%，同比下降1.11pct。9月末不良率1.05%，环比持平；拨备覆盖率229.6%，环比下降8.9pct。
点评：",0.8558461
2026-03-22,1,平安银行,2025年报点评：资产质量压力减轻,"收入利润均有所下降。2025年实现营业收入1314亿元，同比下降10.4%，降幅较前三季度扩大0.6个百分点；全年实现归母净利润426亿元，同比下降4.2%，降幅较前三季度扩大0.7个百分点。2025年加权平均ROE9.2%，同比下降0.9个百分点。
资产规模及零售AUM保持小幅增长。2025年末总资产同比增长2.7%至5.93万亿元，保持低个位数增长。2025年末存款本金较年初增长1.4%至3.58万亿元，贷款本金总额较年初增长0.5%至3.39万亿元。其中对公一般贷款投放较好，较年初增长9.2%，零售贷款较年初下降2.3%。2025年末核心一级资本充足率9.36%，较年初回升0.24个百分点。2025年分红率保持稳定，为27%。表外方面，2025年末零售AUM为4.24万亿元，较年初增长1.1%。",0.221933
2020-10-31,2,万科A,三季度结算略超预期,"事件
10月29日晚间，万科发布2020年三季度业绩，1-9月实现累计营业收入2414.9亿元，同比增长7.9%；权益净利润198.6亿元，同比增长8.9%。",0.11401451
2020-11-03,2,万科A,业绩稳健 土地储备充足 杠杆仍有下降空间,"事件描述： 公司发布 2020 年三季报， 前三季度，公司实现营业收入 2414.91亿元， 同比+7.85%；归母净利润 198.63 亿元，同比+8.89%；其中 Q3 实现营业收入 951.42 亿元，同比+12.47%；归母净利润 73.55 亿元，同比+14.94%。
事件点评：",0.59974396
2020-11-04,2,万科A,销售增速由负转正，物业公司更名彰显雄心,业绩总结：2020Q1-Q3公司实现营业收入2414.9亿元（+7.9%），其中，房地产开发业务收入为2139.1亿元（+7.4%），占总营收的88.6%；实现归母净利润198.6亿元（+8.9%），其中，公司2020Q3单季营收达951.4亿元（+12.5%），单季归母净利润达73.6亿元（+14.9%）。2020Q1-Q3房地产开发及相关资产经营业务收入的毛利率为22.9%。,0.2970913
2020-11-05,2,万科A,三季报点评：业绩稳增长，拿地转进取,业绩稳健增长，结算结构拖累毛利率阶段性下滑。公司前三季度实现营业收入2414.9亿，同比+7.9%，实现归母净利润198.6亿，同比+8.9%。受结算结构及限价政策影响，期内房地产业务结算面积1725.0万方，同比+18.6%，结算均价12400元/平，同比-17.8%，拖累销售毛利率同比下降6.1pct至29.9%。截至期末公司已售未结资源达7248.8亿元，较上年末增长19.0%，覆盖去年地产业务结算收入2.1倍，未来业绩保障系数良好。,1.1857549
2021-02-05,2,万科A,年初即发力，重回增长路线,"事件
2月4日晚间，万科公布了2021年1月销售及近期新增项目情况数据。1月份公司实现合同销售面积398.6万平方米，合同销售金额714.7亿元。1月份公司新增加开发项目17个，无新增物流地产项目。",0.5315398
2021-02-24,2,万科A,住宅开发探寻蓝海领域，物业管理打造赋能平台,"公司作为 龙头房企，开发业务践行城市深耕战略，拿地聚焦核心城市圈，未来在 TOD&城市更新领域或将有所突破； 物管业务在社区&商企&城市空间上形成三驾马车格局， 并着力打造科技服务赋能平台；多元化业务在物流、商业等领域均进入行业前列，公司正逐渐成为平台型不动产资管公司。
逐浪行业三十余载，打造时代的企业。 公司 2020Q1-3 营收同比增长 8%至 2415亿元，归母净利润同比增长 9%至 199 亿元。公司负债结构健康， 2020H1 现金短债比为 2.0，净负债率 27%，仅扣除预收后的资产负债率达 75.5%略超红线；公司融资成本稳居行业低位，信用评级位居行业第一梯队； 2020H1 公司毛利率微降至 31.8%，随着地货比的降低，未来有望企稳。",0.8329294
2021-03-09,2,万科A,公司销售稳健增长，集中供地下竞争力凸显，维持“买进”建议,"结论与建议：
公司发布2月份销售数据，实现销售面积276.2万平方米，销售金额451.6亿元，YOY分别为+59.5%和+61.1%。由于去年受到疫情影响，同比数据参考性不强，而与2019年同期相比，本月销售面积和销售金额分别增长了11.9%和4.6%，销售数据实现稳健增长。",0.032703876
2021-03-31,2,万科A,业绩符合预期，分红率恢复至35%,"事件及点评
3月30日，万科发布2020年业绩，结算平稳增长，毛率下滑。",0.75818014
2021-04-01,2,万科A,开发经营并行发展，持续挖掘管理红利,经营业绩稳健提升，财务状况健康发展 ] 。 2020 年公司实现营收 4191.1 亿元（+13.9%），实现归母净利润 415.2 亿元（+6.8%）。公司负债结构健康， 2020年现金短债比为 1.8，净负债率 18.1%，仅扣除预收后的资产负债率达 70.4%略超红线，预计明年将全部转绿。 公司融资成本稳居行业低位，信用评级位居行业第一梯队。 2020 年公司的毛利率由于结算项目结构原因， 下降 4.6pp 至22.7%， 预计未来随着项目地货比的降低，未来有望触底。,0.1935271
2021-04-02,2,万科A,23城销售业绩位列第一，净负债率连续20年低于40%,"一、市场占有率达4.03%，盈利水平略有下降
2020年，万科实现7041.5亿元合约销售额，市场占有率达4.03%。2020年，利润率与E50房企2019年的平均值基本持平，但较自身2019年水平略有下降。当高价地遇到限价因素的制约，企业利润空间被压缩。考虑到政府对“房住不炒”及“三稳”政策的坚持，我们预计，房地产行业的利润水平将逐步回归正常水平。",1.3487014
2021-04-15,2,万科A,公司2020年报告点评：开发主业提效加速，持有型业务价值静待释放,"近日万科公布2020年报，实现营业收入4191.1亿元，同比增长13.9%；实现归属于上市公司股东的净利润415.2亿元，同比增长6.8%；每股派发股息1.25元，分红比率35%，同比提高4.6pct。我们对公司点评如下：
盈利能力或仍处下滑通道，主因住宅开发拖累。2020年净利润率14.2%，连续两年下滑，税后毛利率下滑和计提存货跌价准备是拖累净利润率的两大因素。其中税后毛利率为22.8%，同比下滑4.6pct，且主要受住宅开发主业毛利率下滑影响。计提存货跌价准备19.8亿，同比提高75.2%，新增的三个计提存货跌价准备的项目全部位于环京周边。在管理红利时代公司控费能力进一步提高，期间费用率仅为6.4%，较2019年下降0.9pct。公司实现投资收益135.1亿元，同比增长171.1%，也在一定程度上缓解了盈利能力下滑压力。我们认为公司营收略低于预期，已售未结资源充沛，未来营收增速或超预期，但通过地货比判断结算毛利率或仍处于下降通道。",1.0685662
2021-04-23,2,万科A,探明毛利率底部区域,"事件
4月22日晚间，万科发布2021年一季度业绩，1-3月实现累计营业收入622.6亿元，同比+30.3%；权益净利润12.9亿元，同比+3.4%。",0.7062137
2021-08-17,2,万科A,千岩万转路未不定，大道当然再显峥嵘,"主要观点：
行业“变”中切换模式，公司“不变”彰显格局",0.22972655
2021-08-30,2,万科A,毛利率探底回升，三条红线保持绿档,"事件
8月29日，万科发布1H21业绩，公司上半年实现收入1671.1亿元，同比增长14.2%；权益净利润110.5亿元，同比下降11.7%。",0.11710185
2021-08-30,2,万科A,行业龙头难挡利润率下行，三道红线保持绿档致力行稳致远,在当前行业利润率整体下行的趋势下，即使作为行业龙头的万科也难以避免，上半年利润率继续下滑，但我们认为，随着行业逐渐回归正常轨道，未来利润率有望逐步修复，但依然无法回到过去高利润率的水平。万科以行稳致远为主基调，上半年实现销售业绩3544.3亿元，三道红线指标维持绿档标准，土地投资上优先保障土地质量，新增投资金额92%位于一二线城市，整体表现相对稳定。,0.123984754
2021-09-01,2,万科A,结算毛利率下行业绩波动，投拓与多元发展积极,"主要观点：
事件",1.0349715
2021-10-30,2,万科A,利润率承压，累计销售转负,"事件
2021年10月28日，万科发布三季报。公司2021年前三季度实现收入2715亿元，同比+12%；归母净利润167亿元，同比-16%；Q3单季度收入1044亿元，同比+9.7%；归母净利润56亿元，同比-23%。",0.6700631
2022-02-23,2,万科A,公司经营稳健，静待行业筑底，建议AH股“买进”,"结论与建议：
公司1月份实现销售面积210.6万平方米，销售金额356亿元，YOY分别为-47.2%和-50.2%。1月份单月销售均价为16904元/平方米，MOM-7%，YOY-5.7%。公司1月份销量较弱，但随着市场出现积极托底信号，公司销量有望逐渐改善。",0.22709262
2022-03-31,2,万科A,受困行业下行，业绩不及预期,"事件
2022 年 3 月 30 日，万科 A 发布 2021 年年度报告。2021 年实现营业收入4528.0 亿元，同比+8.0%；归母净利润 225.2 亿元，同比-45.7%；年度分红 112.8 亿元，分红比例 50%，每 10 股派送 9.70 元现金股息。",1.2857049
2022-04-01,2,万科A,业绩下滑 浴火重生 增长可期,"事件描述：公司发布2021年报，2021年，公司实现营业收入4528亿元，同比+8.04%；归母净利润225亿元，同比-45.75%；2021年拟派息112.77亿元（含税），占公司2021年归母净利润的50.06%，按2021年末公司总股本计算，每10股派送人民币9.70元（含税）现金股息。
事件点评：",0.88114184
2022-04-01,2,万科A,开发业务有望企稳，多元经营持续提升,"事件
公司发布2021年度报告：2021年实现营业收入4528亿元（同比+8%）；归母净利润225亿元（同比-45.7%）；基本每股收益1.94元（同比-46.4%）。分红比例创历史新高，公司拟合计派发分红112.8亿元，占归母净利润比例为50.1%。",0.51881874
2022-04-01,2,万科A,利润规模有所下滑，开发运营并行发展,归母利润下滑，财务状况健康。]2021年公司实现营收4528.0亿元（+8.0%），实现归母净利润225.2亿元（-45.8%），整体毛利率21.8%（-7.4%）。利润的下降主要开发业务毛利率下降、投资收益回落以及计提资产减值损失。面对市场波动，公司保持健康的财务状况，2021年现金短债比为1.5，净负债率29.7%，仅扣除预收后的资产负债率达68.4%，三道红线指标达“绿档”；公司有息负债2660亿，短期债务仅586亿，占比22%；存量融资的融资成本降至4.11%。,0.10636282
2022-04-05,2,万科A,开发业务加强统筹，多元业务发展较快,2021年，在房地产开发业务上，万科的销售业绩和净利润均出现了一定程度的下滑，但多元化业务发展较快。我们认为，作为房地产行业的龙头房企，万科的表现具有一定的代表性，反映出房企的普遍现状，即规模增长放缓甚至回落，地价高企和投资的不确定性增加导致利润率收窄至常规区间，以及企业在行业下行下进行资产计提减值。但我们也认为，通过战略和管理上的调整，万科在经营和利润的实现上有望止跌企稳，同时多元化业务的快速发展也为万科拓展了未来的空间。,0.41846293
2022-04-30,2,万科A,开发毛利率企稳，多元业务贡献加大,"事件
2022年4月28日，万科A发布2022年一季报。2022年一季度实现营业收入626.7亿元，同比+0.6%；归母净利润14.3亿元，同比+10.6%。",0.23337644
2022-05-10,2,万科A,地产龙头，多元先锋,"地产龙头，多元先锋。公司耕耘房地产开发行业30余年，历经多轮周期，开发实力领先，全国化布局品牌认可度高。销售规模始终位于行业前三，2021年签约销售额6278亿元，市占率为3.5%。同时，公司积极发展物业管理、物流仓储、长租公寓、商业地产等多元业务，2021年房地产开发、物业管理及其他业务收入占比分别为95%、4.4%、0.7%。
成熟晚期赛道仍宽，“快周转”走向“慢时代”。我们测算2020-2030年商品住宅需求年均12亿㎡，行业并不会急剧萎缩，房地产开发仍是一个相对宽阔的赛道，标杆房企有望维持增长。短期基本面仍未好转，政策博弈将持续进行。长期房地产金融属性淡化，向制造业靠拢，一直坚守财务底线的低杠杆房企脱颖而出。",0.7419623
2022-05-16,2,万科A,公司4月销售持续大幅下滑，有望受益于政策放宽，建议“区间操作”,"结论与建议：
公司4月份实现销售面积160.9万平方米，销售金额308.4亿元，YOY分别为-47.9%和-38%。单月销售面积和销售金额持续同比大幅衰退。",0.12184733
2022-06-21,2,万科A,公司首次覆盖报告：行业龙头稳健发展，多元业务助力盈利提升,"万科作为行业龙头，盈利水平修复可期
展望未来，行业整体进入精细化运营发展阶段。万科作为行业龙头，以其敏锐的战略投资眼光、突出的品牌影响力、丰富的操盘运营经验、稳健的风险管理策略和多元的业务布局领先行业发展。我们认为公司有动力和机会保持现有规模，叠加多元化业务持续发展，将助力公司整体盈利水平修复。我们预计万科A在2022到2024年归母净利润分别为244.4、269.0、297.5亿元，EPS分别为2.10、2.31、2.56元，对应PE估值分别为8.8、8.0、7.3倍，首次覆盖给予“买入”评级。",0.036311746
2022-06-30,2,万科A,公司信息更新报告：积极乐观，未来两三年力争实现三大目标,"公司盈利修复可期，维持“买入”评级
万科召开2021年度股东大会，对公司2021年经营情况及展望进行汇报。6月80余城发布超过100条楼市调控措施，因城施策效果逐步显现，行业环比销售数据改善，三季度预计将逐渐修复。我们认为公司作为发展了三十余年的行业龙头，具有强大的资源整合优势和抗风险能力，整体盈利水平修复可期。我们维持盈利预测不变，预计2022-2024年万科A归母净利润分别为244.4、269.0、297.5亿元，EPS分别为2.10、2.31、2.56元，当前股价对应PE估值分别为9.3、8.5、7.7倍，维持“买入”评级。",0.113487124
2022-08-31,2,万科A,公司信息更新报告：万科2022中报点评：业绩平稳释放，投资较为审慎,"业绩平稳释放，毛利率仍在下行
万科发布2022半年度报告，2022H1公司实现营业收入2069.16亿元，同比增长23.8%；实现归母净利润122.23亿元，同比增长10.6%；基本每股收益1.05元。2022H1公司销售毛利率20.46%，销售净利率8.75%，同比分别下降2.5、0.9个百分点。公司作为行业龙头具有强大的资源整合优势和抗风险能力，整体盈利水平修复可期。我们维持盈利预测不变，预计2022-2024年万科A归母净利润分别为244.4、269.0、297.5亿元，EPS分别为2.10、2.31、2.56元，当前股价对应PE估值分别为7.6、6.9、6.2倍，维持“买入”评级。",0.1176458
2022-09-01,2,万科A,结算加快，严控费用，审慎投资，多元融资,"事件
万科 A(000002)发布 2022 年中报，主要内容如下：",0.6372291
2022-09-01,2,万科A,营收净利逆势增长，经营业务高速发展,营收净利逆势增长，财务资金保持稳健。公司转型成效显著，2022H1公司实现营收2069亿元（+23.8%），实现归母净利润122亿元（+10.6%），整体毛利率20.46%（-2.48pp）。财务表现方面，公司融资渠道通畅，1-8月公司新发行信用债194亿元，3年期综合成本3.02%，存量融资的融资成本降至4.08%。截至2022H1公司持有有息负债2802亿元，其中境内负债占比76.8%，境外占比23.2%；经营性净现金流82.9亿元，货币资金1411亿元，2.3倍覆盖一年内到期的有息债务。公司现金短债比为1.5，扣除预收后的资产负债率达68.4%，净负债率35.5%，连续21年低于40%，三道红线长期处于绿档。,0.033327818
2022-09-01,2,万科A,2022H1业绩同比转正，多元业务发展良好,业绩同比转正，毛利水平趋稳：2022H1，公司实现营业收入2069 亿元，同比增长23.8%， 主营业务房地产开发和物业管理的收入占比分别为93%和6%；归母净利润122 亿元，同比增长10.6%，成功摆脱2021 年公司出现自上市以来第三次业绩负增长的阴影；归母净利率5.9%，较2021全年提升了0.9个百分点； 整体毛利率20.5%， 虽较2021全年下降1.4个百分点， 但在趋稳；尤其是房地产开发业务的毛利率为20.9%，伴随行业模式改善、土地市场竞争减弱，后续有望维持平稳。,0.07707757
2022-09-02,2,万科A,地产开发继续蛰伏，多元业务保持较快发展,2022年上半年，万科以“止跌企稳，稳中提升”为重心，在销售规模下滑下，地产业务投资谨慎，但经营服务业务保持较快发展，开始推动万科云上市。我们认为，在当下求生存优先于谋发展的市场环境下，万科经营状况延续了2021年下半年以来蛰伏过冬的状态，审慎投资，以保证财务和资金安全。,0.17642254
2022-09-04,2,万科A,逆境方显龙头本色，多元经营带动逆势上扬,"事件
公司发布2022年半年度报告：2022年上半年实现营业收入2069亿元（同比+23.82%）；归母净利润122亿元（同比+10.64%）；基本每股收益1.05元（同比+10.57%）。",0.30586374
2022-09-08,2,万科A,结转拉动业绩提升，新增长极表现亮眼,"事件
2022年8月30日，万科A发布2022年半年度报告。2022年上半年实现营业收入2069.2亿元，同比+23.8%；归母净利润122.2亿元，同比+10.6%。2022年二季度实现营业收入1442.5亿元，同比37.6%；归母净利润107.9亿元，同比+10.6%。",0.4239295
2022-09-12,2,万科A,公司信息更新报告：销售降幅持续缩窄，投资相对谨慎,"销售同比下滑，四季度增速有望转正
万科发布2022年8月经营简报。公司8月合同销售面积202.6万平方米，合同销售金额309.7亿元，分别同比下滑7.7和16.4%。公司1-8月合同销售面积1709.8万平方米，合同销售金额2799.4亿元，分别同比下滑37.1%和36.8%，降幅有所缩窄，较好于克而瑞百强房企销售金额47.4%的下滑比例。我们认为公司8月销售业绩仍同比下滑，一是因为8月传统销售淡季供货不足的影响，二是因为多点散发的疫情影响购房信心，三是因为市场持续低迷导致的推货量不足。我们相信在政策组合拳和保交楼措施的影响下，公司销售增速有望在四季度同比回正。我们维持盈利预测不变，预计2022-2024年万科A归母净利润分别为244.4、269.0、297.5亿元，EPS分别为2.10、2.31、2.56元，当前股价对应PE估值分别为8.6、7.8、7.1倍，维持“买入”评级。",0.5599841
2022-10-10,2,万科A,公司信息更新报告：销售降幅同比缩窄，万物云顺利上市,"销售降幅收窄，四季度业绩释放可期
万科发布2022年9月经营简报。公司9月合同销售面积227.1万平方米，合同销售金额347.3亿元，分别同比下滑0.5%和3.8%，降幅较8月同比收窄。公司1-9月合同销售面积1936.9万平方米，合同销售金额3146.7亿元，分别同比下滑34.3%和34.3%，降幅有所缩窄，好于克而瑞百强房企销售金额45.4%的下滑比例。我们认为在九月多部门针对刚需和改善客户的放松政策落地后，公司四季度销售业绩释放可期。我们维持盈利预测不变，预计2022-2024年万科A归母净利润分别为244.4、269.0、297.5亿元，EPS分别为2.10、2.31、2.56元，当前股价对应PE估值分别为8.4、7.7、6.9倍，维持“买入”评级。",0.36318678
2022-10-11,2,万科A,公司9月销售降幅收窄，中央多重刺激政策托底，建议“区间操作”,"结论与建议：
公司9月份实现销售面积227.1万平方米，销售金额347.3亿元，销售面积和销售金额YOY分别为-0.48%和-3.82%，降幅较上月收窄。公司新增项目2个，拿地仍旧谨慎。",0.13870966
2022-10-30,2,万科A,平稳结转支撑业绩，多元业务贡献新增长,"事件
2022年10月29日，万科A发布2022年三季报。2022年1-9月实现营业收入3377亿元，同比+24.4%；归母净利润170.5亿元，同比+2.2%。2022年第三季度实现营业收入1308亿元，同+25.3%；归母净利润48.3亿元，同比-14.4%。",0.9504852
2022-10-30,2,万科A,公司信息更新报告：结算扩张利润微增，投资持续保持审慎,"结算收入同比增长，毛利水平依旧承压
万科发布2022年三季报，1-9月公司实现营业收入3376.7亿元，同比增长24.4%；实现归母净利润170.5亿元，同比增长2.2%；实现经营活动产生的现金流量净额-41.76亿元（2021Q3+12.2亿元）；结算毛利率19.63%（开发业务结算毛利率由2021Q3的23.9%降至2022Q3的20.7%），销售净利率8.07%，同比分别下降2.5、1.0个百分点，结算毛利持续承压。公司作为行业龙头具有强大的资源整合优势和抗风险能力，整体盈利水平修复可期。我们维持盈利预测不变，预计2022-2024年万科A归母净利润分别为244.4、269.0、297.5亿元，EPS分别为2.10、2.31、2.56元，当前股价对应PE估值分别为6.8、6.2、5.6倍，维持“买入”评级。",0.20216358
2022-10-30,2,万科A,业绩微增销售好转，经营服务亮点颇多,"事件
万科A(000002)发布2022年三季报，主要内容如下：",1.0948963
2022-11-01,2,万科A,坚持稳健经营，多元业务促增长,业绩表现平稳，融资优势显著。2022Q3公司实现营收1308亿元，同比增长25.3%，实现归母净利润48.3亿元，同比下降14.4%。1-9月公司累计实现营业收入3377亿元，同比增长24.4%；实现归母净利润170.5亿元，同比增长2.2%。受近年来结算项目地价占售价比上升的影响，2022年前三季度公司开发业务结算毛利率由2021年同期的23.9%下降至20.7%。财务表现方面，2022年前三季度新增融资的平均融资成本为3.7%，存量融资的综合融资成本4.0%。截至报告期末，有息负债金额为2943亿元，其中78.7%为长期负债，无抵押无质押的融资占比为96.1%。期末公司现金短债比为1.8，扣除预收后的资产负债率达68.6%，净负债率44.2%，三道红线长期处于绿档。,0.07408792
2022-11-07,2,万科A,公司信息更新报告：单月销售保持低迷，投资力度有所回升,"单月销售保持低迷，投资力度有所回升，维持“买入”评级
万科发布2022年10月经营简报。公司10月销售面积及金额分别同比下滑23.0%和23.5%，投资力度有所改善，拿地/销售金额达36.1%。我们认为公司销售回暖不及预期主要在于十月多地疫情散发，行业持续下行压制市场信心，购房者观望情绪浓厚。我们认为四季度地方层面放松政策有望持续，年底在加大供货的预期下公司销售业绩有望同比回升。我们维持盈利预测不变，预计2022-2024年万科A归母净利润分别为244.4、269.0、297.5亿元，EPS分别为2.10、2.31、2.56元，当前股价对应PE估值分别为6.7、6.1、5.5倍，维持“买入”评级。",1.2148579
2022-11-23,2,万科A,央行融资政策支持下，公司融资能力有望增强，建议“区间操作”,"结论与建议：
公司发布公告，董事会审议通过《关于提请股东大会授权发行直接债务融资工具的议案》，董事会将提请股东大会授权董事会发行不超过人民币500亿元的直接债务融资工具。",1.0979388
2022-11-25,2,万科A,央行融资政策支持下，公司融资能力有望增强，建议“买进”,"结论与建议：
公司发布公告，董事会审议通过《关于提请股东大会授权发行直接债务融资工具的议案》，董事会将提请股东大会授权董事会发行不超过人民币500亿元的直接债务融资工具。此外，近期公司获得多家银行的大额授信。",0.992863
2022-12-05,2,万科A,公司信息更新报告：单月销售依旧低迷，融资三支箭齐发力,"单月销售依旧低迷， 融资三支箭齐发力， 维持“买入”评级
万科发布 2022 年 11 月经营简报。公司 11 月销售面积和金额分别同比下滑 18.3%和 29.5%，投资拿地保持谨慎， 自房地产融资三支箭落地后， 公司在银行授信、债券融资和股权融资三端都获得助力，融资端进一步改善，对公司基本面提供有力支撑。 我们维持盈利预测不变，预计 2022-2024 年万科 A 归母净利润分别为244.4、 269.0、 297.5 亿元， EPS 分别为 2.10、 2.31、 2.56 元，当前股价对应 PE估值分别为 8.7、 7.9、 7.2 倍，维持“买入”评级。",1.2935371
2023-01-05,2,万科A,公司信息更新报告：投资拿地相对稳健，股债融资渠道畅通,"投资拿地稳健，股债双通道融资打开，维持“买入”评级
万科发布2022年12月经营简报。公司2022年销售面积和金额分别同比下滑30.9%和33.6%，投资拿地相对稳健，在融资政策支持下，公司加快股债双通道融资步伐，对后续发展提供有力支撑。我们维持盈利预测不变，预计2022-2024年万科A归母净利润分别为244.4、269.0、297.5亿元，EPS分别为2.10、2.31、2.56元，当前股价对应PE估值分别为9.1、8.2、7.5倍，维持“买入”评级。",0.078194916
2023-02-08,2,万科A,公司信息更新报告：销售降幅收窄，长租公寓迎来新发展,"销售降幅收窄，长租公寓迎来新发展，维持“买入”评级
万科发布2023年1月经营简报。公司1月销售面积和金额降幅相比2022年全年数据有所收窄，投资保持谨慎，在现有宽松政策预期下，公司销售与拿地企稳可期，多元化业务也将对后续发展提供有力支撑。我们维持盈利预测不变，预计2022-2024年万科A归母净利润分别为244.4、269.0、297.5亿元，EPS分别为2.10、2.31、2.56元，当前股价对应PE估值分别为8.4、7.6、6.9倍，维持“买入”评级。",0.32584566
2023-02-14,2,万科A,公司发布150亿元定增预案，提升资金实力，建议“区间操作”,"结论与建议：
公司发布公告，将向不超过35名特定对象定向募集不超过人民币150亿元，募得资金将用于房地产项目开发和补充流动资金。",1.093529
2023-03-08,2,万科A,公司信息更新报告：二月销售同比转正，拿地依旧较为谨慎,"2月销售同比转正，维持“买入”评级
万科作为行业龙头，我们认为公司有动力和机会保持现有规模，叠加多元化业务持续发展，将助力公司整体盈利水平修复。我们维持盈利预测不变，预计2022-2024年万科A归母净利润分别为244.4、269.0、297.5亿元，EPS分别为2.10、2.31、2.56元，当前股价对应PE估值分别为7.7、7.0、6.3倍，维持“买入”评级。",1.3004532
2023-03-31,2,万科A,公司信息更新报告：结算业绩保持稳定，期待阵痛后走出阴霾,"结算业绩保持稳定，期待阵痛后走出阴霾， 维持“买入”评级
万科发布 2022 年报， 公司实现营收 5038.4 亿元，同比增长 11.3%；实现归母净利润 226.2 亿元，同比增长 0.4%； 整体毛利率 19.6%，同比下降 2.3 个百分点。公司开发业务稳健， 多赛道扩张优势明显， 我们上调 2023-2024 年并新增 2025年盈利预测，预计 2023-2025 年公司归母净利润分别为 278.0、 320.5、 342.8 亿元（2023-2024 年原值为 269.0、 297.5）， EPS 分别为 2.33、 2.69、 2.87 元，当前股价对应 PE 估值分别为 6.7、 5.8、 5.4 倍，维持“买入”评级。",0.36827123
2023-03-31,2,万科A,开发与经营服务并重，营收利润双增长,"事件
2023年3月30日万科A披露2022年度报告，全年实现营业收入5038亿元，同比+11.3%；归母净利润226.2亿元，同比+0.4%。拟每10股派送人民币6.8元（含税）现金股息。",0.46044844
2023-03-31,2,万科A,营收增长业绩平稳，多元业务表现靓眼,"公司经营保持稳健，营收增长业绩平稳：2022年，公司实现营业收入5038亿元，同比增长11.3%；归母净利润226亿元，同比增长0.4%。2022年，公司实现归母净利率4.5%，较2021年略降0.5个百分点；整体毛利率19.6%，较2021年下降2.3个百分点。随着高地价低毛利项目的结算出清，公司利润率降幅收窄逐渐趋稳。
公司根据市场变化，及时调整并合理安排经营节奏：2022年，公司实现签约销售金额4170亿元，同比下降34%；销售面积2630万㎡，同比下降31%，跟市场整体下行情况一致。2022年，公司新增土储690万㎡，新增土储覆盖销售倍数为26%，投资仍谨慎。不过截至2022年末，公司总土储建面仍高达1.2亿㎡，仍能满足未来两三年的发展需要。2022年受疫情和市场低迷等因素影响，公司开发业务新开工计容面积约1568万㎡，同比下降52%，完成年初计划的82%；竣工计容面积约3629万㎡，同比增长2%，完成年初计划的93%。而在2023年，公司计划新开工及复工1673万㎡（现有项目，不含未来新获取项目），计划竣工3227万㎡。",0.30695075
2023-04-03,2,万科A,业绩表现平稳，多元业务稳步拓展,业绩表现平稳，融资优势显著。2022年公司实现营收5038.4亿元，同比增长11.3%，实现归母净利润226.2亿元，同比上升0.4%；每股基本盈利1.95元，同比增加0.65%；全面摊薄的净资产收益率为9.3%，同比下降0.23个百分点。开发业务的营业收入为4704.5亿元，同比增长9.42%；物业服务的营业收入为257.7亿元，同比增长30.0%。受土地市场成交面积和溢价率回落的影响，2022年公司开发业务结算毛利率由2021年同期的23.9%下降至20.4%。财务表现方面，2022年新增融资的平均成本为3.88%，存量融资的综合融资成本为4.06%。截至报告期末，有息负债金额3141.1亿元，其中79.5%为长期负债，无抵押无质押的有息负债占比为95.2%。期末公司现金短债比为2.1，资产负债率76.95%，净负债率为43.7%，三道红线长期处于绿档。,0.15885597
2023-04-07,2,万科A,公司信息更新报告：单月销售持续增长，投资力度有所回升,"单月销售持续增长，投资力度有所回升，维持“买入”评级
万科发布2023年3月经营简报，单月销售同比持续提升，投资拿地力度增大。公司2022年业绩稳中有升，开发业务保持稳健，多赛道扩张优势明显，我们认为公司有动力和机会保持现有规模，整体盈利水平将持续修复。我们维持盈利预测，预计2023-2025年公司归母净利润分别为278.0、320.5、342.8亿元，EPS分别为2.33、2.69、2.87元，当前股价对应PE估值分别为6.4、5.6、5.2倍，维持“买入”评级。",0.06709015
2023-05-04,2,万科A,公司信息更新报告：营收利润双增，多元业务收入保持增长,"营收利润双增，多元业务收入保持增长，维持“买入”评级
万科A发布2023年一季报，公司一季度业绩稳中有升，开发业务保持稳健，多赛道扩张优势明显，我们认为公司有动力和机会保持现有规模，整体盈利水平将持续修复。我们维持盈利预测，预计2023-2025年公司归母净利润分别为278.0、320.5、342.8亿元，EPS分别为2.33、2.69、2.87元，当前股价对应PE估值分别为6.5、5.6、5.3倍，维持“买入”评级。",0.06800032
2023-05-04,2,万科A,营收利润双增长，投资拿地再发力,"事件
2023年4月28日万科A披露2023年一季报，2023年一季度实现营业收入684.7亿元，同比+9.3%；实现归属于上市公司股东的净利润14.5亿元，同比+1.2%。",0.2758466
2023-05-09,2,万科A,公司信息更新报告：单月销售同比增长，一线城市投资力度加大,"单月销售保持增长，一线城市投资力度加大， 维持“买入”评级
万科发布 2023 年 4 月经营简报， 单月销售同比持续提升，投资拿地力度增大。",0.03890717
2023-06-05,2,万科A,公司信息更新报告：单月销售持续增长，投资拿地维持强度,"单月销售持续增长，投资拿地维持强度，维持“买入”评级
万科发布2023年5月经营简报，单月销售同比持续提升，投资拿地维持百亿规模。公司开发业务保持稳健，多赛道扩张优势明显，我们认为公司有动力和机会保持现有规模，整体盈利水平将持续修复。我们维持盈利预测，预计2023-2025年公司归母净利润分别为278.0、320.5、342.8亿元，EPS分别为2.33、2.69、2.87元，当前股价对应PE估值分别为6.2、5.4、5.1倍，维持“买入”评级。",0.056098938
2023-07-06,2,万科A,公司信息更新报告：6月销售数据走弱，董事会换届平稳过渡,"6 月销售数据走弱，投资拿地维持稳健，维持“买入”评级
万科发布 2023 年 6 月经营简报， 单月销售同比转负，投资拿地聚焦一二线城市。公司开发业务保持稳健，多赛道扩张优势明显， 我们认为公司有动力和机会保持现有规模，整体盈利水平将持续修复。 我们维持盈利预测，预计 2023-2025 年公司归母净利润分别为 278.0、 320.5、 342.8 亿元， EPS 分别为 2.33、 2.69、 2.87 元，当前股价对应 PE 估值分别为 6.0、 5.2、 4.9 倍，维持“买入”评级。",1.3222421
2023-08-07,2,万科A,公司信息更新报告：补充核心城市优质资源，单月新增7宗开发地块,"7月销售同比降幅扩大，补充核心城市优质资源，维持“买入”评级
万科发布2023年7月经营简报，销售同比降幅扩大，单月新增7宗开发地块。公司开发业务保持稳健，多赛道扩张优势明显，我们认为公司有动力和机会保持现有规模，整体盈利水平将持续修复。我们维持盈利预测，预计2023-2025年公司归母净利润分别为278.0、320.5、342.8亿元，EPS分别为2.33、2.69、2.87元，当前股价对应PE估值分别为6.5、5.7、5.3倍，维持“买入”评级。",0.19321221
2023-08-31,2,万科A,业绩略低于预期，多元业务持续增长,"事件
2023年8月30日万科A披露2023年半年报，2023年上半年实现营业收入2008.9亿元，同比-2.9%；实现归母净利润98.7亿元，同比-19.4%。2023年第二季度实现营业收入1324.2亿元，同比-8.2%；实现归母净利润84.2亿元，同比-22.1%。",0.8840123
2023-09-01,2,万科A,经营稳健业绩承压，多元业务发展良好,公司经营稳健，业绩承压。2023H1，公司实现营业收入2009亿元，同比-2.9%；归母净利润99亿元，同比-19.4%，主要受房地产开发业务结算利润率下降的影响。2023H1，公司实现归母净利率4.9%，较2022全年略升0.4个百分点；整体毛利率18.9%，较2022全年下降0.7个百分点。2023H1，公司经营活动净现金流为18.6亿元，连续14年为正。,0.40537727
2023-09-01,2,万科A,公司信息更新报告：上半年业绩短期承压，财务盘面保持稳健,"上半年业绩短期承压，财务盘面保持稳健，维持“买入”评级
万科发布2023年中报，公司业绩受累于开发业务结转收入及利润下降，上半年营收（2008.9亿元）与归母净利润（98.7亿元）双承压，同比分别下降2.9%和19.4%。公司截至6月持有货币资金1221.8亿元，短债占有息负债比例降至14.2%的历史低点，财务盘面安全体现企业韧性。我们维持盈利预测，预计2023-2025年公司归母净利润分别为278.0、320.5、342.8亿元，EPS分别为2.33、2.69、2.87元，当前股价对应PE估值分别为5.9、5.1、4.7倍，维持“买入”评级。",0.24668717
2023-09-05,2,万科A,地产业务表现平稳，多元业务稳步拓展,"事件： 2023H1公司实现营收 2008.9亿元，同比下降 2.9%，实现归母净利润 98.7亿元，同比下降 19.4%。
业绩经营稳健，债务结构持续优化。 房地产开发业务收入为 1843.6 亿元，同比下降 3.8%；物业服务的营业收入为 140.4 亿元，同比增长 15.1%。 2023H1 公司房地产开发及相关资产经营业务毛利率为 19.3%，下降 1.5pp。 2023H1 新增融资的综合成本为 3.73%，实现经营性现金净流入 18.6亿元，连续 14年为正。期末有息负债金额 3214亿元，其中 85.8%为长期负债，无抵押无质押的有息负债占比为 93.9%。期末公司现金短债比为 2.7，资产负债率 76.95%，净负债率为 49.5%，三道红线长期处于绿档。",0.11234903
2023-09-06,2,万科A,公司信息更新报告：销售金额降幅收窄，单月新增9宗开发地块,"销售金额降幅收窄，补充核心城市优质资源，维持“买入”评级
万科发布2023年8月经营简报，公司单月销售金额降幅收窄，投资保持较高强度，坚持“开发经营服务”并重的发展战略，我们认为公司有动力和机会保持现有规模，整体盈利水平将持续修复。我们维持盈利预测，预计2023-2025年公司归母净利润分别为278.0、320.5、342.8亿元，EPS分别为2.33、2.69、2.87元，当前股价对应PE估值分别为6.0、5.2、4.8倍，维持“买入”评级。",0.65334594
2023-10-10,2,万科A,公司信息更新报告：销售金额环比大增，投资力度同比增强,"销售金额环比大增，投资力度同比增强，维持“买入”评级
万科发布2023年9月经营简报，公司单月销售金额环比大增，投资拿地同比增强，坚持“开发经营服务”并重的发展战略，我们认为公司有动力和机会保持现有规模，整体盈利水平将持续修复。我们维持盈利预测，预计2023-2025年公司归母净利润分别为278.0、320.5、342.8亿元，EPS分别为2.33、2.69、2.87元，当前股价对应PE估值分别为5.5、4.8、4.5倍，维持“买入”评级。",0.0997414
2023-10-16,2,万科A,9月销售点评：9月销售金额环比大幅回升，土地获取仍相对谨慎,"近日，万科A（000002）发布2023年9月份销售简报，单月实现合同销售面积193.8万平方米，合同销售金额320.1亿元；2023年1—9月，公司累计实现合同销售面积1818.4万平方米，合同销售金额2806.1亿元。
9月销售金额环比大幅提升，销售排名稳居头部位置。万科A2023年9月份实现合同销售面积193.8万平方米，同比减少14.66%；实现合同销售金额320.1亿元，同比减少7.83%。9月销售金额降幅较8月明显收窄（8月单月销售金额同比下降20.99%）。环比来看，9月销售面积及销售金额环比8月分别上升22.97%和上升41.57%，相比前两个月环比情况明显改善。公司9月销售回暖较明显，特别是销售金额环比大增超四成，同比降幅也较前几个月明显收窄。2023年1-9月，公司累计实现合同销售面积1818.4万平方米，同比下降6.12%；实现合同销售金额2806.1亿元，同比下降10.82%。公司前三季度累计销售面积及销售金额仍处于负增长，但整体跌幅可控。根据克而瑞研究中心发布，公司前三季度累计销售金额排名行业第二位，在行业销售整体出现下跌情况下，公司销售规模继续领跑行业，龙头地位稳固。",1.1729789
2023-10-29,2,万科A,营收利润均下滑，拿地金额恢复增长,"事件
2023年10月27日万科A披露2023年三季报，前三季度实现营业收入2903.1亿元，同比-14.0%；实现归母净利润136.2亿元，同比-20.3%。单三季度实现营业收入894.2亿元，同比-31.6%；实现归母净利润37.5亿元，同比-22.5%。",0.7985136
2023-11-01,2,万科A,经营稳健，财务健康,经营稳健，按竣工节奏，Q4结算收入可期。2023年前三季度，公司实现营业收入2903亿元，同比-14%；归母净利润136亿元，同比-20%。Q3单季度实现营业收入894亿元，同比-32%；归母净利润38亿元，同比-22%。其中，房地产开发业务的结算面积前三季度同比-19%，Q3单季度同比-38%；结算收入前三季度同比-17%，Q3单季度同比-37%。主要因为前三季度，公司完成竣工面积仅占全年计划的59%，预计竣工将集中在Q4兑现结算收入。,0.5647567
2023-11-14,2,万科A,公司信息更新报告：销售企稳投资力度加强，多元业务齐头并进,"销售金额环比大增，投资力度同比增强，维持“买入”评级
万科发布2023年三季报，公司结转规模同比下降，投资力度明显增强，坚持“开发经营服务”并重的发展战略，我们认为公司有动力和机会保持现有规模，整体盈利水平将持续修复。我们维持盈利预测，预计2023-2025年公司归母净利润分别为278.0、320.5、342.8亿元，EPS分别为2.33、2.69、2.87元，当前股价对应PE估值分别为5.0、4.4、4.1倍，维持“买入”评级。",0.10176003
2023-11-19,2,万科A,公司信息更新报告：销售金额降幅收窄，获大股东深铁集团坚定支持,"销售金额降幅收窄，获大股东深铁集团坚定支持，维持“买入”评级
万科发布 2023 年 10 月经营简报， 公司销售金额累计降幅持续收窄， 投资拿地同比增强， 坚持“开发经营服务”并重的发展战略， 我们认为公司有动力和机会保持现有规模，整体盈利水平将持续修复。 我们维持盈利预测，预计 2023-2025 年公司归母净利润分别为 278.0、 320.5、 342.8 亿元， EPS 分别为 2.33、 2.69、 2.87元，当前股价对应 PE 估值分别为 5.0、 4.3、 4.0 倍，维持“买入”评级。",0.13621026
2023-12-07,2,万科A,公司信息更新报告：单月销售金额增速转正，消费基础设施REIT获批,"单月销售金额增速转正，消费基础设施REIT获批，维持“买入”评级
万科发布2023年11月经营简报，公司单月销售金额同比增速转正，投资拿地同比增强，消费基础设施REIT获批盘活商业存量资产，我们认为公司有动力和机会保持现有规模，整体盈利水平将持续修复。我们维持盈利预测，预计2023-2025年公司归母净利润分别为278.0、320.5、342.8亿元，EPS分别为2.33、2.69、2.87元，当前股价对应PE估值分别为4.7、4.0、3.8倍，维持“买入”评级。",0.54604733
2024-01-05,2,万科A,公司信息更新报告：全年销售规模同比下滑，投资强度有所提升,"全年销售规模同比下滑，投资强度有所提升，维持“买入”评级
万科发布2023年12月经营简报，公司全年销售数据同比下降，投资强度有所提升，消费基础设施REIT获批盘活商业存量资产，我们认为公司有动力和机会保持现有规模。受行业销售低迷、公司销售规模下降影响，我们下调盈利预测，预计2023-2025年公司归母净利润分别为228.1、238.4、258.4亿元（原值为278.0、320.5、342.8亿元），EPS分别为1.91、2.00、2.17元，当前股价对应PE估值分别为5.2、5.0、4.6倍。公司投资拿地积极，2023年全口径销售金额仍维持行业前二水平，我们看好公司整体盈利水平持续修复，维持“买入”评级。",1.1511698
2024-03-29,2,万科A,经营业务稳步成长，降杠杆守安全底线,"事件
2024年3月28日万科A披露2023年年报，全年实现营业收入4657.4亿元，同比-7.6%；实现归母净利润121.6亿元，同比-46.4%；每股基本盈利1.03元，同比-47.3%。",1.1384122
2024-03-31,2,万科A,公司信息更新报告：结算毛利水平下行，努力渡过模式转型,"结算毛利水平下行，努力渡过模式转型，维持“买入”评级
万科发布2023年年报，公司收入下滑业绩承压，在年报中提出2024发展展望：（1）确保安全底线：经营层面现金流为正，加强大宗交易和股权交易工作，回款300亿元以上；（2）坚定降杠杆，未来两年削减付息债务1000亿元；（3）做好产品、好服务；（4）精简高效、节衣缩食。受行业销售低迷、公司销售规模下降影响，我们下调2024-2025年并新增2026年盈利预测，预计2024-2026年公司归母净利润分别为102.6、116.1、121.3亿元（2024-2025年原值238.4、258.4亿元），EPS分别为0.86、0.97、1.02元，当前股价对应PE估值分别为10.5、9.3、8.8倍。我们看好公司高价地结转后盈利水平持续修复，维持“买入”评级。",1.2487732
2024-04-07,2,万科A,行业下行期业绩承压，全力保障现金流安全,"营收相对稳定，但业绩承压。2023全年，公司实现营业收入4657亿元，同比-8%；归母净利润122亿元，同比-46%。其中Q4单季度营业收入1754亿元，同比+6%；归母净利润-15亿元，首次出现亏损，主要因为年底计提存货跌价准备48.5亿元（含非并表）导致归母净利润减少35.5亿元。
毛利率持续筑底，持续影响归母净利率。2023年，公司综合毛利率15.2%，同比下滑4.3个百分点；归母净利率2.6%，同比下滑1.9个百分点。其中Q4毛利率仅为11.4%，主要因为地价占售价的比例提升。2023年，公司归母净利润占比保持在60%左右；销售费率2.64%，近年来基本持平；管理费率为1.24%，逐年稳步降低。",0.81058466
2024-04-30,2,万科A,公司信息更新报告：结转承压拖累业绩，多举措增厚现金储备,"结转承压拖累业绩，多举措增厚现金储备，维持“买入”评级
万科发布2024年一季度报告，实现营业收入615.9亿元，同比-10.0%。由于地产开发业务结算规模和结算毛利率下降，实现归母净利润-3.6亿元。受销售回款减少影响，公司2024Q1经营性现金流量净额-94.2亿元，同比-234.7%。公司业绩短期继续承压，但销售规模仍属前列，土地储备仍较为充沛，同时公司多元业务协同发展，待行业回暖业绩有望逐步改善。我们维持原盈利预测，预计2024-2026年归母净利润分别为102.6、116.1、121.3亿元，EPS分别为0.86、0.97、1.02元，当前股价对应PE估值分别为8.8、7.8、7.4倍，维持“买入”评级。",0.6499279
2024-04-30,2,万科A,单季利润转亏，盘活资产回笼现金,"事件
2024年4月29日万科A披露2024年一季报，一季度实现营业收入615.9亿元，同比-10.1%；实现归母净利润-3.6亿元，同比-125.0%。结算规模和毛利率下降，营收下降利润亏损：1Q24公司营收下滑主要由于开发业务结算规模下降所致，而归母净利润亏损，除结算量下滑外，1Q24结算毛利率10.8%，同比下降4.6pct。",1.2395881
2024-06-07,2,万科A,公司信息更新报告：全额偿还到期美元债，融资端获支持力度充分,"全额偿还到期美元债，融资端获支持力度充分，下调至“增持”评级
万科发布公告全数偿付到期美元中期票据本息。公司销售规模排名前三，土储相对充足，融资端获支持力度充分，负债结构不断优化。我们维持盈利预测，预计2024-2026年公司归母净利润分别为102.6、116.1、121.3亿元，EPS分别为0.86、0.97、1.02元，当前股价对应PE估值分别为9.3、8.2、7.9倍。公司销售规模收缩，受低能级城市结转项目拖累，短期业绩可能持续承压，下调至“增持”评级。",0.9311444
2024-07-05,2,万科A,公司信息更新报告：销售维持前三，拿地收缩，出售持有资产换取现金流,销售维持前三，拿地收缩，出售持有资产换取现金流，维持“增持”评级万科发布2024年1-6月经营数据。公司上半年销售规模排名前三，虽然拿地强度收缩，但土储相对充足，融资端获支持力度充分，通过出售持有资产换取现金流，负债结构不断优化。我们维持盈利预测，预计2024-2026年公司归母净利润分别为102.6、116.1、121.3亿元，EPS分别为0.86、0.97、1.02元，当前股价对应PE估值分别为8.1、7.1、6.8倍，维持“增持”评级。,0.11197883
2024-07-10,2,万科A,当期业绩压力显现，骨干增持提升信心,"事件
2024 年 7 月 9 日万科 A 披露 2024 年中期业绩预告， 预计 2024 上半年归母净利润亏损 70-90 亿元，同比下降 171%-191%；扣非净利润亏损50-65 亿元，同比下降 157%-175%。",1.1250963
2024-09-01,2,万科A,当期业绩亏损，追求现金确保经营安全,"事件
2024年8月30日万科A披露2024年半年报，1H24实现营业收入1427.8亿元，同比-28.9%；实现归母净利润亏损98.5亿元，同比-199.8%;基本每股亏损0.83元，同比-198.6%。",0.9571316
2024-09-02,2,万科A,公司信息更新报告：销售维持前三，结算毛利承压，融资动作持续落地,"销售维持前三，结算毛利承压，融资动作持续落地，维持“增持”评级
万科发布2024年中报。公司上半年业绩受多因素影响亏损，销售下滑拿地收缩，但负债结构有所改善，融资渠道畅通。受结转规模下降、计提减值扩大影响，我们下调盈利预测，预计2024-2026年公司归母净利润分别为-60.5、7.5、27.6亿元（原值为102.6、116.1、121.3亿元），EPS分别为-0.51、0.01、0.23元，当前股价对应PE估值分别为-13.3、1069.2、29.3倍，我们认为公司低价地结转结束后，盈利能力有望触底回升，维持“增持”评级。",0.09742868
2024-09-02,2,万科A,2024年中报点评：上半年业绩录得约98亿亏损，降解存量债务取得成效,"万科A（000002）发布2024年中报，2024H1实现营业收入1427.8亿元，同比-28.9%；归母净利润亏损98.5亿元，同比-199.8%。
2024H1营收同比下降约29%，归属净利润亏损98.5亿。公司2024H1实现营业收入1427.8亿，同比-28.9%；实现归母净利润亏损98.5亿，同比-199.8%；扣非归属净利润亏损76.13亿，同比-187.48%。业绩亏损主要由于：1）房地产开发项目结算规模和毛利率显著下降，1H24开发业务收入1116.8亿元，同比-34.6%，结算毛利率仅6.8%，同比下降13.5pct。公司毛利率下降受几个因素叠加影响。一是以价换量导致利润折损；二",0.4637519
2024-09-05,2,万科A,万科半年报的十大关注,8月30日，万科正式公报半年报，其中归属于上市公司股东的亏损额略超过业绩预告中的70-90亿元，上半年归属于上市公司股东的净利润-98.52亿元，2023年同期为98.79亿元，同比下降199.82%；扣除非经常性损益后归属于上市公司股东的净利润-76.13亿元，2023年同期为87.03亿元，同比下降187.48%。大幅亏损实际上已有预期，除此之外，还有哪些细节需要关注： 1、亏损原因,1.1445787
2024-09-10,2,万科A,公司信息更新报告：行业排名保持领先，融资支持力度充分,"行业排名保持领先，融资支持力度充分，维持“增持”评级
万科发布2024年1-8月经营数据。公司2024年1-8月销售规模同比收缩，销售单价有所下滑，销售规模稳居行业第三位，拿地强度有所收缩，土储相对充足，贷款担保动作频繁，融资端获支持力度充分，负债结构不断优化。我们维持盈利预测，预计2024-2026年公司归母净利润分别为-60.5、0.75、27.55亿元，EPS分别为-0.51、0.01、0.23元，当前股价对应PE估值分别为-12.6、1007.5、27.6倍，维持“增持”评级。",0.015164077
2024-10-14,2,万科A,公司信息更新报告：行业排名稳居前三，融资端获支持力度充分,"行业排名稳居前三，融资端获支持力度充分，维持“增持”评级
万科发布2024年1-9月经营数据。公司2024年1-9月销售规模同比收缩，销售单价有所下滑，销售规模稳居行业第三位，拿地强度有所收缩，土储相对充足，贷款担保动作频繁，融资端获支持力度充分，负债结构不断优化。我们维持盈利预测，预计2024-2026年公司归母净利润分别为-60.5、0.75、27.55亿元，EPS分别为-0.51、0.01、0.23元，当前股价对应PE估值分别为-17.9、1439.3、39.4倍，维持“增持”评级。",0.021470964
2024-11-01,2,万科A,多举措筹资，努力保兑付,"事件
2024年10月30日，公司披露2024年三季报：2024年1-9月实现营收2198.9亿元，同比-24.25%；归母净亏损179.4亿元，同比由盈转亏。第三季度实现营收771.2亿元，同比-13.76%；归母净亏损80.9亿元，同比由盈转亏。",1.122522
2024-11-11,2,万科A,公司信息更新报告：销售规模稳居前列，优质土地储备充足,"销售规模稳居前列，优质土地储备充足，维持“增持”评级
万科发布2024年1-10月经营数据。公司2024年1-10月销售规模同比收缩，销售单价有所下滑，销售规模稳居行业前列，拿地强度有所收缩，土储相对充足，贷款担保动作频繁，融资端获支持力度充分，负债结构不断优化。我们维持盈利预测，预计2024-2026年公司归母净利润分别为-60.5、0.75、27.55亿元，EPS分别为-0.51、0.01、0.23元，当前股价对应PE估值分别为-18.8、1504.2、41.2倍，维持“增持”评级。",0.025195241
2025-01-08,2,万科A,公司信息更新报告：销售规模同比下降，量入为出保持投资,"下调盈利预测，维持“增持”评级
房地产行业仍然处于调整阶段，公司主动推动存量库存去化，同时积极借助大宗交易、REITs发行、金融支持政策等化解经营压力。惟其艰难，方显勇毅，我们期待万科能够安全穿越周期，构筑房企发展新模式。考虑到存货减值压力和较大折扣进行去库，我们下调盈利预测，预计2024-2026年公司归母净利润分别为-196.90、-19.92、17.51亿元（原值分别为-60.50、0.75、27.55亿元），EPS分别为-1.65、-0.17、0.15元（原值分别为-0.51、0.01、0.23元），当前股价对应2026年PE估值为47.5倍；考虑到公司销售规模相对平稳，月销售能维持在200亿元以上水平，维持“增持”评级。",1.2908409
2025-02-02,2,万科A,管理层换血，政府及深铁发声支持,"事件
2025年1月27日，公司发布公告：①郁亮辞去董事会主席，继续担任董事、执行副总裁；祝九胜辞去董事、董事会投资与决策委员会委员、总裁、首席执行官等，不再担任任何职务；朱旭辞去董事会秘书等职务。选举辛杰为董事会主席，田钧为董事会秘书。②预计2024年归母净利润为-450亿元，而2023年为122亿元；扣非净利润为-410亿元，而2023年为98亿元。",0.49336404
2025-04-01,2,万科A,各方支持开展自救，风险有待化解,"业绩
2025年3月31日，公司发布2024年业绩：实现营收3431.76亿元，同比-26.32%；实现归母净利润-494.78亿元，而23年同期为121.63亿元。",0.44607556
2025-04-30,2,万科A,短期压力犹存，持续融资及盘活存量,"2025年4月29日，公司发布2025年一季报：实现营收379.95亿元，同比-38.31%；归母净利润-62.46亿元（1Q24为-3.62亿元），同比-1625.63%。
点评",0.4851389
2025-06-16,2,万科A,公司信息更新报告：销售均价有所提升，股东持续借款提供支持,销售规模下降幅度较大，股东持续借款提供支持，下调至“中性”评级2025年6月12日，万科发布公告称，公司通过集中竞价交易方式已完成所有A股库存的出售，出售股份数量为7295.6万股，占公司总股本的比例为0.61%，出售所得资金总额为4.79亿元，成交均价为6.57元/股。6月6日，公司发布公告称，第一大股深铁集拟向公司提不超过30亿元借款，借款利率为2.34%，此次借款系公司年内第五次获得深铁集团借款。公司5月及1-5月销售规模有所收缩，销售单价有所提升。公司积极借助大宗交易、REITs发行、金融支持政策等化解经营压力。惟其艰难，方显勇毅，我们期待万科能够安全穿越周期，构筑房企发展新模式，我们下调2025-2026并新增2027年盈利预测，预计2025-2027年公司归母净利润分别为-73.22、5.57、13.14亿元（原值-19.92、17.51亿元），EPS分别为-0.61、0.05、0.11元，当前股价对应2026-2027年PE估值为140.7、59.7倍；考虑到公司业绩释放存在不确定性，下调至“中性”评级。,1.0093498
2025-08-27,2,万科A,公司信息更新报告：业绩继续承压，关注后续股东支持与资产盘活,"中期业绩亏损，结算毛利率小幅改善，维持“中性”评级
万科发布2025年中期报告，公司当前业绩仍继续承压，后续需要关注股东支持和资产盘活进展。我们维持盈利预测，预计2025-2027年公司归母净利润分别为-73.22、5.57、13.14亿元，EPS分别为-0.61、0.05、0.11元，当前股价对应2026-2027年PE估值为153.3、65.0倍，维持“中性”评级。",0.2993092
2021-12-31,12,南玻A,玻璃行业老牌劲旅，“电光”驱动增长可期,营收净利持续改善，产品结构完整。公司作为玻璃制造龙头企业，2020年公司三块玻璃（浮法玻璃、光伏玻璃、电子玻璃）与一个品牌（工程玻璃）全面发力，实现营业收入106.71亿元，同比增长1.90%，实现归母净利润7.79亿元，同比增长45.28%。2021年前三季度受益于玻璃价格上涨和电子玻璃产能扩张，营收和净利润分别同比增长37%、108%。,0.2254892
2022-04-25,12,南玻A,业绩大幅增长，各板块扩张稳步推进,计提大额减值准备，业绩仍保持大幅增长。2021年实现营收136.29亿元，同增27.72%，归母净利润15.29亿元，同增96.24%，扣非后归母净利润14.40亿元，同增166.56%，EPS为0.50元/股，拟10派2元（含税），符合此前业绩预告。业绩大幅增长主要受益于报告期内平板玻璃均价涨幅较大，同时电子玻璃业绩迅速提升（不考虑计提减值）。公司全年计提减值资产和信用准备11.36亿元，主要包括太阳能业务资产计提、清远南玻一期电子玻璃在建资产计提、商誉和部分涉诉应收款等。,0.031038642
2022-04-26,12,南玻A,计提减值影响利润，电光驱动未来可期,"投资摘要
事件概述",0.32505155
2022-09-02,12,南玻A,2022年中报点评：玻璃盈利承压，太阳能业务升级表现亮眼,业绩整体承压，Q2收入实现增长。2022H1实现营收65.19亿，同减1.45%，归母净利润10.01亿，同减25.98%，扣非归母净利润8.88亿，同减33.25%，EPS为0.33元/股，其中Q2单季度收入37.34亿，同增3.5%，归母净利润6.17亿，同减20.8%。上半年玻璃业务受需求不佳和成本上涨因素影响，表现有所承压，太阳能业务转型取得突破，对冲一定压力。,0.07171142
2022-09-04,12,南玻A,南玻A2022中报点评：盈利能力承压，扩产能持续推进,"投资摘要
2022年上半年公司实现营业收入65.19亿元，同比下降1.45%，实现归母净利润10.01亿元，同比增下滑25.98%。",1.1864438
2023-09-08,12,南玻A,2023年中报点评：上半年收入稳健增长，稳步推进业务布局,"收入同增28.69%，净利润同减11.16%。2023年上半年实现营收83.89亿，同增28.69%，归母净利润8.89亿，同减11.16%，扣非归母净利润8.38亿，同减5.56%，EPS为0.29元/股，其中Q2单季度营收43.19亿，同增15.7%，归母净利润4.93亿，同减20.1%。
光伏玻璃拉动玻璃板块收入增长，电子玻璃竞争加剧。上半年玻璃业务板块（光伏/工程/浮法）实现收入63.35亿，同比+43.04%，毛利率为22.58%，同比-6.28pct，主因光伏玻璃产线投产收入增加带动成本增加；太阳能业务板块收入15.85亿，同比+10.53%，净利润3.56亿，同比+26.24%；电子玻璃和显示器件板块收入7.20亿，同比-11.1%，净利润0.15亿，同比-86.61%，主因行业竞争加剧，国内电子玻璃产能扩张致供过于求，以及全球电子产品需求萎缩和内嵌式触控技术普及致显示器销量下滑。",0.45807767
2022-12-20,16,深康佳A,投资价值分析报告：康佳集团积极布局光电&光伏业务，有望迎来事业第二成长曲线,"坚持深耕主业&自主创新、积极与知名电商合作，促进销售增长
康佳集团在收购新飞之后，家电业务板块完全覆盖家电前四大品类：电视、空调、冰箱、洗衣机。公司家电产品营销范围遍布亚太、中东、中南美以及东欧等多个区域市场。公司在白电领域拥有专利239项，其中：包括发明49项，实用新型127项，外观设计63项。公司已经与京东家电、苏宁易购签订2023年年度合作框架，累计合作金额超20亿元，为来年的家电销售打下扎实的基础。",0.13754213
2024-04-11,16,深康佳A,深康佳A：聚焦消费电子+半导体业务，期待盈利能力改善,"事件：23年公司实现营业收入178.49亿元，同比-39.71%，归母净利润亏损21.64亿元。
Q4公司实现营业收入29.73亿元，同比-40.69%；归母净利润亏损14.49亿元，亏损较22Q4有所收窄。",0.48538798
2020-10-30,21,深科技,业绩表现亮眼，大力加码存储封测,"一、事件概述
10月29日，公司公告2020年前三季度实现营收105.72亿元，同增4.81%，归母净利4.46亿元，同增62.25%。同时公告，公司非公开发行A股股票获中电集团批复。",0.051965654
2021-02-02,21,深科技,存储国产替代持续进阶，沛顿助力公司深度受益,"报告摘要：
产能扩张毛利率提升，带动经营业绩大幅增长",0.08960283
2021-02-25,21,深科技,剥离手机组装业务，提升盈利能力专注存储封测,"一、事件概述
公司和桂林高新集团、领益智造于2021年2月24日在桂林签署《投资协议》，由各方共同投资设立博晟科技。",1.0177538
2021-02-28,21,深科技,高端制造龙头，卡位存储国产化黄金赛道,本土 EMS 头部企业，大力布局存储器封测： 公司 EMS 业务规模全球领先，并大力布局 DRAM、 Flash 等存储器封测以及模组制造业务， 2020年， 公司存储器及 EMS 等业务市场需求强劲，存储器封测产能持续扩张，业务规模快速增长。 公司积极把握市场机遇，深化客户合作，加大创新力度，提高运营效率， 盈利能力持续提升， 带动了公司业绩增长。,0.9983762
2021-04-12,21,深科技,2021年一季度业绩预告点评：优势业务持续拓展，业绩高速增长,存储封测、电子制造等优势业务持续拓展，公司 2021Q1 业绩高速增长：公司预计 2021 年第一季度归母净利润同比增长 100%-150%， 报告期内， 公司在保持现有高端制造核心业务基础上，聚焦发展存储半导体业务， 持续优化业务结构， 公司存储芯片封测业务产能仍供不应求，生产一直处于满负荷状态，封测业务继续保持了良好的发展势头。 同时，公司不断加大创新力度， 多措并举拓展优势业务，提高运营效率，公司整体生产、经营情况良好， 主营业务利润比去年同期有一定幅度的增长。此外，公司充分运用金融衍生工具规避汇率波动风险，报告期内金融衍生品到期交割收益与未到期的公允价值变动收益之和同比有所增加，导致公司非经常性损益增加。,0.027046442
2021-05-04,21,深科技,2020年报&2021年一季报点评：优势业务持续拓展，未来成长可期,"事件：公司2020年营业收入149.67亿元，yoy+13.18%，归母净利润8.57亿元，yoy+143.3%。2021Q1，公司营业收入38.27亿元，yoy+15.17%，归母净利润2亿元，yoy+145.95%。
存储封测需求强劲，电子制造业务整合稳步推升：公司2021Q1归母净利润同比增长145.95%。公司不断优化业务结构，重点布局存储半导体、自主产品、高端制造等业务。2021Q1，公司经营业务整体平稳发展，主营业务利润同比增长10.19%。其中：公司半导体存储芯片封测业务产能供不应求，封测业务收入同比大幅增长，并继续保持了良好的发展势头。公司高端制造业务中的消费电子业务报告期内仍承受了较大的经营压力，并出现较大幅度亏损，该业务整合按计划推进中。此外，公司金融衍生品到期交割收益与未到期的公允价值变动收益合计为1.58亿元，导致公司非经常性损益增加。2021Q1，公司毛利率7.78%，yoy-1.96pct，主要受消费电子制造业务的影响，净利率6.02%，yoy+2.9pct，主要受公允价值变动净收益带动。",0.032091916
2021-05-06,21,深科技,消费电子拖累业绩，持续看好存储封测赛道,"一、事件概述
2021/4/30 公司公布 2020 年年报和 2021 年一季报。",1.1352297
2021-06-21,21,深科技,消费电子整合持续推进，不改出表计划,"一、事件概述
2021/6/18公司公告变更对外投资事项。",0.20167398
2021-08-26,21,深科技,沛顿项目顺利推进，Q2业绩主要受消费电子拖累,"一、事件概述
2021/8/25 公司发布半年报， 实现营收 80 亿元，同比+14%。",1.2700803
2023-11-23,21,深科技,深度报告：EMS龙头再出发，存储封测打开成长空间,EMS龙头再出发，转型半导体封测业务。深科技是全球领先的EMS企业，成立于1985年，拥有30多年丰富的产品生产制造经验。公司在2015年成立子公司沛顿科技，进军存储封测业务。当前公司主营业务为存储半导体、高端制造和计量智能终端。2023年H1公司实现营收77.41亿元，同比增长2.5%，从业务结构来看，2023年H1高端制造、存储半导体、计量终端业务在收入中分别占比65.1%，17.6%，16.8%。2023年6月19日，原沛顿科技董事长周庚申出任深科技代行董事长，体现公司在半导体封测业务的积极布局与战略转型。,0.53321373
2020-10-23,26,飞亚达,Q3利润创新高，继续看好公司后续业绩弹性,"一、事件概述
公司10月22日发布公告，前三季度归母净利2.15亿元，同比增20%；其中Q3实现归母净利1.37亿，同比增148%。",0.06659597
2021-02-08,26,飞亚达,飞亚达2020年业绩快报点评：名表高增促业绩增长，内部提效+渠道拓展仍有看点,"一、事件概述
公司2月5日发布业绩快报，公司预计2020年实现营收42亿元，同比增长15%；归属于上市公司股东的净利润2.9亿元，同比增长36%",0.0938679
2021-02-09,26,飞亚达,2020业绩快报点评报告：消费回流助力业绩高增，21Q1开门红可期,"事件:
2021年2月5日，公司发布2020年业绩快报，报告期内公司实现营业总收入42.43亿元（YoY+14.56%），实现归母净利润2.94亿元（YoY+36.22%），拆分Q4来看，实现营业总收入约13亿元（YoY+34.68%），归母净利润0.8亿元（YoY+113.37%），基本符合我们的预期。",0.8819731
2021-03-10,26,飞亚达,飞亚达2020年年报点评：业绩符合预期，一季度业绩有望维持高增,"一、事件概述
公司3月9日发布2020年年报，报告期内公司实现营业收入42亿元，同比增长15%，实现利润总额3.7亿元，同比增长35%，归属于上市公司股东的净利润2.94亿元，同比增长36%。同时，公司拟向全体股东每10股派发现金红利4元（含税）。",0.12782896
2021-03-11,26,飞亚达,年报点评报告：业绩如期高增，腕表龙头厚积薄发,"事件:
2021年3月9日，公司发布2020年年度报告，报告期内公司实现营业总收入42.43亿元（YoY+14.56%），实现归母净利润2.94亿元（YoY+36.22%），拆分Q4来看，实现营业总收入约13亿元（YoY+34.68%），归母净利润0.8亿元（YoY+113.37%），基本符合我们的预期。此外，公司拟向全体股东每10股派发现金红利4元（含税）。",0.91267264
2021-04-02,26,飞亚达,业绩预告点评报告：Q1扭亏为盈增长靓丽，关注公司核心竞争力及长期成长性,"报告关键要素:
公司发布 2021 年 Q1 业绩预告，公告显示业绩预告期间公司预计实现归母净利润 1.1-1.3 亿元， 基本每股收益 0.2574 元/股–0.3043 元/股， 实现扭亏为盈， 基本符合我们预期。",0.73051804
2021-04-13,26,飞亚达,一季报如期高增，关注长期成长性,"一、事件概述
公司4月12日公告，1Q21公司实现营业收入13.8亿元，同比增长134%，归属于上市公司股东的净利润1.18亿元，同比增长1011%，扣非净利1.13亿元，同比增927%。",0.073617876
2021-04-13,26,飞亚达,一季报点评报告：亨吉利保持高速增长，业绩如期靓丽,"报告关键要素:
公司发布 2021 年 Q1 业绩报告，公告显示 2021Q1 实现营业收入 13.78 亿元， 同比增长 134.26%， 实现归母净利润 1.18 亿元， 同比大幅扭亏为盈，与此前公布的业绩预告的业绩中枢基本相当， 基本符合我们预期。",0.8701895
2021-05-24,26,飞亚达,投资设立海南公司，有望切入名表免税供应链,"一、事件概述
5月21日，公司发布公告，基于名表零售业务的战略发展需要，为把握海南自由贸易港的政策机遇及免税市场的发展机会，加速布局和推进相关业务发展，决定以自有资金1000万元人民币投资设立全资子公司亨吉利世界名表中心（海南）有限公司（暂定名，以工商部门登记名称为准）。",0.11610156
2021-05-27,26,飞亚达,点评报告：日积跬步，掘金免税渠道可期,"报告关键要素:
近日，公司发布公告，公告指出公司基于名表零售业务的战略发展需要，为把握海南自由贸易港的政策机遇及免税市场的发展机会，加速布局和推进相关业务发展，决定以自有资金1,000万元人民币投资设立全资子公司亨吉利世界名表中心（海南）有限公司（暂定名，以工商部门登记名称为准）。",0.1727016
2021-07-05,26,飞亚达,2021H1业绩预告点评：业绩符合预期，继续看好名表消费回流长期趋势,2021H1 归母净利润同比增长 183%-208.73%，业绩符合市场预期。公司预计上半年实现归母净利润 2.2-2.4 亿元，同比增长 183%-208.73%，同比 19H1 增长 78.1%-94.3%；其中 Q2 归母净利润 1.0-1.2 亿元，同比增长 12%-34%，同比 19H1 增长 72.1%-105.9%，业绩符合市场预期。,0.15797955
2021-07-07,26,飞亚达,点评报告：21H1业绩预计增长靓丽，回流效应持续,"公司发布2021H1业绩预告，预计实现归母净利润2.2-2.4亿元，YoY+183%-209%，预计实现基本每股收益0.5006-0.5468元/股，拆分单Q2来看，预计实现归母净利润1.02-1.22亿元，YoY+12%-34%，业绩表现靓丽，基本符合预期。
业绩高增预计仍主因20H1低基数+名表消费回流下亨吉利的强势表现。公司21H1业绩同比高增183%-209%，较2019H1增长78%-94%，21Q2同增12%-34%，较19Q2增长72%-106%，一方面由于去年COVID-19疫情初期公司各业务条线均受冲击带来的低基数效应，另一方面亨吉利受益于疫情下海外名表消费回流，叠加扩张逐渐提速，表现继续强势，瑞表出口数据同样提供佐证，2021年1-5月瑞表出口大陆金额同比108%，较19年增长57%。此外，公司受疫情冲击较大的自有品牌、租赁业务等均有所回暖，贡献利润增长。",0.15940845
2021-08-03,26,飞亚达,点评报告：飞亚达三问三答，估值性价比凸显的国内腕表领军者,"消费回流可持续性较差，出境游开放后亨吉利业绩下滑压力较大？
①从疫情发展角度讲，香港预期通关临近，或引发市场担忧，但近期我国内地疫情有所抬头，全球疫情防控仍未明朗，且各国之间疫情管控能力参差，我们认为全面放开出境游仍需较长时间。②从供给端角度看，在疫情对经济的负面影响下，可观察到香港及其他部分境外市场出现多家名表零售店关店的情况，后续重开仍有一定难度，此前习惯于境外购买名表的消费者若重返境外购买或将面临款式丰富度、折扣力度下降的情况，叠加品牌端近年有意缩小各国价差，加大对大陆市场的资源倾斜，我国亦加强打击违法代购的力度。在上述情形下，消费者对出境购表的热情预计将明显下降。③从公司自身发展角度看，亨吉利近年来通过优化品牌结构、减少促销等方式提质增效，且在终端服务能力、数字化管理等方面积累了一定的竞争优势，手表零售服务业务毛利率自2017年的22%提高至2019/2020年的24%/27%。21H2公司业绩增速确面临高基数压力，我们建议更加关注行业长期空间及公司自身竞争优势。",1.2491148
2021-08-20,26,飞亚达,点评报告：业绩略超预期，腕表龙头成长逻辑持续演绎,"昨日公司披露2021年半年度报告，报告显示，公司21H1实现营业总收入27.78亿元（YoY+75.59%），实现归母净利润2.34亿元（YoY+200.42%）。其中，Q2公司实现营业总收入13.99亿元（YoY+40.84%），实现归母净利润1.15亿元（YoY+27.13%）。根据此前业绩预告中枢，公司整体业绩略超预期。
亨吉利保持强势增长，自有品牌超过疫前水平：21H1公司手表零售业务实现收入20.96亿元，同增93.2%，主因疫情影响下20Q1低基数，叠加消费回流大趋势下公司内生增长兑现。公司手表品牌业务上半年实现收入5.42亿元，同增43.06%，值得一提的是，相较于无疫情影响的2019年，公司品牌业务仍录得2.4%的增长，在21H1我国疫情点状爆发以及居民大众消费承压的环境下，仍有此表现，显示出公司自有品牌经营改善明显。",0.029355764
2021-08-22,26,飞亚达,2021年中报点评：名表销售继续闪耀，盈利能力持续上行,"21H1业绩落于预告区间，符合市场预期。公司2021H1实现营业收入27.78亿元，同比+75.6%；归母净利润2.34亿元，同比+225.9%。其中2021Q2实现营业收入14亿元，同比+40.8%；归母净利润1.15亿元，同比+27.1%。2021H1业绩延续靓丽表现，落于此前预告区间，符合市场预期。
亨吉利延续高增，自有品牌取得明显修复。分业务来看，1）2021H1手表零售服务业务（主要为亨吉利）收入20.96亿元，同比+93.17%，维持强劲增长。从外部环境看，2021Q2海外及国内疫情均有反复，全球旅行限制仍未有明显改善，名表消费持续回流。从公司自身业务拓展来看，2021H1公司在运营规范化、精细化、数字化等方面持续提升，中高端渠道数量也不断提升，在扩大公司名表销售优势的同时也为自主品牌发展夯实基础。2）2021H1手表品牌业务收入5.42亿元，同比+43.06%，2019H1-2021H1两年平均增速1.2%。2021H1自有品牌业务持续回暖，收入回升至疫情前水平。3）精密科技业务收入5930.6万元，同比-0.24%，仍处于前期培育阶段。",0.050002694
2021-10-12,26,飞亚达,点评报告：前三季度延续高增，高基数+局部疫情下单Q3略有逊色,"报告关键要素:
公司发布2021前三季度业绩预告，预计实现归母净利润3.4~3.6亿元，YoY+58%~+67%，预计实现基本每股收益0.7895~0.8366元/股，拆分单Q3来看，预计实现归母净利润1.05~1.25亿元，YoY-23%~-9%，业绩表现基本符合预期。",0.98027575
2021-10-26,26,飞亚达,点评报告：前三季度收入延续高增，业务推进筑实稳健发展,"报告关键要素:
公司披露 2021 年第三季度报告，报告显示，公司 21 年前三季度实现营业总收入 40.85 亿元（YoY+38.73%），实现归母净利润 3.43 亿元（YoY+59.50%）。其中， 单 Q3 公司实现营业总收入 13.07 亿元（YoY-4.06%），实现归母净利润 1.09 亿元（YoY-20.44%）。公司整体业绩基本符合预期。",1.0823272
2021-10-26,26,飞亚达,2021Q3业绩点评：基数压力偏大，盈利能力维持高位,业绩基本符合我们预期，高基数下利润端有所下滑。公司2021Q1-3实现营业收入40.85亿元，同比+38.7%，较2019Q1-3+49.1%；归母净利润3.43亿元，同比+59.5%，较2019Q1-3+91.6%。其中2021Q3实现营业收入13.07亿元，同比-4.1%，较2019Q3+36.9%；归母净利润1.09亿元，同比-20.4%，较2019Q3+98.2%。,1.2797654
2022-03-11,26,飞亚达,2021年业绩点评报告：名表零售延续高增，自有品牌稳健增长,报告关键要素:2022年3月10日，公司发布2021年年度报告，报告显示，报告期内公司实现营业总收入52.44亿元（YoY+23.57%），实现归母净利润3.88亿元（YoY+31.87%）。拆分Q4来看，实现营业总收入11.59亿元（YoY-10.87%），归母净利润0.45亿元（YoY-43.95%）。此外，公司拟向全体股东每10股派发现金红利3元（含税）。,1.2060099
2022-03-13,26,飞亚达,2021年业绩点评：效率改善盈利能力，疫情拖累Q4业绩,业绩略低于我们预期， 2021Q4 多地疫情反复叠加自然灾害拖累公司业绩。 公司 2021 年实现营业收入 52.4 亿元，同比+23.57%， 归母净利润3.9 亿元，同比+31.87%。其中 2021Q4 实现营业收入 11.6 亿元，同比-10.78%，较 2019Q4 +20.16%； 归母净利润 0.45 亿元，同比-42.94%，较2019Q4 +21.73%。 受 2021H2 以来社零数据同比增速较低和疫情扰动的影响， 2021Q4 整体增速回落。,1.195636
2022-03-23,26,飞亚达,首次覆盖报告：“运营提升+结构升级”夯实内生动力,钟表龙头品牌领先，盈利能力稳步提升。飞亚达1987年成立于深圳，是中航国际控股公司旗下的投资企业之一。公司以精密制造技术专注钟表行业，形成自有品牌腕表研发、设计、制造、销售、服务和名表零售两大核心业务，目前已经拥有自主品牌“飞亚达”、“唯路时”、“沐杨时计”及授权品牌“Jeep”、“北京”。2016-2021年收入、净利复合增速分别为12%、29%，2021年公司实现营业收入52.44亿元，同比增长23.57%，实现归母净利润3.89亿元，同比增长31.87%。盈利能力稳定提升、运营效率优化。2021年加权ROE达13.39%，同比提升2.61pct，存货周转率1.57次，同比提升0.22次。,0.7641603
2022-04-26,26,飞亚达,2022年一季报点评：业绩短期承压，修炼内功长期可期,"疫情影响下公司业绩略低于我们预期。 公司 2022Q1 实现营业收入 11.74亿元，同比-14.84%；归母净利润 0.86 亿元，同比-26.96%；扣非后归母净利润 0.84 亿元，同比-25.95%。
精密科技业务稳健增长，渠道改革稳步推进。分业务看，1）自有品牌业务方面，公司不断拓展营销渠道，线上电商渠道发展势头向好。2022年 1 月公司推出高端产品系列“太空人”，高端航天系列产品销售情况较好，公司持续进行航天系列营销投放，践行大国品牌战略； 2）手表零售服务业务方面， 2022 年疫情管控对线下渠道影响较大，公司推出线上智能销售系统一定程度上缓解疫情冲击。 根据 2022 年瑞表协会数据，2022M1-2 出口中国金额为 4.59 亿瑞郎，同比+2.6%，公司 2022M1-2 进口瑞表销售数据基本持平，与行业趋势相符； 3）精密科技业务方面，公司储备超过 200 台设备，收入端及利润端均保持双位数增长，并进一步调整客户结构，增加高毛利产品的客户占比。",0.47392988
2022-04-26,26,飞亚达,点评报告：消费回流与中高端腕表增长长期趋势不变，理性看待Q1收入同比下滑,"报告关键要素:
2022年4月22日，公司发布2022年Q1业绩报告，公告显示2022Q1实现营业收入11.74亿元（YoY-14.84%），实现归母净利润0.86亿元（YoY-26.96%），扣非归母净利润0.84亿元（YoY-25.95%）。",0.5426128
2022-08-22,26,飞亚达,点评报告：多重压力导致业绩短期承压，精密科技业务取得较大突破,"报告关键要素:
2022年8月19日，公司发布2022年半年度报告。报告显示，公司2022H1实现营业收入21.84亿元（YoY-21.38%），实现归母净利润1.41亿元（YoY-39.76%），扣非归母净利润1.3亿元（YoY-41.94%）。其中，Q2实现营业收入10.1亿元（YoY-27.83%），实现归母净利润0.54亿元（YoY-52.88%），扣非归母净利润0.46亿元（YoY-58.42%）。",1.0780631
2022-08-24,26,飞亚达,销售逐月改善，积极应对经营压力,"事件：公司发布半年报，1H22实现营业收入21.84亿元，同比下降21.4%，实现归母净利润1.41亿元，同比下降39.8%，扣非归母净利润1.30亿元，同比下降41.9%。公司单Q2实现营业收入10.10亿元，同比下降27.8%，实现归母净利润0.54亿元，同比下降52.9%，扣非归母净利润0.46亿元，同比下降58.4%。
点评：",1.2655072
2023-04-16,26,飞亚达,22年名表盈利优化显成效，自有品牌升级,事件： 公司发布年报，2022 年实现营业收入 43.54 亿元，同比下降 17.0%，实现归母净利润 2.67 亿元，同比下降 31.2%，扣非归母净利润 2.50 亿元，同比下降 32.4%。公司单 Q4 实现营业收入 9.69 亿元，同比下降 16.4%，实现归母净利润 0.37 亿元，同比下降 18.5%，扣非归母净利润 0.33 亿元，同比下降 19.2%。,1.2482938
2023-06-05,26,飞亚达,4月瑞表对中国出口高增，关注名表业务表现,"事件： 瑞士钟表工业协会公布 4 月瑞表出口数据， 23 年 4 月瑞士手表出口金额达 20.6 亿瑞士法郎，同比增长 6.8%； 1-4 月累计出口金额达 85.4 亿瑞士法郎，同比增长 10.5%。 其中 4 月对中国出口金额达 2.02 亿瑞士法郎，同比增长 108%； 1-4 月对中国出口金额累计同比增长 15%。
点评：",0.30371082
2023-08-23,26,飞亚达,Q2营收稳健净利高增，提效控费成效良好,"事件：公司发布半年报，2023年上半年实现营业收入23.65亿元，同比增长8.3%，实现归母净利润1.87亿元，同比增长33%，扣非归母净利润1.77亿元，同比增长36.5%。公司单Q2实现营业收入11.64亿元，同比增长15.3%，实现归母净利润0.84亿元，同比增55%，扣非归母净利润0.82亿元，同比增长78.65%。
点评：",0.036453903
2022-07-19,27,深圳能源,深度报告：聚焦成长的能源环保服务商,"公司定位于成长性的低碳清洁、多元综合、国际化的综合城市能源和环保服务商。
公司“十四五”战略发展规划中明确提出：坚定不移实施转型发展培育新动能，紧抓“双区”建设重大历史机遇，聚焦“30·60-碳达峰、碳中和”重大战略目标，打造以“清洁电力、生态环保、综合燃气、能源国际”为核心，构建以“能源科技、金融资本”为驱动的“四核双驱”六大板块，努力将公司塑造成为具有国际影响力的清洁能源与生态环保综合服务商。",0.3601188
2022-08-29,27,深圳能源,2022年半年报点评：煤电毛利率大幅改善，低碳能源开拓加快,"事件
深圳能源发布2022年中期报告，2022年1-6月实现营业收入162.84亿元，同比上升了18.81%；实现毛利28.73亿元，同比下降了21.24%；实现营业利润14.21亿元，同比下降了41.95%；实现归属母公司净利润10.74亿元，同比下降了45.23%。",1.244833
2023-04-24,27,深圳能源,年度点评报告：收入增长超预期，绿色能源转型发展坚决持续,"事件
公司发布2022年年报：2022年年度实现营业收入375.25亿元，同比增长16.17%；实现毛利65.11亿元，同比增长5.97%；实现归属母公司净利润21.99亿元，同比增长3.29%。",0.039752245
2020-10-26,28,国药一致,三季度业绩加速恢复，并购扩张促增长,业绩总结：公司2020前三季度实现营业收入428.8亿元（+8.8%），实现归母净利润10亿元（+4%），扣非归母净利润为9.8亿元（+4.1%），经营活动产生净现金流量净额19.8亿元（+87.3%）。其中，Q3营收157.1亿元（+13.7%），归母净利润3.5亿元（+14.1%），扣非归母净利润为3.5亿元（+16.8%），经营活动产生净现金流量净额5.5亿元（+778.4%）。,0.5858114
2021-03-16,28,国药一致,2020Q4业绩增长好于预期,"公司业绩：公司发布业绩快报，2020年实现营收596.5亿元，同口径下YOY+13.0%,录得净利润14.0亿元，YOY+10.6%，公司业绩略好于我们的预期。以此测算，2020Q4单季度实现营收167.7亿元，同口径下YOY+25.5%,录得净利润4.2亿元，同口径下YOY+29.5%，Q4净利增速较Q3的14.1%的增速继续提升，估计是得益于分销业务的恢复以及零售业务的继续高增。",0.066569686
2021-04-15,28,国药一致,国大药房高速增长，并购扩张持续进行,业绩总结：公司2020年实现营业收入596.5亿元（+13%）；归母净利润14亿元（+10.6%）；扣非后归母净利润为13.7亿元（+11.7%）。公司销售费用率、管理费用率、财务费用率分别为6.6%（+0.74pp）、1.7%（+0.07pp）、0.2%（-0.03pp），保持稳定。分季度来看，公司在2020财年Q4实现营业收入167.7亿元（+25.5%）；归母净利润4.0亿元（+31%）。疫情利空影响基本消退，下半年公司取得较大反弹。,0.12900448
2023-03-17,28,国药一致,2022年业绩增长好于预期，分销平稳，零售高增,"结论及建议：
公司业绩： 公司发布业绩快报， 2020 年实现营收 734.4 亿元， YOY+7.4%；录得归母净利润 14.9 亿元， YOY+11.2%，扣非后 YOY+10.8%； EPS 为 3.47元，公司业绩好于我们的预期。 分季度来看，公司 2022 年 Q1、 Q2、 Q3、Q4 分别实现营收 171.5 亿元、 189.8 亿元、 184.9 亿元、 188.3 亿元，分别YOY+6.9%、 +10.9%、 8.5%、 3.7%，分别录得归母净利润 2.5 亿元、 4.2 亿元、 3.7 亿元、 4.4 亿元，分别 YOY-23.3%、 +2.2%、 +12.2%、 +67.4%， Q4表现好于预期，主要受益于年末新冠达峰带来的药品需求激增。",0.025458276
2023-04-18,28,国药一致,医药零售高增，业绩表现符合预期,"结论及建议：
公司业绩：公司发布业绩快报，2023Q1实现营收186.9亿元，YOY+9.0%；录得归母净利润3.6亿元，YOY+43.5%，扣非后YOY+45.2%，公司业绩基本符合我们的预期。",0.1339181
2023-09-01,28,国药一致,两广医药分销龙头，零售药房持续释能,"推荐逻辑：1）国企改革深化，]国资委提出“一利五率”经营指标和“一增一稳四提升”总体目标，国药系资源赋能，整体经营质量提升。2）公司批发业务在两广地区27个地市级以上城市实现医院直销市场排名前三，覆盖率有望持续提升。3）国大药房有望通过“并购+自建+加盟”的方式提速扩张，加速调整品类结构，未来盈利能力提升可期。
国企改革深化，国药系资源持续赋能，净利率有望持续提升。国资委提出“一利五率”经营指标和“一增一稳四提升”总体目标，促进整体经营质量提升，未来有望推进中长期激励，激活企业活力。国药系资源支持下，公司的批零一体化业务具有显著资源优势、采购运营成本优势等。2022年毛利率实现12.2%，远高于行业平均的9.5%。资金与回款指标方面优于同业均值，截至2023Q1，资产负债率为58.5%，应收账款/营业收入比率为18.7%，应收应付剪刀差天数为25.8天，财务费率为0.2%。",0.8003159
2023-10-29,28,国药一致,2023年三季报点评：三季度业绩短期承压，零售业务净利率提升,"事件：公司发布2023年三季度报告，前三季度实现营业收入565.9亿元（+3.6%），实现归母净利润11.9亿元（+13.6%），实现扣非归母净利润11.4亿元（+13.3%）。2023Q3公司实现营业收入182亿元（-1.6%），实现归母净利润3.6亿（-3.8%），实现扣非归母净利润3.5亿元（-2%）。
三季度业绩短期承压，期间费率保持稳定。公司围绕可持续、高质量发展目标，多措并举，经营效益总体有所增长2023Q1-Q3营收分别为186.9/197/182亿元，同比+9%/+3.8%/-1.6%；归母净利润3.6/4.7/3.6亿元，同比+43.5%/+11%/-3.8%。2023Q3公司毛利率为11.6%(+0.1pp)；净利率为2.6%(+0.3pp)。费用方面，2023Q3公司销售费率为6.8%(-0.1pp)；管理费率为1.5%(+0pp)；财务费率为0.2%(-0.1pp)。",0.30511063
2024-04-16,28,国药一致,2023年门店稳健扩张，零售业务净利率提升,"事件：公司发布2023年年度报告，全年实现营业收入754.8亿元（+2.8%），实现归母净利润16亿元（+7.6%），实现扣非归母净利润15.3亿元（+7.6%）。2023Q4公司实现营业收入188.9亿元（+0.4%），实现归母净利润4.1亿（-6.7%），实现扣非归母净利润3.9亿元（-6.4%）。
四季度业绩短期承压，期间费率有所下降。公司紧跟外部行业市场和政策环境变化，聚焦高质量发展主线，坚持战略引领稳增长，转型创新求突破，加强费用管控体系建设，全面降本增效，支撑盈利改善。2023Q1-Q4营收分别为186.9/197/182/189亿元，同比+9%/+3.8%/-1.6%/+0.4%；归母净利润3.6/4.7/3.6/4.1亿元，同比+43.5%/+11%/-3.8%/-6.7%。2023年公司毛利率为12%(-0.16pp)，净利率为2.6%(+0.2pp)。费用方面，2023年公司销售费率为7.1%(-0.12pp)；管理费率为1.5%(-0.07pp)；财务费率为0.3%(+0.01pp)。",0.115758896
2024-04-29,28,国药一致,批零一体协同发展，零售利润提升潜力大,"投资逻辑：1）国大药房目前毛利率净利率较低，未来有望持续通过品类优化与提升运营效率等举措，增强盈利能力，利润提升潜力大；2）公司为两广分销龙头，通过强化两广网络的广覆盖与深布局，龙头地位有望持续得到稳固，维持稳健增长。
国药一致为全国连锁药房龙头，盈利能力改善潜力大。从行业层面来看，随着2023年药店明确纳入门诊统筹，处方外流得到进一步推动，龙头连锁凭借更为规范化的管理，较强的信息对接能力等特点，在资质申请方面具备天然优势，有望率先受益。国大药房在全国连锁药房中规模领先，截止2023年底已在全国20个省市自治区超160个城市拥有10516家药房。目前药店行业的连锁化率仍存在提升空间，通过自建、并购等扩张手段，龙头药房市占率有望进一步提升。从盈利能力来看，目前国大药房的毛利率及净利率相比其他上市药房处于较低位置，主要是因为其DTP和处方药占比较高。目前公司已通过战略转型，优化品类结构，推进精细化管理等方式提升盈利能力，利润率有望逐步提升。",0.021919608
2024-04-30,28,国药一致,公司深度报告：“两广分销+全国零售”双网布局，“提质增效”加速业绩增长,核心投资逻辑： 我们认为国药一致具备“戴维斯双击”潜质。在估值方面，国药一致当前 PE-TTM 估值约为 12 倍（近 5 年 PE-TTM 平均估值约为13 倍，中特估 PE 估值峰值约 17 倍） ，当前估值仍存弹性空间。 在业绩潜力方面， 2023 年国大药房净利率为 2.16%（同比提升 0.71 个百分点） ，而可比公司净利率均值均维持在 5%以上， 叠加公司持续推进国大药房产品结构优化以及提质增效进程，未来国大药房净利率提升仍有潜力。,0.050162613
2024-09-05,28,国药一致,整体业绩承压，分销业务相对稳健,公司事件：国药一致发布2024年中期业绩公告，24H1实现收入377.9亿元（同比-1.6%），实现归母净利润7.4亿元（同比-10.5%），实现扣非归母净利润7.1亿元（同比-10.5%）；单Q2季度实现收入187亿元（同比-5.1%），实现归母净利润3.5亿元（同比-24.2%），实现扣非归母净利润3.4亿元（同比-22.9%）。,0.8832087
2024-10-30,28,国药一致,Q3零售板块环比显著改善，恢复盈利可期,事件：国药一致公布2024年三季度业绩。2024年前三季度公司实现收入564.7亿元（同比-0.2%），实现归母净利润10.7亿元（同比-10.4%）。分季度来看，Q1/Q2/Q3收入分别为190.9/187.0/186.8亿元（同比+2.2%/-5.1%/+2.6%)；归母净利润分别为3.9/3.5/3.2亿元（同比+7.3%/-24.2%/-10.4%)。,0.9323361
2025-03-21,28,国药一致,商誉减值致短期承压，2025年经营有望改善,"事件：公司发布2024年业绩快报，报告期内公司实现营业收入743.78亿元，同比下降1.5%；归属于上市公司股东的净利润6.42亿元，同比下降59.8%，利润下降主要是因为零售板块受行业政策变化、市场竞争加剧等多重因素叠加影响，业绩有所下滑，计提较多减值损失所致。
计提减值损失致业绩短期承压。由于收购资产组的经营业绩较预期存在较大差距，公司计提信用减值9932.6万元，无形资产减值损失9.9亿元（其中商誉减值8.9亿元，无形资产减值（品牌使用权）3994.9万元，无形资产减值（销售网络）4213.2万元），预计减少公司归母净利润6.3亿元。截止2024Q3，公司商誉27.5亿元，商誉/总资产比重5.3%。",1.1490961
2025-04-08,28,国药一致,减值因素致使利润短期承压，看好国大药房“高质量发展”潜力,事件：公司发布2024年年报，2024年公司实现营业收入743.78亿元（同比-1.46%），实现归母净利润6.42亿元（同比-59.83%），扣非归母净利润5.81亿元（同比-62.08%）。其中，2024Q4单季度实现营业收入179.12亿元（同比-5.18%），归母净利润-4.23亿元（去年同期为4.1亿元），扣非归母净利润-4.43亿元（去年同期为3.9亿元），2024Q4单季度计提9.84亿元资产减值损失（主要系对商誉及收购对价分摊形成的无形资产（品牌使用权和销售网络）计提减值准备）。,1.1803524
2025-04-09,28,国药一致,资产减值导致24年业绩承压，盈利能力恢复可期,"事件：国药一致公布2024年全年业绩。2024年公司实现收入743.8亿元（同比-1.5%），实现归母净利润6.4亿元（同比-59.8%）。单Q4实现收入179.1亿元，同比-5.2%；实现归母净亏损4.2亿元，同比下滑203.3%。
业务拆分：",0.07739675
2025-04-30,28,国药一致,25Q1国大药房环比实现扭亏，期待全年利润改善,"事件：国药一致公布2025Q1业绩。25Q1公司实现收入182.9亿元（同比-4.2%），实现归母净利润3.3亿元（同比-15.6%），实现扣非归母净利润3.2亿元（同比-14.1%）。
业务拆分：",1.0260043
2025-09-08,28,国药一致,分销板块优化业务结构，国大药房盈利能力稳步提升,"事件：国药一致公布2025H1业绩。25H1公司实现收入368亿元（同比-2.6%），实现归母净利润6.7亿元（同比-10.4%），实现扣非归母净利润6.4亿元（同比-9.6%）；25Q2单季度实现收入185亿元（同比-1.0%），实现归母净利润3.4亿元（同比-4.7%），实现扣非归母净利润3.3亿元（同比-4.7%）。
业务拆分：",1.1338308
2021-03-30,31,大悦城,2020净利润率降至2.9%，2021计划冲击千亿,受新冠疫情冲击，大悦城2020年在销售面积增长，销售均价下降，导致销售金额下降2.4%。但是企业拥有一定的土地储备，并且2019-2020年新增土地储备建筑面积均高于销售面积，因此2021年疫情缓解后，在土地储备充足的情况下，销售业绩有望逐渐释放。此外，2020年大悦城的营业收入进一步增长，但是毛利润和净利润规模却转头向下。部分原因是企业结转的项目营业成本提高，降低了毛利润；另一部分原因则是在2020年疫情冲击下，产生了较多的非经常性损益，比如来自合联营公司的投资收益出现净亏损，另外部分项目销售价格不及预期产生了资产减值损失等。作为国企，企业在融资方面具有优势，融资成本处于行业内的低位，同时企业净负债率和现金短债比等财务指标优良，偿债能力强，债务风险低。,1.1912503
2021-08-30,31,大悦城,净利润率回升至8.2%，三道红线维持黄档,2021年上半年，大悦城重点布局的城市市场表现较好，并且企业首开项目去化率高，企业销售金额同比增长20.3%至359.6亿元。在盈利能力方面，2021年上半年大悦城的营业收入和净利润同比均上升，截至2021年中期，企业预收账款合计427.1亿元，则有助于保障未来营业收入的持续结转。,0.14121813
2022-04-13,31,大悦城,销售业绩稳步增长，持有业务向好发展,"一、 销售业绩稳步增长，销售回款率超过 100%
2021 年，大悦城实现合同销售 727 亿元，同比增长 5%，全口径回款金额 764.1 亿元，综合回款率创新高。 投资方面，坚持布局高能级城市，拿地成本有所上升。",0.046692193
2022-04-13,31,大悦城,业绩扭亏为盈，积极布局整装待发,"在2019年完成“A控红筹”资产重组后，公司成为央企中粮集团旗下唯一的地产业务平台，住宅商业双轮驱动的协同性更强：2021年，公司营业收入为426亿元，同比增长11%。其中销售物业收入为356亿元，同比增长9%，占比为84%；投资物业收入为50.5亿元，同比增长14%，占比为12%。
业绩扭亏为盈，留存利润暂不分红：2021年实现净利润7.7亿元，同比降低32%；归母净利润则转正，为1.1亿元；归母净利率微升，但仍仅为0.3%，主要因为（1）毛利率下降4.0个百分点至27.4%，主要是开发结算毛利率下降5.7个百分点至22.0%；（2）计提资产减值准备导致净利润减少21.3亿元；（3）投资收益损失14.4亿元。为保障后续经营需要，2021年不分红。",0.80266607
2022-09-02,31,大悦城,销售和盈利韧性强，融资成本进一步下降,"一、合同销售保持强韧性，坚持精准投资导向
销售型业务方面，大悦城实现合同销售金额285亿元，同比下降21%，降幅明显小于行业水平。持有型业务方面，大悦城保持拓展和开业节奏，在营购物中心和写字楼维持良好运营水平。投资方面，2022年上半年，大悦城在北京、杭州、苏州、武汉、成都等核心城市共获取7个项目，按金额计算的投销比来看与往年差距并不太大。",0.2779284
2022-09-06,31,大悦城,收入保持正增长，归母净利占比下滑,收入保持正增长：2022H1，公司实现营业收入150亿元，同比增长5%。其中销售物业收入122亿元， 同比增长12%， 占比为81%； 持有物业收入20亿元，同比下降19%，占比为13%。截至2022H1末，公司合同负债为373亿元，奠定未来收入基础。 公司预计2022年租金减免安排会影响收入9.7-13.5亿元。归母净利占比下滑拖累业绩：2022H1公司实现净利润10.6亿元，同比下降9%，但归母净利润仅0.86亿元，同比下降86%，主要因为本期结算项目权益占比较低，导致归母净利润占比仅为8%，较上年同期下降了45个百分点，较2021全年下降了6个百分点； 公司归母净资产占比维持在36%的较低水平，难以消除后续结转利润中归母占比提升的隐忧。所以，虽然2022H1 毛利率和净利率分别为34%和7%，较2021全年分别提升了6.5 和5.3 个百分点；但归母净利率为0.6%，仅较2021全年提升了0.3个百分点。,0.17098868
2025-03-17,31,大悦城,公司首次覆盖报告：“开发+经营”双轮驱动，潜心经营铸就品牌生态圈,"“开发+经营”双轮驱动，潜心经营铸就品牌生态圈，给予“买入”评级
大悦城背靠中粮集团，“开发+经营”双轮驱动，聚焦全国核心城市布局，整体物业开发及物业投资经营情况稳健，伴随投资物业板块业绩占比提升及地产业务板块逐渐企稳，盈利能力回升趋势明显，业绩有望持续释放。我们预计2024-2026年归母净利润分别为-30.35、-8.31、8.72亿元，EPS分别为-0.71、-0.19、0.20元，当前股价对应2026年PE为13.4倍，首次覆盖，给予“买入”评级。",0.86088985
2025-04-21,31,大悦城,公司信息更新报告：营收规模有所收缩，持有型物业表现强劲,"营收规模有所收缩，持有型物业表现强劲，维持“买入”评级
大悦城发布2024年年度报告，公司营业收入规模同比收缩，归母净利润同比下滑，公司整体物业开发及物业投资经营情况稳健，我们维持2025-2026年并新增2027年盈利预测，预计2025-2027年归母净利润分别为-8.3、8.7、15.2亿元，EPS分别为-0.19、0.20、0.36元，当前股价对应2026-2027年PE估值分别为13.5、7.7倍，伴随公司地产业务逐渐企稳，业绩有望持续释放，维持“买入”评级。",0.14916694
2025-09-03,31,大悦城,公司信息更新报告：新开南昌、深圳两座商场，购物中心销售额高增,"新开南昌、深圳两座商场，购物中心销售额高增，维持“买入”评级
大悦城发布2025年中期报告，公司营业收入同比有所收缩，归母净利润同比扭亏为盈，公司整体物业开发及物业投资经营情况稳健，公司以二次元业态助力持有型物业致使品牌影响力持续提升，我们维持盈利预测，预计2025-2027年归母净利润分别为-8.3、8.7、15.2亿元，EPS分别为-0.19、0.20、0.36元，当前股价对应2026-2027年PE估值分别为15.7、9.0倍，伴随公司地产业务逐渐企稳，业绩有望持续释放，维持“买入”评级。",0.10924345
2022-11-11,32,深桑达A,云可信，创未来,中国电子旗下重要上市平台。深桑达主要面向党政和关键行业客户提供数字与信息服务和产业服务。其中产业服务主要包括洁净室与供热服务等，2021年营收占比约90%，信息业务以“中国电子云”云计算及存储的产品技术为核心，2021年营收43.58亿元，占总营收10%。“中国电子云”构建了涵盖安全防护、IaaS、PaaS、SaaS在内的体系化云数产品、全栈技术及全方位运营服务，同时提供具备信创能力的公有云服务和专属云产品，将成为公司未来成长的主要驱动力。,0.62962794
2022-11-28,32,深桑达A,公司动态研究报告：国资上云+ 数据要素化双轮驱动，业绩高成长,"政策助力国资上云，打造千亿蓝海市场
2020年9月，国资委于《关于加快推进国有企业数字化转型工作的通知》提出，国有企业需加快推进基础数字平台等数字化转型工作。各地国资委纷纷响应号召，陆续布局地方“国资云”平台。2022年7月于第五届数字中国建设峰会云生态大会上，举行云上国资央企启动仪式暨国资监管云上线仪式，国资央企上云和监管云的上线将进一步推动央企数字化转型，实现国资监管效能提升。2021年我国私有云市场规模达1048亿元，预计2025年私有云市场规模超2600亿元。随着未来央国企及政府逐步迁移至云平台，假设到2025年央国企云的使用比例超过50%，则国资云市场空间有望超千亿。",0.19304073
2023-01-03,32,深桑达A,电子云混改落地，数据要素市场化未来可期,"事件：公司发布《关于子公司中电云数智科技有限公司实施混改暨关联交易的进展公告》，2022年12月29日，公司及中国电子云公司与国开基金、员工持股平台、中电信创签署了《增资协议》，约定外部战投国开制造业转型升级基金（有限合伙）、员工持股平台云启未来（武汉）管理咨询中心（有限合伙）、中电信创以相同价格向中国电子云公司增资。
混改实现有效激励：此次混改完成后，公司持有中国电子云60%股份，员工持股平台持有中国电子云16%股份，并作为公司的一致行动人。中电信创（中国电子为实控人）持有中国电子云16%股份，外部战投国开基金（国资控股）持有中国电子云8%股份，按混改投前中国电子云估值30亿元增资。混改完成后不会影响公司现有业务的稳定性，不影响公司合并报表范围，公司仍然为中国电子云控股股东。引入员工持股平台给予公司估值相对较低，体现公司绑定核心人才利益，长期做大做强中国电子云的决心，有利于吸引更多高质量科技人才，并筹措资金用于研发投入。引入主要由中国电子集团下属二级企业发起成立的中电信创，有利于促进集团公司业务协同，系统性发挥PKS体系优势。",0.76261705
2023-01-31,32,深桑达A,2022年业绩预告点评：持续加大电子云投入，国资云和数据要素龙头未来可期,"事件：公司2022年业绩预告，公司预计2022年归母净利润亏损1.6-1.1亿元，扣非净利润亏损2.75-2.35亿元，低于市场预期。
高研发投入厚积薄发：公司2022年亏损主要系1）持续加大数字与信息服务研发投入：公司旗下中国电子云加快完善在专属云、超融合一体机、分布式存储、大数据平台等领域的产品布局，以及一网统管、营商通等解决方案产品。2）数字与信息服务业务的市场拓展、业务交付、资金回款等受到一定程度限制，进而影响公司业绩。",1.395125
2023-05-04,32,深桑达A,2022年年报及2023年一季报点评：业绩超预期，数据创新业务未来可期,"事件：公司发布2022年报和2023年一季报，2022年，公司实现营收510.52亿元，同比增长16%；归母净利润亏损1.62亿元，同比下滑142%；23Q1实现营收129.26亿元，同比增长13%；归母净利润亏损0.57亿元，同比增长55%，2023年一季报业绩超预期。
电子云高速成长：中国电子云以自主技术为核心，在云计算、大数据、人工智能、安全、网络等领域具备自主设计与开发能力，是业界首个可同时提供具备信创能力的公有云服务和专属云产品的云计算厂商，以及国内首个以“增强”级安全能力通过中央网信办云计算服务安全评估的全国产化软硬件技术和支持PKS架构的云计算平台。中国电子云法人主体报表2022年营收3亿元，部分收入会在中国系统中体现，我们预计2022年深桑达A业务口径下云收入约8亿元，未来有望持续实现翻倍以上增长。",0.016857028
2023-06-28,32,深桑达A,公司动态研究报告：以“云数”为底，积极拥抱大模型浪潮,"业绩回暖，战略转型阵痛期即将过去
作为中国电子自主安全计算能力、计算产业的“出海口”，积极响应国家科技自强自立的时代号召，加大产品研发投入，推动其从集成型公司向产品型、科技型公司战略转型，自主可控优势进一步扩大。公司2022年实现营业收入511亿元，同比增长15.7%；归母净利润亏损1.62亿元，同比下降142%；研发投入15.4亿元，同比增长45.4%。公司2023年一季度营收增长、亏损大幅收窄，营业收入达到129亿元，同比增长13.3%；实现净利润1.01亿元，同比增长39.7%；归母净利润亏损0.566亿元，同比大幅减少0.683亿元；研发投入3.56亿元，同比增长13.1%，高研发投入仍然是造成归母利润亏损的主要原因。随着公司自主研发产品和解决方案逐步进入收获期，高研发投入带来利润亏损的阵痛期即将过去。",0.9361309
2023-07-30,32,深桑达A,公司首次覆盖报告：数字经济国家队，引领“国资云+数据要素”产业新趋势,"数字信息服务领域国家队，首次覆盖给予“买入”评级
公司系网信产业国家队，肩负中国电子“云数”战略使命，聚焦云计算及存储、数据创新、数字政府与行业数字化服务、高科技产业工程服务四项主业，构筑了数字与信息服务、产业服务两大业务板块。我们预计2023-2025年归母净利润为2.61、4.94、7.15亿元，EPS分别为0.23、0.43、0.63元/股，当前股价对应PE分别131.0、69.1、47.7倍。公司估值高于行业可比公司平均水平，考虑公司在国资云及数据要素领域的领先地位，首次覆盖给予“买入”评级。",0.7696845
2023-08-25,32,深桑达A,2023年中报点评：业绩符合预期，地方数据要素试点快速推进,"事件：公司发布2023年中报，2023H1公司实现营收267亿元，同比增长17.5%，归母净利润亏损1.49亿元，调整后同比增长53.6%，业绩符合市场预期。
业绩稳健增长，减少纯集成类业务规模：公司高科技产业工程服务优势地位显著，2023上半年实现稳健增长，2023年H1营收251亿元，同比增长23%；数字与信息服务2023年H1营收3.6亿元，同比下滑55%，主要由于公司全面向高科技、产品型公司转型，主动减少纯集成类业务规模，且部分项目在交付中未实现收入。",0.5207366
2023-08-25,32,深桑达A,公司信息更新报告：收入快速增长，持续引领数据要素创新,"数字信息服务领域国资龙头，维持“买入”评级
我们维持2023-2025年归母净利润预测为2.61、4.94、7.15亿元，EPS分别为0.23、0.43、0.63元/股，当前股价对应PE分别121.6、64.2、44.3倍，考虑公司在国资云及数据要素领域的领先地位，维持“买入”评级。",0.15966636
2023-10-27,32,深桑达A,2023年三季报点评：业绩符合预期，云数业务加速推进,"事件： 公司发布 2023 年三季报， 2023 年前三季度公司实现营收 386.71 亿元，同比增长 11.44%，归母净利润亏损 2.70 亿元，调整后同比增长 48.25%，业绩符合市场预期。
业绩符合预期，经营质量持续改善： 公司 Q3 单季度实现营收 119.52 亿元， 调整后同比下滑 0.09%， 归母净利润亏损 1.21 亿元，调整后同比增长 39.79%， 公司 2023 前三季度营收保持稳健发展， 归母净利润亏损大幅收窄，主要系公司全面向高科技、产品型公司转型， 主动减少纯集成类业务规模，经营质量持续改善。",0.32377595
2023-11-19,32,深桑达A,公司信息更新报告：业绩符合预期，持续发力数据要素市场,"数字信息服务领域国资龙头，维持“买入”评级
我们维持2023-2025年归母净利润预测为2.61、4.94、7.15亿元，EPS分别为0.23、0.43、0.63元/股，当前股价对应PE分别91.4、48.2、33.3倍，考虑公司在国资云及数据要素领域的领先地位，维持“买入”评级。",0.35984164
2024-04-26,32,深桑达A,2023年报点评：业绩符合预期，云数智业务快速成长,"事件：公司发布2023年报，公司2023年营收563亿元，同比增长10%，归母净利润3.3亿元，扭亏为盈，业绩符合市场预期。
经营质量显著提升：分业务来看，公司2024年高科技产业工程服务营收517亿元，同比增长13%，毛利率10.11%（同比-0.1pct）；数字与信息服务营收22亿元，同比下滑16%（主要系主动收缩偏集成类项目），毛利率31.64%（同比+4.44pct）。在研发费用率同比提升前提下，销售、管理费用控制得当，2023年末经营活动净现金流达到6.55亿元，同比由负转正，经营质量显著提升。",0.113943934
2024-09-01,32,深桑达A,2024半年报点评：经营质量持续改善，云数业务优势显著,"事件：公司发布2024年半年报，2024H1，公司实现营收333亿元，同比增长24%；实现归母净利润-0.38亿元（去年同期-1.49亿元），亏损同比大幅收窄，符合市场预期
自研产品持续推进，电子云经营质量持续改善：2024H1公司数字与信息服务业务收入6.8亿元，同比增长89%，毛利率36.27%，同比增长12.22pct。公司在云计算及存储方面持续投入研发力量，正式发布了CECSTACK V5.2版本、分布式存储CeaStor3.2.1版本，2024H1公司中标了扬州信创云、深圳宝安区国资云、深圳政务云（二期）、云浮市政务云、农业农村部运营云等项目；中标天津市传染病监测预警与应急指挥系统，通过CECSTACK边缘云服务当地200+医疗健康单位；运营云服务了农业部、交通部、北京互联网法院等一批核心客户的关键基础信息安全上云。此外，中国电子云携手北京、石家庄、武汉等地大力推进新质算力基础设施建设，截至2024年6月30日已参与超3300P先进智算算力建设，提供了超大规模优化算力资源和作业调度。",0.05807388
2025-04-28,32,深桑达A,2024年报和2025一季报点评：聚焦自研产品，云数业务有望加速,"事件：公司发布2024年年报和2025年一季报，公司2024年营收673.89亿元，同比+19.73%，归母净利润3.30亿元，同比+0.03%；2025年Q1公司营收125.45亿元，同比-18.41%，归母净利润亏损0.34亿元，由盈转亏，符合市场预期。
2024年高科技产业工程业务收入快速增长，数字与信息服务盈利质量改善：分业务来看，公司2024年高科技产业工程服务收入629.69亿元，同比增长21.66%，毛利率9.1%（同比-1.01pct），主要系公司在半导体、新型显示等优势行业龙头地位稳固，在半导体、大健康、新能源等多个行业落地订单，此外公司积极拓展海外市场；2024年数字与信息服务收入20.59亿元，同比下滑7.02%，毛利率34.64%（同比+3pct），主要系公司收缩低毛利业务，聚焦自研产品及服务，持续推进产品型及科技型公司转型，盈利质量持续改善。",0.58513296
2020-10-13,34,神州数码,深度报告：鲲鹏生态核心成员，“云+信创”成为公司主要增量,疫情推动叠加新基建，公司积极布局云及数字化业务。2020年上半年，公司营业收入中IT分销业务占比为96.78%，同比减少5.32%；云计算及数字化转型业务占比2.56%，同比增加88.12%；自主品牌业务占比0.64%，同比增加3.41%。其中，IT分销业务受疫情影响略有下降，但总体仍保持稳定增长。云计算及数字化转型业务增长迅速，自公司2017年业务实现云转型以来，17年-19年云服务收入年均复合增长率为96.36%，2020年上半年实现收入10.38亿，成为公司收入的强劲增长点。,1.0414603
2020-11-02,34,神州数码,业务加速增长彰显IT渠道价值,"事件
公司发布2020年三季报。三季度实现营业收入230.67亿元，同比增长11.76%；实现归母净利润1.50亿元，同增长31.91%；前三季度实现营收636.87亿元，同比增长1.13%，实现扣非后归母净利润为4.48亿元，同比增长10.11%。",0.0550853
2020-11-02,34,神州数码,三季度业绩亮眼，云服务和信创进展顺利,"事件： 公司发布三季报，前三季度公司实现收入 636.87 亿元，同比增长1.13%；实现归母扣非净利润 4.48 亿元，同比增长 10.11%。
收入利润已实现同比增长，三季度业绩大幅提升： 公司前三季度已实现收入和归母扣非净利润正向增长，其中第三季度单季实现 230.67 亿元，同比增长 11.76%；实现归母净利润 1.50 亿元，同比增长 31.91%，实现后疫情时代业绩高增。 第三季度，神州数码云及数字化业务持续保持量质齐升，收入同比增长 80%，并取得厂商端、客户端、第三方机构认证等领域的突破性进展，信创业务完成系列产品首发，并在多行业成功落地，开启发展新篇章。 公司云计算和信创战略业务扎实推进，研发投入持续增加， 前三季度累计研发投入 1.08 亿元，同比增长 34.53%。",0.03647083
2020-11-03,34,神州数码,神州数码：Q3单季利润增速大幅转正，信创及云服务加速确定性高,"事件： 10 月 30 日，公司披露 3 季度报，前三季度归属于母公司所有者的净利润 3.94 亿元，同比减少 22.85%；营业收入636.87 亿元，同比增长 1.13%。
点评：",0.13984579
2021-01-04,34,神州数码,合肥入股信创子公司估值百亿，神码有望迎来重估,20 亿现金入股，投后估值 100 亿： 北京神码拟在合肥市滨湖科学城设立“神州数码信创控股有限公司（筹）”，作为公司信创总部，通过重组承接上市公司信创业务。合肥建投、合肥滨投、合肥滨湖金融看好公司信创业务发展，拟以现金出资的方式向标的公司共计投资 20 亿元人民币，投资后合计占标的公司股权比例为 20%，因此此轮投资投后估值达到 100 亿元。 增资完成后，北京神码持有标的公司的比例由 100%下降至 80%，不会导致对标的公司控制权的变更。,0.5552039
2021-01-04,34,神州数码,合肥重金投入神州信创，信创板块前景可期,"事件
1月3日晚，神州数码发布公告称，其全资子公司北京神州数码有限公司拟在合肥设立子公司作为公司信创总部，合肥市建设投资控股（集团）有限公司等拟合计投资20亿元人民币，共同建设神州数码信创总部基地。",1.0195124
2021-01-04,34,神州数码,神州数码：引入合肥国资委设立信创子公司，未来业绩可期,"事件： 1 月 3 日，神州数码发布公告，其全资子公司北京神州数码有限公司 y]拟在合肥设立子公司建设信创总部基地，合肥建投、合肥滨投、合肥滨湖金融拟合计投资 20 亿元共同建设神州数码信创总部基地。
点评：",0.43291974
2021-03-31,34,神州数码,神州数码2020年度报告点评：云与信创共振，即将进入高速成长阶段,"一、事件概述
公司于3月30日发布年度报告，2020年实现营收920.6亿元，同比增长6.06%；实现归母净利润6.24亿元，同比下滑11.02%；扣非后净利润达到6.52亿元，较去年同期增长11.97%。",0.11396521
2021-04-05,34,神州数码,云和信创加速增长,"事件
3月31日，神州数码发布20年年度报告，全年实现营业收入920.60亿元，同比增长6.06%；实现归母净利润6.24亿元，同比下降11.02%；扣非归母净利润达到6.52亿元，同比增长11.97%；经营性现金流14.57亿元。",0.041113913
2021-04-06,34,神州数码,2020年年报点评：业绩符合市场预期，云和信创加持下的性价比品种,"事件：公司2020年实现营收920.60亿元，同比增长6.06%；扣非归母净利润为6.52亿元，同比增长11.97%，符合市场预期。
云业务高速增长，研发投入持续提升：2020年，在疫情的严重影响下，公司云业务依然实现了74%的高速增长，收购了GoPomelo成为国内唯一拥有覆盖全球五大公有云服务能力的多云技术公司，并且在IDC《中国第三方云管理服务市场份额报告2019》中，基于销售额口径，公司获得了市占率第一的骄人成绩。Q4公司实现营收283.73亿元，同比增长19.08%，增速环比持续改善；实现扣非归母净利润2.04亿元，同比增长16.29%，公司业务基本上摆脱了疫情的不利影响。公司自开启云业务及信创业务转型以来，研发投入持续增加，2020年累计研发投入1.82亿，同比增长近23.11%，研发人员数量占比亦从7.74%提升至9.96%，助力公司云及信创业务不断取得长足进展。",0.9275429
2021-04-30,34,神州数码,2021年1季报点评：云业务好于市场预期，信创业务加速行业深耕,事件：2021年一季度，神州数码实现营业收入240.19亿元，同比增加33.69%，相对于2019年增加10.14%；归母净利润实现1.55亿元，同比增加31.45%，相对于2019年增加14.09%；扣非净利润实现1.52亿元，同比增加34.13%，相对于2019年增加16.05%。业绩基本符合预期。公司研发费用大幅提升，股票回购彰显发展信心：公司持续加大云业务和信创业务研发投入，2021Q1研发费用为0.44亿元，同比增加60.43%，保障了公司在细分领域的技术领先。Q1经营性现金流4.81亿元，同比减少51.70%，主要原因是去年同期受疫情影响，厂商给予延长账期政策；投资现金流-3.46亿元，同比减少741.33%，主要是因为公司在Q1回购股票用于后续员工持股计划及/或股权激励计划，目前已回购2.6亿元，回购平均股价为21.72元，彰显公司对业务发展的信心。,0.3582837
2021-07-15,34,神州数码,2021年半年度业绩预告点评：云业务稳步推进，“神州鲲泰”助力信创发展,"事件：公司发布2021年半年度业绩预告，预计实现营业收入548亿元-589.00亿元，同比增加35.00%-45.00%；扣非净利润实现3.2-3.5亿元，同比增加4.79%-14.62%。业绩基本符合市场预期。
Q2营收稳步提升，净利润由盈转亏：2021年上半年，公司云服务、自主品牌以及分销三大业务板块继续保持良好的增长势头，公司整体营业收入预计同比增长35%-45%。归母净利润亏损-1.3亿元至-1.4亿元，由盈转亏是因为公司出售迪信通股权冲回相关费用所致。此次出售预计整体产生累计投资收益人民币0.73亿元，受冲回2017年购买迪信通获得的一次性收益及冲回历年计提迪信通投资收益及其他权益变动影响，当期产生非经常性损失人民币4.77亿元。剔除上述交易等非经常性损益的影响，公司扣除非经常性损益净利润预计为盈利3.20亿元至3.50亿元，同比增长4.79%至14.62%。",0.0707652
2021-09-01,34,神州数码,2021年中报点评：2021Q2收入保持高增，“云+信创”驱动长期发展,"一、事件概述
2021年8月30日公司发布2021年半年报，营收567亿元，同比增长39.6%；归母净利润-1.32亿元，同比下降154.09%；扣非净利润实现3.4亿元，同比增长11.1%。",0.15433812
2021-09-02,34,神州数码,2021年半年报点评：云业务稳步推进，“神州鲲泰”下半年投放市场,"事件：公司发布2021年半年度报告，实现营业收入567亿元，同比增加39.58%；扣除非经常性损益的净利润3.39亿元，同比增长11.07%。业绩基本符合市场预期。
各项业务全面向好：2021年上H1云计算及数字化转型业务实现营业收入16.88亿元，同比增长62.66%；自主品牌业务实现营业收入5.26亿元，同比增长102.96%；IT分销和增值业务实现营业收入544.80亿元，同比增长38.57%；研发投入持续增加，累计研发投入0.98亿，同比增长54.15%。归母净利润为-1.32亿元，其主要原因是受冲回2017年购买迪信通获得的一次性收益及冲回历年计提迪信通投资收益及其他权益变动影响，扣非后归母利润为3.39亿元。",0.07050419
2021-11-02,34,神州数码,2021年三季报点评：业绩持续亮眼，自主品牌形成生态,"事件：公司发布2021年三季度报，前三季度实现营业收入860.11亿元，同比增长35.05%；扣除非经常性损益的净利润5.02亿元，同比增长12.05%。其中，第三季度公司实现营业收入293.11亿元，同比增长27.07%；扣除非经常性损益的净利润1.63亿元，同比增长14.16%。业绩基本符合市场预期。
老牌IT龙头业绩表现持续亮眼：2021年前三季度，公司实现营业收入860.11亿元，同比增长35.05%，第三季度公司实现营业收入293.11亿元，同比增长27.07%。公在司各主营业务领域拥有强大竞争力：公司在云和数字化转型业务领域拥有覆盖多个行业头部客户的丰富实践和成功案例；公司展开基于“鲲鹏+昇腾”的全新布局，迅速成为信息技术应用创新引领者；公司以生态体系为依托，聚合更多的厂商和合作伙伴，推动在IT分销及增值服务业务高速增长。公司的行业地位与市场影响力得到了广泛认可，荣登2021年《财富》中国500强第124位，其市场龙头地位与综合实力持续推动业绩增长。",0.026995778
2022-03-31,34,神州数码,2021年年报点评：营收首次突破千亿，云+信创双轮驱动,"事件： 公司发布 2021 年年报，公司实现营业收入 1223.85 亿元，同比增长32.94%；扣非净利润 6.72 亿元，同比增长 3.14%。业绩超出市场预期。
自主品牌业务表现亮眼， 云计算及数字化转型业务高速增长： 分业务来看， IT 分销和增值业务营收 1168.38 亿元，同比增长 31.79%。 2021 年缺芯叠加国产化替代加速促使半导体行业整体景气度快速提升，在此背景下，公司微电子业务报告期内取得了大幅增长。 云计算及数字化转型业务营收 38.85 亿元，同比增长 45.71%。其中云转售业务（ AGG）收入34.4 亿元，同比增长 45%，云管理服务及数字化转型解决方案业务（ MSP+ISV）收入 4.5 亿元，同比增长 54%。自主品牌业务营收 16.50亿元，同比增长 126.86%。自主品牌业务快速增长的主要原因是信创业务取得突破式发展， 2021 年收入 11.5 亿元，同比增长 236%。",0.53428483
2022-04-12,34,神州数码,发布员工持股计划，高增长低估值优异品种,"事件： 2022 年 4 月 11 日，公司发布《神州数码集团股份有限公司 2022 年员工持股计划(草案)》。
高业绩目标低估值，性价比凸显： 员工持股计划考核指标为 2022、 2023年归母净利润不低于 10、 12 亿元。 2022 年业绩目标相比于 2021 年扣非净利润增加约 50%，而截至 2022 年 4 月 11 日，对应 2022 年估值仅10 倍 PE，性价比较高。",0.064920485
2022-04-30,34,神州数码,2022年一季报点评：股票激励给出新指引，行业信创是2022年主要看点,"事件： 公司发布 2022 年一季报，公司实现营业收入 285.99 亿元，同比增长 19.07%，归母净利润 1.87 亿元，同比增长 19.75%，扣非归母净利润 1.84亿元，同比增长 20.13%。业绩表现超出市场预期。
云和自主品牌业务展现超强动能： 2022 年一季度业绩再攀高峰，分业务看，云计算及数字化转型业务营收实现11.18亿元，同比增长38.53%；自主品牌业务营收实现 4.31 亿元，同比增长 83.52%。 2022 年一季度，公司研发费用同比增加 39.57%，主要是加大云业务和信创业务研发投入，云和信创业务是公司未来增长的主要动力，公司加大研发，超前布局。",0.9647815
2022-08-10,34,神州数码,公司首次覆盖报告：云与信创助力腾飞,"国内IT产品、技术解决方案和服务商，首次覆盖给予“买入”评级
公司致力于为国内各类企业客户提供国内外的IT产品、技术解决方案和服务。近几年公司传统IT分销业务维持稳定发展，同时积极拓展云服务业务及信创业务，取得显著成效。我们预计公司2022-2024年归母净利润为10.73、12.74、14.92亿元，EPS分别为1.62、1.92、2.25元/股，当前股价对应PE分别12.5、10.5、9.0倍。公司估值低于同行可比公司估值，首次覆盖给予“买入”评级。",0.9296189
2022-08-24,34,神州数码,公司深度报告：扛华为大旗，重塑中国数字底座,"二十载IT产业耕耘，三大核心业务齐头并进。公司2000年成立，2016年在A股上市，在信创、云、分销等核心业务上持续发力，郭为是公司实际控制人。持股比例23.44%。公司业绩稳步提升，2016-2021公司营收复合增速达20%，扣非净利润复合增速为24%，信创、云计算等业务逐渐成为公司业绩重要贡献。
信创行业：华为是信创“扛旗者”，根技术进展决定行业底层逻辑。1）鲲鹏芯片：鲲鹏920处理器是业界第一颗采用7nm工艺的数据中心级的ARM架构处理器，与国内主流自主CPU相比处于领先地位。2）鲲鹏服务器体系：Taishan服务器为标杆，吸引了神州鲲泰等大量优质合作伙伴参与。同时，华为在根技术领域不断进取，努力实现基础理论、架构和软件三个方面的重构。",0.94212675
2022-08-31,34,神州数码,2022年中报点评：云和自主品牌业务高增，与华为合作逐步升级,"事件：2022 年 8 月 31 日，神州数码发布 2022 年中报。 2022 年上半年，公司实现营业收入 576.74 亿元，同比增长 1.72%；归母净利润 3.90 亿元，同比增长 400.61%；扣非归母净利润 3.77 亿元，同比增长 10.37%。 业绩符合市场预期。
云计算及数字化转型业务营收增速亮眼， 与华为合作逐步加深： 2022 年H1，公司云计算及数字化转型业务实现营收 23.71 亿元，同比增长40.40%。其中云转售（ AGG）业务收入 21.03 亿元，同比增长 41.53%；云管理服务（ MSP）收入 2.26 亿元，同比增长 36.50%；数字化转型解决方案（ ISV）收入 0.42 亿元，同比增长 12.29%。 公司 IT 分销和增值业务克服了疫情影响，实现营业收入 544.95 亿元，同比保持持平。 2022年 H1，公司与华为合作持续加深，公司成为华为云 MSP 框架首批入围合作伙伴，并且完成了华为云 CSSP 认证级伙伴复核，并启动 CSSP 领先级伙伴的申请工作，未来有望与华为在更多领域进行合作。",0.055027723
2022-09-02,34,神州数码,公司信息更新报告：云与信创持续高增长，华为信创是大的看点,"国内IT产品、技术解决方案和服务商，维持“买入”评级
近几年公司传统IT分销业务维持稳定发展，同时积极拓展云服务业务及信创业务，取得显著成效。我们维持公司2022-2024年归母净利润预测为10.73、12.74、14.92亿元，EPS分别为1.62、1.92、2.25元/股，当前股价对应PE分别10.7、9.0、7.7倍，维持“买入”评级。",0.17323458
2022-09-05,34,神州数码,2022年半年报点评：云、信创业务高速增长，鲲鹏核心标的潜力可期,"2022年8月30日公司发布2022年半年报，公司2022H1实现营业收入576.74亿元，同比增长1.72%；归母净利润3.9亿元，同比扭亏为盈；扣非归母净利润3.77亿元，同比增长10.37%。
云业务成长动能强劲，MSP、AGG等细分业务增速超40%。2022H1公司云计算及数字化转型业务实现营业收入23.71亿元，同比增长40%，其中云转售（AGG）业务收入21.03亿元，同比增长42%，毛利率7.18%；云管理服务（MSP）收入2.26亿元，同比增长37%，毛利率47.21%；数字化转型解决方案（ISV）收入0.42亿元，同比增长12%，毛利率79.48%。",0.018689454
2022-09-07,34,神州数码,“云+信创”双轮驱动，IT分销龙头地位稳固,"事件：公司发布2022年半年度报告，实现营业收入576.7亿元，同比增长1.7%；实现归母净利润3.9亿元，同比增长400.6%；实现扣非归母净利润3.8亿元，同增长10.4%。单Q2实现营收290.7亿元，同比下降11.0%；实现归母净利润2.0亿元，同比增长170.8%；实现扣非归母净利润1.9亿元，同比增长3.0%。
IT分销龙头地位稳固，产品结构持续优化。公司作为国内IT分销龙头企业，依托其全面的产品、方案与服务，传统业务在大体量下仍然保持稳健，2022H1，公司IT分销业务实现营收545.0亿元，同比增长0.03%。从产品端来看，受益于数字经济推动，服务器、网络交换机等云基础设施需求高企，企业IT产品分销业务营收占比不断提升，2022H1企业IT分销业务产品销售实现收入217.6亿元，同比增长00016.3%，收入占比为37.7%，同比增长4.73pp。由于企业IT产品分销业务毛利率高于传统消费电子分销业务，公司毛利率水平有望逐步改善。同时，IT分销业务巩固了公司在行业中的领先地位，为公司推进“云+信创”业务转型提供坚实基础。",0.042932987
2022-10-20,34,神州数码,公司事件点评：再获重要鲲鹏订单，华为数字底座风云再起,"事件概述： 10 月 18 日，中国移动采购与招标网发布了《2021 年至 2022年 PC 服务器集中采购第二批次（标包 7—9）中标候选人公示》，神州数码集团股份有限公司下属控股子公司北京神州数码云科信息技术有限公司成为该项目标包 9（NFV 计算服务器）的第二中标候选人。
年内已有多个重要订单落地，彰显自身实力与体系地位。此次投标报价为4.77 亿元，中标份额 30%。结合之前发布的《2021 年至 2022 年 PC 服务器集中采购第二批次（标包 1-6）中标候选人公示》，在此次集中采购中，神州鲲泰服务器总共入围四个标包，且所有中标标包排名皆为前二，体现公司自身实力。根据招标公告显示，本次 PC 服务器采购规模为 34400 台，划分为 3 个标包，包含 NFV 计算服务器以及管理服务器，中标产品主要为产品主要为 KunTai R722服务器（2U 双路机架式服务器，搭载 2 颗鲲鹏 920 高性能 ARM 架构处理器，最大支持 128 个核心）。",0.16855043
2022-10-31,34,神州数码,公司信息更新报告：业绩超预期，信创业务不断突破,"国内IT产品、技术解决方案和服务商，维持“买入”评级
近几年公司传统IT分销业务维持稳定发展，同时积极拓展云服务业务及信创业务，取得显著成效。我们维持公司2022-2024年归母净利润预测为10.73、12.74、14.92亿元，EPS分别为1.62、1.92、2.25元/股，当前股价对应PE分别16.5、13.9、11.9倍，维持“买入”评级。",0.12892437
2022-11-01,34,神州数码,储能订单落地，神州数码如虎添翼,"事件：2022年10月31日，神州数码公告与中国电力工程顾问集团中南电力设计院有限公司签订了《中广核公安100MW、200MWh集中式储能站区项目EPC总承包工程储能系统及EMS设备采购合同》，合同含税总金额为3.5亿元。
客户为中国电力工程顾问集团中南电力设计院有限公司：神州数码为中广核公安100MW、200MWh集中式储能站区项目EPC总承包工程储能系统及EMS设备采购项目提供货物和服务，包括但不限于磷酸铁锂电池、电池管理系统（BMS）、PCS、智能子阵控制器、集装箱及其配套设施、储能变流器安装、运行及维修所必需的专用工具和仪器仪表、能量管理系统及设备等。神州数码向买方提供安装、调试服务，或者在由买方负责的安装、调试、考核中对买方进行技术指导、协助、监督和培训等。",0.8277995
2022-11-03,34,神州数码,公司事件点评：新能源重要订单落地，鲲鹏核心企业打开成长空间,"事件概述：2022年10月31日，公司发布公告，公司与中国电力工程顾问集团中南电力设计院有限公司签订了《中广核公安100MW、200MWh集中式储能站区项目EPC总承包工程储能系统及EMS设备采购合同》，合同含税总金额为34,510万元。
重要合同落地，公司增添新的成长动能。1）商业模式：公司与以ODM的方式进行储能产品的合作，主要针对智能组串式储能系统以储能生态合作电芯TK（代运营一站式解决方案）模式开展合作。",0.24962753
2022-11-03,34,神州数码,2022年三季报点评：业绩大超预期，信创业务发展加速,"事件： 2022 年 10 月 28 日，神州数码发布 2022 年三季报。 2022 年前三季度，公司实现营收 844.99 亿元，同比下降 1.76%；归母净利润 6.81 亿元；扣非归母净利润 6.59 亿元，同比增长 30.60%。 业绩超出市场预期。投资要点
Q3 利润端表现亮眼，研发投入不断加大： 2022 年 Q3，公司实现营收268.25 亿元，同比下降 8.48%；归母净利润 2.91 亿元，同比增长 63.03%；扣非归母净利润 2.83 亿元，同比增长 72.81%。 公司利润端表现优异，主要系公司 2022 年 Q3 毛利率同比提升 0.61pct。 2022 年 Q3，公司研发费用同比增加 32.66%， 研发费用率同比提升 0.19pct， 主要系加大云业务及信创业务研发投入。",0.013615191
2022-12-19,34,神州数码,公司信息更新报告：推出新一期股权激励计划，高行权价彰显信心,"国内IT产品、技术解决方案和服务商，维持“买入”评级
近几年公司积极拓展云服务业务及信创业务，取得显著成效。我们维持公司2022-2024年归母净利润预测为10.73、12.74、14.92亿元，EPS分别为1.62、1.92、2.25元/股，当前股价对应PE分别13.0、11.0、9.4倍，维持“买入”评级。",0.21239233
2022-12-19,34,神州数码,股权激励彰显经营信心，鲲鹏展翅迎接信创大年,"事件：2022年12月18日，神州数码发布2023年股票期权计划（草案）。
行权价格高于当前价格，彰显业绩增长信心：本次股权激励目的为吸引和留住优秀人才，提升公司凝聚力。本激励计划拟授予股票期权数量约占本激励计划草案公布日公司股本总额的4.87%。本次授予为一次性授予，无预留权益。本激励计划授予的激励对象共计430人。本激励计划授予股票期权的行权价格为21.17元/股，高于2022年12月18日收盘价21.10元，体现了公司对业绩增长的信心。",0.4511785
2022-12-28,34,神州数码,公司信息更新报告：拟发行可转债募资13.5亿元，完善信创战略布局,"国内 IT 产品、技术解决方案和服务商， 维持“买入”评级
近几年公司积极拓展云服务业务及信创业务，取得显著成效。我们维持公司 2022-2024 年归母净利润预测为 10.73、 12.74、 14.92 亿元， EPS 分别为 1.61、 1.91、2.23 元/股，当前股价对应 PE 分别 13.9、 11.7、 10.0 倍，维持“买入”评级。",0.21273571
2023-01-09,34,神州数码,发力信息技术应用创新，数云融合实现产业升级,"主要观点：
政策强势驱动，鲲鹏展翅可期",0.43342096
2023-01-30,34,神州数码,盈利表现符合预期区间，信创战略注入增长动力,"事件概况
神州数码于1月30日发布2022年度业绩预报，全年实现营业收入1150-1170亿元，同比下降6.03%-4.40%；实现归母净利润10.0-10.3亿元，同比增长301.34%-313.38%；实现扣非归母净利润9.1-9.4亿元，同比增长34.50%-38.93%。",0.18148518
2023-01-31,34,神州数码,公司信息更新报告：业绩符合预期，信创与云表现强劲,"国内IT产品、技术解决方案和服务商，维持“买入”评级
近几年公司积极拓展云服务业务及信创业务，取得显著成效。考虑激励费用影响，我们略下调公司2022-2024年归母净利润预测为10.09、12.58、14.64亿元（原预测为10.73、12.74、14.92亿元），EPS分别为1.51、1.88、2.19元/股，当前股价对应PE分别14.8、11.8、10.2倍，维持“买入”评级。",0.11019254
2023-02-10,34,神州数码,信创服务器再次预中标，销售规模有望进一步增长,"事件概况
神州数码于2月9日发布关于中标候选人公示的提示性公告，根据中国移动采购与招标网发布的《中国移动2021年至2022年PC服务器集中采购补充采购第二期中标候选人公示》，神州数码为第2中标候选人，投标报价为8.14亿元（不含税），中标份额30%。预中标项目的供货产品为神州鲲泰系列PC服务器，如项目能顺利中标并实施，预计将对公司产生积极影响。",0.14118743
2023-02-27,34,神州数码,对外投资山石网科，技术与渠道强强联合,"事件概况
2月26日，神州数码集团股份有限公司的全资子公司神州云科（北京）科技有限公司与越超高科技有限公司签署了《股份转让协议》。其中，神州云科以自有或自筹资金受让越超高科持有的山石网科通信技术股份有限公司（股票代码688030.SH）的0.22亿股股份，价款总额为4.48亿元。本次交易完成后，神州云科持有山石网科的股份比例为11.95%。神州云科将向山石网科推荐2名非独立董事和2名高级管理人员。",0.23980528
2023-04-05,34,神州数码,2022年年报点评：利润快速增长，信创+AI双轮驱动,"事件： 2023 年 3 月 30 日，公司发布 2022 年年报。 2022 年，公司实现营收 1,158.80 亿元，同比减少 5.32%；归母净利润 10.04 亿元，同比增加303.11%；扣非归母净利润 9.21 亿元，同比增加 36.09%。业绩符合市场预期。投资要点
利润表现亮眼， 自主品牌业务增长迅速： 公司 2022 年营收同比减少，主要系公司主动聚焦高价值、高毛利业务所致。 公司扣非归母净利润增速较快，主要系公司提质增效、整体毛利率的提升以及战略业务比重的增加。 分业务来看， 2022 年， IT 分销业务实现营收 1082.75 亿元，同比减少 7.33%。 云计算及数字化转型业务实现营收 50.23 亿元，同比增长29.29%。其中云转售（ AGG）业务收入 43.60 亿元，同比增长 26.82%；云管理服务（ MSP）收入 5.18 亿元，同比增长 50.58%。自主品牌业务实现营收 25.70 亿元，同比增长 55.75%，主要系信创战略持续推进所致。",0.20853812
2023-04-09,34,神州数码,利润如期释放，多方位延伸布局,"事件：公司发布2022年年度报告，实现营业收入1158.8亿元，同比减少5.32%，实现归母净利润10.0亿元，同比增长303.1%。
盈利能力明显改善，“云与信创”维持高增。2022年公司主动聚焦高价值、高毛利的IT分销及增值服务，运营水平及资金使用效率进一步优化，虽受宏观因素和下游景气度波动等影响，但传统分销业务毛利率同比提升0.43pp，盈利能力得到释放。报告期内公司继续推进“云与信创”双轮驱动的战略，云业务实现收入50.2亿元，同比增长29.3%，自主品牌业务实现收入25.7亿元，同比增长55.8%。公司作为华为算力领域的重要合作伙伴，神州鲲泰服务器陆续中标电信运营商、金融、电力、教育等多个行业的订单，同时神州鲲泰发布AI服务器，涵盖中心训练服务器、推理服务器、边缘服务器等多个类型；此外公司亦完成海光平台服务器样机开发，进一步丰富信创产品线。",0.11616731
2023-05-05,34,神州数码,公司信息更新报告：信创业务全面开花，2023年有望继续快速发展,"国内IT产品、技术解决方案和服务商，维持“买入”评级
考虑激励费用影响，我们下调公司2023-2024年归母净利润预测为12.21、14.58亿元（原预测为12.58、14.64亿元），新增2025年预测为17.48亿元，EPS分别为1.82、2.18、2.61元/股，当前股价对应PE分别15.0、12.5、10.4倍，公司信创业务全面开花，2023年有望继续快速发展，维持“买入”评级。",0.11969125
2023-05-19,34,神州数码,Q1利润稳步增长，信创订单陆续交付,"事件： 公司发布2023年一季度报告，实现营业收入 271.2亿元，同比减少 5.2%，实现归母净利润 2.1亿元，同比增长 11.6%，实现扣非净利润 2.4亿元，同比增长 29.1%。
Q1业绩符合预期， 利润稳步释放。 2023年 Q1，公司收入小幅下滑，预计主要受宏观因素和下游景气度波动等影响；但公司利润释放良好， 扣非后净利润同比增长 29.1%，主要系报告期内计提存货跌价准备金同比大幅减少。此外，公司一季度销售、管理、研发、财务费用率分别为 1.55%（ +0.05pp）、 0.26%（ -0.01pp）、 0.26% （+0.05pp）、 0.15%（ -0.05pp），除研发费用的绝对值明显提升 14.7%之外， 其他费用均有减少， 费用率小幅攀升主要系收入规模下滑而人员成本刚性所致，体制增效举措仍然取得良好成果。",0.45470953
2023-09-03,34,神州数码,2023年中报点评：业务结构持续优化，鲲鹏+昇腾双高增,"事件：2023年8月30日，神州数码发布2023年中报。2023年H1，公司实现营收556.01亿元，同比减少3.59%；归母净利润4.33亿元，同比增加11.19%；扣非归母净利润4.28亿元，同比增加13.68%。业绩超出市场预期。
经营性现金流表现亮眼，云和自主品牌业务营收占比提升：2023年H1，公司经营性现金流为5.15亿元，同比增长486.74%，主要系公司加强应收账款催收力度。分产品来看，2023年H1，公司IT分销业务实现营收508.97亿元，同比减少6.60%，营收占比91.54%；云计算及数字化转型业务实现营收31.88亿元，同比增长34.48%，自主品牌业务实现营收15.10亿元，同比增长88.40%。2023年H1，云和自主品牌业务合计收入占比8.46%，同比上升2.95pct，反映公司战略业务收入持续优化。",0.035542905
2023-09-03,34,神州数码,公司信息更新报告：业务结构持续优化，自主品牌收入增速超预期,"国内IT产品、技术解决方案和服务商，维持“买入”评级我们维持公司2023-2025年归母净利润预测为12.21、14.58、17.48亿元，EPS分别为1.82、2.18、2.61元/股，当前股价对应PE分别17.0、14.2、11.9倍，公司信创业务全面开花，2023年有望继续快速发展，维持“买入”评级。
业绩符合预期，现金流大幅改善",0.10183525
2023-09-06,34,神州数码,神州数码：收入结构持续优化，自主品牌业务布局加速,收入结构持续优化，云计算及自主品牌业务实现高速增长 。 2023 年上半年，公司实现营业总收入 556.01 亿元，较上年同期减少 3.59%， 归属于上市公司股东的净利润 4.33 亿元，较去年同期增长 11.19%，归属于母公司所有者扣除非经常性损益净利润 4.28 亿元，同比增长13.68%。分业务看， 云计算及数字化转型业务实现营业收入 31.88 亿元，同比增长 34.48%；自主品牌业务实现营业收入 15.10 亿元，同比增长 88.40%； IT 分销和增值业务实现营业收入 508.97 亿元，同比减少 6.60%。战略业务收入结构持续优化，云计算及数字化转型业务以及自主品牌业务两项战略业务占总收入比例同比增长了 2.95 个百分点。,0.03385997
2023-10-30,34,神州数码,三季度业绩稳健向上，关注昇腾产业链新变化,"主要观点：
事件概况",1.0260849
2023-10-31,34,神州数码,2023年三季报点评：战略布局“数据+云+AI”，打造全新增长点,事件概述：2023年10月30日公司发布2023年三季度报告，2023年前三季度，公司实现营业收入841.55亿元；归母净利润为8.51亿元，同比增长24.91%；扣非归母净利润为8.43亿元，同比增长27.82%。2023年Q3单季度，公司实现营收285.54亿元，同比增长6.44%；归母净利润为4.17亿元，同比增长43.28%；扣非归母净利润为4.15亿元，同比增长46.65%。,0.19563639
2023-11-01,34,神州数码,2023年三季报点评：Q2业绩超预期，自主品牌业务发展迅速,"事件：2023年10月30日，神州数码发布2023年三季报。2023年前三季度，公司实现营收841.55亿元，同比减少0.41%；归母净利润8.51亿元，同比增加24.91%；扣非归母净利润8.43亿元，同比增加27.82%。业绩超出市场预期。
Q2业绩高速增长，三大业务齐头并进：2023年Q3，公司实现营收285.54亿元，同比增加6.44%；归母净利润4.17亿元，同比增加43.28%；扣非归母净利润4.15亿元，同比增加46.65%。Q3业绩超预期主要系主业分销业务率先复苏，云战略深入推进，自主品牌持续高速增长。2023年前三季度华为算力鲲鹏+昇腾服务器业务营收超20亿，超过2023年全年收入。",0.013638139
2023-11-06,34,神州数码,“鲲鹏+昇腾”生态核心伙伴，信创、AI双轮驱动,公司是国内IT分销龙头企业，战略布局云和信创业务。公司通过二十年积累构建了覆盖各大垂直行业、整合30000余家销售渠道的ToB销售渠道网络。得益于强大的渠道网络和出色的服务能力，公司连续多年蝉联“中国IT增值分销商十强”榜首。2017年，公司收购上海云角，全面开启云与数字化转型。2020年，公司建立神州鲲泰（厦门）生产基地，重点发力信创业务。目前，公司主营业务分为IT分销、云计算和数字化转型、自主品牌（信创）三大业务。其中，云和信创两大战略业务发展势头良好。2018-2022年，公司云计算及数字化转型、自主品牌收入CAGR分别为71.47%、49.83%。2023年前三季度，公司实现扣非净利润实现8.43亿元，同比增长28%。其中，Q3单季度实现扣非净利润4.15亿元，同比增长47%。,1.024376
2023-11-07,34,神州数码,2023年三季报点评：利润维持高增长，鲲鹏+昇腾双翼齐飞,"事件：公司发布2023年三季度报告，前三季度实现营业收入841.6亿元，同比减少0.4%，实现归母净利润8.5亿元，同比增长24.9%；单三季度实现营业收入285.5亿元，同比增长6.4%，实现归母净利润4.2亿元，同比增长43.3%。
Q3收入明显恢复，利润高速增长。2023年Q3公司收入同比转增，预计主要系下游消费电子等景气度有所恢复；单三季度毛利率为4.4%，同比提升0.20pp，公司主动聚焦高价值、高毛利的IT分销及增值服务，运营水平及资金使用效率进一步优化，截至报告期末公司存货为102.5亿元，较年初减少22.5亿元，存货周转率为7.09，同比提升16.4%，报告期内计提存货跌价准备金同比大幅减少，盈利能力进一步释放。",0.016701043
2023-11-12,34,神州数码,2023三季报点评：战略级业务成长快，“大华为”布局显优势,"事件：公司前三季度实现营业收入841.55亿元（-0.41%），归母净利润8.51亿元（+24.91%），扣非净利润8.43亿元（+27.82%）
营收回暖，“数云融合+信创”战略级业务快速成长",0.03118229
2023-11-14,34,神州数码,公司信息更新报告：业绩大超预期，鲲鹏及昇腾大单密集落地,"国内IT产品、技术解决方案和服务商，维持“买入”评级
我们维持公司2023-2025年归母净利润预测为12.21、14.58、17.48亿元，EPS分别为1.82、2.18、2.61元/股，当前股价对应PE分别18.5、15.5、12.9倍，公司信创业务全面开花，2023年有望继续快速发展，维持“买入”评级。",0.11934924
2024-02-23,34,神州数码,央企加快智算建设，国产AI服务器有望腾飞,"2月19日国务院国资委指出，中央企业要加快布局和发展人工智能产业，夯实发展基础底座，加快建设一批智能算力中心。
我们认为神州数码作为国产华为升腾服务器相关龙头，有望显著受益。首次覆盖，给予“买进”评级。",0.5208818
2024-03-12,34,神州数码,首次覆盖：紧抓数字中国时代机遇，共建鲲鹏昇腾产业生态,IT分销龙头，深耕企业数字化转型。公司主营业务包括IT分销及增值服务业务、云计算和数字化转型业务和信创业务，根据最终销售客户和产品的不同，公司IT分销及增值服务业务可进一步划分为消费电子业务和企业增值业务。公司是中国最大的、涉及领域最广的IT领域分销和增值服务商。经过二十多年的积累，公司建立了遍布国内1000余座城市，涵盖30000余家渠道合作伙伴的营销渠道网络。公司IT分销及增值服务业务涵盖包括移动办公设备、计算机配件、智能硬件、物联网设备、笔记本电脑等上万种IT产品。,0.15567273
2024-03-31,34,神州数码,公司信息更新报告：信创业务高速增长，开启“国产算力+智算”新布局,"国内IT产品、技术解决方案和服务商，维持“买入”评级
考虑激励费用影响，我们下调公司2024-2025年归母净利润预测为14.03、16.99亿元（原预测为14.58、17.48亿元），新增2026年预测为21.35亿元，EPS分别为2.09、2.54、3.19元/股，当前股价对应PE分别14.1、11.6、9.3倍，考虑公司在“鲲鹏+昇腾”生态的领先布局，维持“买入”评级。",0.14656109
2024-04-01,34,神州数码,2023年报点评：数云融合成效显著，AI提升长期增长动能,"事件概述：2024年3月29日公司发布2023年度报告，2023年公司实现营业收入1196.24亿元，同比增长3.23%；归母净利润11.72亿元，同比增长16.66%；扣非归母净利润12.63亿元，同比增长37.22%。
软硬件战略布局生成式AI，云数算一体化打造全新增长点。1）软件端：发布“神州问学”AI平台产品。神州问学由公司的人工智能产品Jarvis正式升级而成，已经对接了数十家主流大模型，协助企业投产和运营自己的大模型应用，成功帮助医药、零售等行业客户落地生成式AI应用场景；携手十余家产业生态合作伙伴共同开启“生成式AI问学共创计划”。2）硬件端：持续推进AI服务器的研发、推广。完成多款新一代AI服务器的研发、生产及交付，推出神州鲲泰问学一体机等新品，并首度获得华为“鲲鹏+昇腾”双领先认证；神州数码深圳人工智能计算中心项目也已正式启动。",0.15511537
2024-04-03,34,神州数码,2023年年报点评：云和自主品牌业务高增，积极拥抱生成式AI,"事件：2024年3月29日，神州数码发布2023年年报。公司实现营收1196.24亿元，同比增加3.23%；归母净利润11.72亿元，同比增加16.66%；扣非归母净利润12.63亿元，同比增加37.22%。业绩符合市场预期。
“数云融合”战略推进，云业务营收增速亮眼：2023年实现营业收入69.31亿元，其中云转售（AGG）业务收入58.15亿元，同比增长33.38%，毛利率5.87%；数云融合业务（MSP和ISV）收入11.16亿元，同比增长68.25%，毛利率42.23%。2023年，神州数码先后战略投资高科数聚、并购领航动力、成为山石网科第一大股东，基于数云融合技术体系框架，在网络安全、数据应用、汽车行业、运营商行业、制造业以及客户服务能力等方面持续完善全栈能力。",0.1390127
2024-04-03,34,神州数码,业绩稳健增长，自主业务加速扩张,"事件：公司发布2023年年度报告，全年实现营业收入1196.2亿元，同比增长3.2%；实现归母净利润11.7亿元，同比增长16.7%；实现扣非归母净利润12.6亿元，同比增长37.2%。
数云融合战略完成AI能力迭代，自主品牌业务高速扩张。分业务看，1）公司IT分销业务实现收入1088.4亿元，同比增长0.5%，公司主动聚焦高价值、高毛利业务，运营水平及资金使用效率进一步优化。2）云计算及数字化转型业务实现收入69.3亿元，同比增长38.0%，报告期内公司数云融合完成以AI和数据为核心的能力迭代，推出一站式大模型集成和运营平台“神州问学”产品，并正式启动深圳智算中心项目，为企业客户落地生成式AI为企业提供模型、算力、数据和应用的连接能力。3）自主品牌业务实现收入38.3亿元，同比增长49.0%，子品牌神州鲲泰，连续中标多项通用服务器与AI服务器大单，成为鲲鹏+昇腾生态的双领先级合作伙伴，持续验证市场影响力。",0.018343389
2024-04-08,34,神州数码,2023年报点评：营收结构优化趋势明显，持续丰富“国产化算力+智算”产品体系,"事件：公司2023年实现营收1196.24亿元，同比+3.23%；归母净利润11.72亿元，同比+16.66%；扣非后归母净利润12.63亿元，同比+37.22%
战略转型业务收入持续快速增长，营收结构逐级优化趋势明显。",0.015272737
2024-04-09,34,神州数码,自主品牌表现亮眼，深度布局国产算力,"事件：神州数码发布2023年年度报告。公司2023年实现营业收入1196.24亿元，同比增长3.23%；归母净利润11.72亿元，同比增长16.66%；扣非净利润12.63亿元，同比增长37.22%。
战略业务收入占比持续提升，自主品牌表现亮眼。分业务看，1）云计算及数字化转型业务实现收入69.31亿元，同比+37.98%。其中，云转售（AGG）业务收入58.15亿元，同比+33.38%，毛利率5.87%；数云融合业务（MSP和ISV）收入11.16亿元，同比+68.25%，毛利率42.23%；2）自主品牌业务实现收入38.29亿元，同比+48.95%；3）IT分销和增值业务实现收入1088.53亿元，同比基本持平。战略业务收入结构持续优化，云计算及数字化转型业务以及自主品牌业务两项战略业务占总收入比例同比增长了2.44个百分点。",0.024187148
2024-04-11,34,神州数码,年报点评报告，战略布局生成式AI，云与自主品牌业务高增长,"公司于2024年3月28日发布2023年年报，2023年实现营业收入1196.24亿元，同比增长3.23%；归属于上市公司股东的净利润11.72亿元，同比增长16.66%；归属于上市公司股东的扣除非经常性损益的净利润12.63亿元，同比增长37.22%。
观点：",0.050748765
2024-04-28,34,神州数码,公司信息更新报告：战略业务重点突破，积极开拓国际化与汽车市场,"国内IT产品、技术解决方案和服务商，维持“买入”评级
我们维持公司2024-2026年归母净利润预测为14.03、16.99、21.35亿元，EPS分别为2.09、2.54、3.19元/股，当前股价对应PE分别14.4、11.9、9.5倍，考虑公司在“鲲鹏+昇腾”生态的领先布局，维持“买入”评级。",0.15200907
2024-04-29,34,神州数码,业绩符合预期，AI算力业务大幅增长,"事件：神州数码发布2024年一季报。公司2024Q1实现营业收入292.72亿元，同比+7.95%；归母净利润2.35亿元，同比+12.35%；扣非净利润2.03亿元，同比-14.73%。
战略业务收入占比持续提升，自主品牌表现亮眼。24Q1，公司云及数字化业务营收实现16.8亿元，其中高价值的数云业务（MSP+ISV）实现营收3.66亿元，同比增长127%。自主品牌业务营收实现12.5亿元，其中信创业务实现营收11.38亿元，同比增长166%；AI算力相关业务实现爆发性增长，单季营收规模接近去年全年。公司业务结构进一步优化，带动盈利能力持续提升，24Q1毛利率同比提升0.89pct。",0.6716977
2024-09-02,34,神州数码,2024半年报业绩点评：公司业绩加速增长，AI服务器深度受益人工智能浪潮,"事件：公司发布2024年半年报，2024H1，公司实现营业收入625.62亿元，同比增长12.52%；实现归母净利润5.09亿元，同比增长17.52%，营收和归母净利润均位于此前业绩预告中枢位置，符合市场预期。
点评：",0.7072215
2024-09-02,34,神州数码,2024年半年报点评：核心业务持续发力，信创业务高景气度延续,"事件概述：2024年8月30日公司发布2024年半年报，2024年上半年，公司实现营业收入625.62亿元，同比增长12.52%；归母净利润5.09亿元，同比增长17.52%；扣非净利润4.55亿元，同比增长6.14%。
2024Q2收入、利润均稳健成长，核心业务持续发力。2024Q2，公司收入及归母净利润同比增速分别达到17%和22%。2024年上半年，公司自有品牌产品业务强劲增长，实现营业收入26.6亿元，同比增长45.5%。毛利率10.5%，同比提升1.7个百分点。自有品牌产品业务利润总额为4403万元。信创方面，国产化需求持续释放，公司作为华为鲲鹏核心合作伙伴之一，相关业务保持快速发展态势；同时，AI算力领域景气度高，公司作为华为昇腾的核心合作伙伴之一，拥有整机、分销等多种能力并不断补强其他能力。2024年上半年，信创业务收入21.9亿元，同比增长73.3%，毛利率12.1%。其中，神州鲲泰人工智能服务器受益于行业高景气度，实现收入5.6亿元，同比增长273.3%。",0.017275631
2024-09-03,34,神州数码,2024年半年报点评报告：2024H1业绩略超预期，数云服务及自有品牌业务高增长,"公司于2024年8月31日发布2024年半年度报告。报告期内，公司实现营业收入625.6亿元，同比增长12.5%；归属于上市公司股东的净利润5.1亿元，同比增长17.5%；
观点：",0.023271143
2024-09-03,34,神州数码,2024年半年报点评：分销基本盘稳固，自主品牌业务保持高增,"事件：2024年8月30日，公司发布2024年半年报。2024年上半年，公司实现营收625.62亿元，同比增长12.52%；归母净利润5.09亿元，同比增长17.52%；扣非归母净利润4.55亿元，同比增长6.14%。业绩符合市场预期。
分销业务基本盘稳固，微电子业务营收增速亮眼：2024年上半年，IT分销及增值服务业务继续保持增长态势，实现营业收入598.3亿元，同比增长9.8%。毛利率3.5%，同比提升0.3个百分点。分销业务利润总额为7.2亿元。2024年上半年，公司以国内外通用芯片和人工智能等专用芯片分销为主的微电子业务板块实现了强势增长，实现收入97.6亿元，同比增长39.7%。该业务板块在上半年带动公司整体分销业务快速复苏的同时，成功引入了更多的国产半导体品牌，如华为海思等。",0.037362278
2024-09-03,34,神州数码,公司信息更新报告：Q2业绩超预期，自有品牌业务强劲增长,"国内IT产品、技术解决方案和服务商，维持“买入”评级
我们维持公司2024-2026年归母净利润预测为14.03、16.99、21.35亿元，EPS分别为2.09、2.54、3.19元/股，当前股价对应PE分别11.7、9.7、7.7倍，考虑公司正推进数云融合及信创战略，维持“买入”评级。",0.1980921
2024-09-04,34,神州数码,2024年半年报点评：三大业务提质升级，业绩快速增长,"事件：公司发布2024年半年度报告，实现营业收入625.6亿元，同比增长12.5%；实现归母净利润5.1亿元，同比增长17.5%；扣非归母净利润为4.5亿元，同比增长6.1%。
Q2加速成长，真实利润超预期。单季度看，公司Q2实现收入33.3亿元，同比增长16.9%；实现归母净利润2.7亿元，同比增长22.4%；实现扣非后归母净利润2.5亿元，同比增长32.2%，收入利润增速相较Q1均有明显加速。毛利和费用端看，2024H1公司综合毛利率为4.5%，同比提升0.75pp，销售、管理、研发费用率分别为1.6%（-0.03pp）、0.3%（+0.03pp）、0.3%（+0.02pp），基本保持稳定。公司上半年财务费用为0.8%，同比增长0.46pp，主要因为持有的深圳市神州数码国际创新中心（IIC）虽然已经实现部分销售，但销售毛利未能弥补资金占用而产生的财务费用，若扣除IIC的负向影响，上半年净利润同比增长37.2%。",0.021043718
2024-10-31,34,神州数码,公司信息更新报告：盈利能力快速提升，战略业务高速发展,"国内IT产品、技术解决方案和服务商，维持“买入”评级
我们维持公司2024-2026年归母净利润预测为14.03、16.99、21.35亿元，EPS分别为2.10、2.54、3.19元/股，当前股价对应PE分别15.9、13.1、10.5倍，考虑公司正推进数云融合及信创战略，维持“买入”评级。",0.21149719
2024-11-01,34,神州数码,2024年三季报点评报告：信创+AI双驱动，数云服务及自有品牌业务加速增长,"公司于2024年10月31日公布2024年三季报。2024年前三季度，公司实现总营业收入915.71亿元，同比增加8.81%；实现归母净利润8.94亿元，同比增加5.04%。
观点：",0.04665047
2024-11-01,34,神州数码,2024年三季度业绩点评：Q3经营性现金流明显改善，AI服务器业务高速增长,"事件：公司发布2024年三季报，2024前三季度，公司实现营业收入915.71亿元，同比增长8.81%；归母净利润8.94亿元，同比增长5.04%；扣非后归母净利润8.61亿元，同比增长2.10%。
点评：",0.01980561
2024-11-03,34,神州数码,2024年三季报点评：昇腾增速亮眼，回购彰显信心,"事件：2024年10月30日，公司发布2024年三季报。2024年前三季度，公司实现营收916亿元，同比增长9%；归母净利润8.94亿元，同比增长5%；扣非归母净利润8.61亿元，同比增长2%。业绩符合市场预期。
利息费用影响表观利润，加回后利润增速符合市场预期：2024年Q3，公司实现营收290亿元，同比增长1.60%；归母净利润3.84亿元，同比减少7.93%；扣非归母净利润4.06亿元，同比减少2.07%。Q3净利润同比减少，主要系当期深圳大楼利息费用约6000万，加回后Q3归母净利润4.44亿元，同比增长6%；扣非归母净利润4.66亿元，同比增长12%。",0.2694431
2024-11-04,34,神州数码,自主品牌收入高增，接连斩获头部客户大单,"事件：公司发布2024年三季报。2024年前三季度，公司实现营业收入915.71亿元，同比增长8.81%；归母净利润实现8.94亿元，同比增长5.04%；扣非归母净利润8.61亿元，同比增长2.10%。
公司三大业务板块收入均取得良好增长：1）数云服务及软件业务收入累计实现20.7亿元，同比增长47%；毛利率提升6.3个百分点。2）自有品牌产品业务收入累计实现38.7亿元，同比增长32%；毛利率提升1.7个百分点。其中，信创业务收入实现32亿元，同比增长56%；AI服务器业务收入实现7亿元，同比大幅增长226%；运营商行业收入突破10亿元，同比增长34%；金融行业收入大幅增长285%。3）IT分销与增值服务收入稳健增长，毛利率有所提升，毛利额实现32亿元，同比增长11%。",0.027965426
2024-11-13,34,神州数码,2024三季报点评：经营质量改善明显，致力构建AI驱动之数云原力,"报告摘要
事件：公司2024年前三季度实现营业收入915.71亿元（+8.81%），归母净利润8.94亿元（+5.04%）；其中，第三季度营业收入290.09亿元（+1.60%），归母净利润3.84亿元（-7.93%）。",1.1542635
2025-03-31,34,神州数码,公司信息更新报告：毛利额快速增长，现金流大幅改善,"国内IT产品、技术解决方案和服务商，维持“买入”评级
考虑神州数码国际创新中心（IIC）的影响，我们下调公司2025-2026年归母净利润预测为14.44、17.30亿元（原预测为16.99、21.35亿元），新增2027年预测为20.26亿元，EPS分别为2.03、2.43、2.85元/股，当前股价对应PE分别21.0、17.6、15.0倍，考虑公司正推进数云融合及信创战略，维持“买入”评级。",0.2455734
2025-04-02,34,神州数码,收入结构持续改善，IIC销售影响表观利润,"事件：公司发布2024年报，2024年实现营业收入1281.66亿元，同比增长7.14%；实现归母净利润7.53亿元，下降35.77%；实现扣非归母净利润10.15亿元，下降19.68%。
IIC销售影响表观利润。公司持有的深圳市神州数码国际创新中心IIC资产已实现部分销售，但是销售毛利未能弥补因资金占用而产生的财务费用，以及因房地产市场因素引发的资产减值，对公司的净利润造成了一定程度的负面影响。扣除IIC资产的负向影响的净利润为13.05亿元，相较于23年归母净利润同比增长11.37%。",0.073889434
2025-04-15,34,神州数码,2024年报业绩点评：2024年公司营收稳增，自有品牌快速发展,"事件：公司发布2024年年报，2024年，公司实现营业收入1281.66亿元，同比增长7.14%；归母净利润7.53亿元，同比减少35.77%；扣非后归母净利润10.15亿元，同比减少19.68%。在扣除深圳市神州数码国际创新中心（IIC）负向影响后，2024年公司实现净利润13.05亿元，保持正向增长。
点评：",0.01693815
2025-07-13,34,神州数码,自有品牌、外销高增，数云融合战略取得显著成效,"本报告导读：
自有品牌、外销高增，数云融合战略取得显著成效，国际业务实现0-1突破。持续提升数智化能力，赋能各行各业。",0.026005805
2025-08-30,34,神州数码,公司信息更新报告：业务稳健增长，现金流大幅改善,"国内IT产品、技术解决方案和服务商，维持“买入”评级
考虑研发投入加大，我们下调公司2025-2027年归母净利润预测为10.54、13.38、16.70亿元（原值为14.44、17.30、20.26亿元），EPS分别为1.46、1.86、2.32元/股，当前股价对应PE分别31.5、24.8、19.9倍，考虑公司正推进数云融合及信创战略，维持“买入”评级。",0.19489944
2025-09-01,34,神州数码,2025年半年报点评：自有品牌业务利润高增，AI战略持续推进,"事件概述：2025年8月26日，公司发布2025年中报，2025年上半年实现营业收入715.9亿元，同比增长14.4%；实现归母净利润4.3亿元，同比下降16.3%。
收入稳健增长，战略业务表现亮眼，盈利质量良好。1)整体收入稳步提升：2025年上半年，公司实现营业收入715.9亿元，同比增长14.4%。其中，IT分销及增值业务实现收入683.9亿元，同比增长14.3%，主要受益于以芯片分销为主的微电子业务板块保持高速增长，该板块实现收入121亿元，同比增长30.4%。2)战略业务加速突破：数云服务及软件业务实现收入16.4亿元，同比增长14.1%；自有品牌产品业务实现收入31.0亿元，同比增长16.6%，两大战略业务均保持较快增长。",0.014766216
2025-09-05,34,神州数码,2025年半年报业绩点评：核心业务全面增长，AI+信创多元产品协同突破,"事件：公司发布2025年半年报。
点评：",1.0379707
2025-09-18,34,神州数码,2025年半年报点评：分销基本盘稳固，数云与自有品牌齐头并进,"事件：公司发布2025年半年度报告，实现营业收入715.9亿元，同比增长14.4%；实现归母净利润4.3亿元，同比下降16.3%；扣非归母净利润为4.4亿元，同比下降4.1%。实现经营性现金流5.0亿元，同比大幅增长236.8%。
收入稳中有增，盈利能力短期承压。单季度看，公司2025年Q2实现收入398.1亿元，同比增长19.6%，环比增长25.3%，增速有明显加速；实现扣非归母净利润2.1亿元，同比下降15.7%，环比下降5.2%，利润有所下滑，主要系公司加大AI研发投入、政府补助同比减少、部分权益类资产公允价值变动所致。",1.1808808
2025-11-07,34,神州数码,AI驱动收入扩张，互联网大厂AI算力及应用合作深化,"三季报业绩基本符合预期
公司发布了2025Q3业绩报告，单Q3营业收入307.8亿（yoy+6.10%），毛利率3.69%（yoy-0.90pct），归母净利润2.44亿（yoy-36.58%），扣非归母净利润2.20亿（yoy-45.81%），基本符合预期。",0.8253751
2021-12-17,35,中国天楹,海外技术&管理经验内化，剥离Urbaser资金充裕谋新篇,"国际化综合环境管理服务商，资产剥离轻装上阵再启航。公司深耕环保领域15年，借力全球领先的综合环境供应商Urbaser，完成全球化的固废全产业链布局，2021年，公司以14.70亿欧元出售Urbaser100%股权，剥离后公司主业回归垃圾末端处置、城市环境服务和环保装备制造。
出售Urbaser降低负债率，在手资金充沛盈利能力回升。Urbaser买卖价差达3.2亿欧元，PB下降安全边际拔高。公司财务状况迎三大转变：以2021Q1为对照，1）商誉和负债率下降：商誉由54亿元降至0.4亿元消除减值风险，资产负债率下降25.40pct至50.62%留出融资空间。2）在手现金充裕：交易所获现金用于偿还债务减小财务压力，余留约60亿元可供业务拓展。3）盈利指标回升：毛利率提升7.85pct。",0.81360084
2022-04-06,35,中国天楹,2021年年报点评：剥离Urbaser负债率降至54%，固废海外拓展颇丰&新能源加速落地,"事件：2021年公司实现营收205.93亿元，同减5.83%；归母净利润7.29亿元，同增11.54%；扣非归母净利润7.28亿元，同增15.08%。
2021年公司归母同增11.54%至7.29亿元，Urbaser剥离后城服&垃圾处理毛利率回升。2021年公司毛利率14.13%，同降0.6pct。2021年公司以109.37亿元出售Urbaser100%股权，年初至出售日Urbaser为公司贡献的净利润为5.03亿元，占公司净利润总额的69.01%。分业务来看，1）城市环境服务：营收90.84亿元，同降13.28%，毛利率12.15%，同增0.03pct；2）垃圾处理：营收57.14亿元，同降14.16%，毛利率17.95%，同增0.82pct；3）水处理：营收3.41亿元，同降18.43%，毛利率19.89%，同增0.06pct；4）工业废弃物处理：营收12.39亿元，同降3.32%，毛利率21.32%，同增0.56pct；5）环保设备及其他：营收42.15亿元，同增38.83%，毛利率10.64%，同降4.55pct，主要系2021年根据新会计准则确认BOT项目的建造收入12.29亿元，建造收入的毛利率水平较低。",0.3598302
2022-05-16,35,中国天楹,携手三峡&国网优势互补，加速重力储能项目落地占据市场先机,"事件：2022年5月15日，公司公告与国网江苏综能签署《战略合作协议》，就重力储能技术研究与项目开发相关事宜达成战略合作。
携手三峡&国网优势互补，加速重力储能项目落地。2022年4月15日，公司与能投委、三峡建工、中建七局新能达成四方合作，聚焦新能源领域，包括水电、风电、光伏、储能等新能源项目，尾矿治理，建筑垃圾及综合资源回收等，不定期交流探索更优的合作模式和技术方案。5月15日，公司与国网江苏综能签署《战略合作协议》，就重力储能技术研究与项目开发相关事宜达成战略合作。合作内容包括，1）项目协作：共同推进建设如东100MWh重力储能项目；2）资源互补：中国天楹提供重力储能项目与技术支持，国网江苏综能提供接入系统设计规划审查、并网准入、涉网试验等咨询与协调服务。3）重点聚焦：①基于“新能源+重力储能”的源网荷储一体化技术，探索用电、发电、储能、调峰调频组合模式，积极拓宽重力储能应用场景；②加快核心技术自主化，推动储能成本下降和规模化应用，提升安全运行水平；③开展智能调度、能效管理、负荷智能调控等智慧能源系统技术研发和示范。公司携手三峡、中建、国网等能源及建设领域的大型国企，集资源、技术、人才、市场开发等优势于一体，疏通重力储能项目建设、接网应用等难关，加速首个示范项目的落地，打开未来储能领域深度合作空间。",0.53329027
2022-06-30,35,中国天楹,环保业务稳步推进，储能业务蓄势待发,"深耕固废十余年，打造综合环境服务商
公司成立于2006年，主营业务为垃圾焚烧发电及相关设备的研发、生产和制造，深耕行业十余年，公司已经成长为细分领域龙头企业之一。在立足垃圾焚烧发电的基础上，公司积极向垃圾智慧分类、城乡智慧环卫、危废、建筑垃圾、餐厨垃圾、再生资源回收等领域拓展，实现了从前端清扫、中转到分选、末端处置的城市环境服务全产业链，打造综合环境服务商。2021年公司实现营收205.93亿元（-5.83%），实现扣非后的归属净利润7.29亿元（+11.54%）。",0.53027093
2022-08-21,35,中国天楹,强势切入重力储能，环保主业保驾护航,推荐逻辑：1）公司获EV公司技术授权，在国内重力储能行业处于领先地位，公司积极与央企和地方政府合作，如东100MWh重力储能项目顺利进行，携手央企和多地政府提升项目获取能力；2）公司环保主业稳步拓展，垃圾焚烧发电项目达12个，城市环境服务全国化拓展，环保装备技术领先，与储能业务形成协同；3）公司出售Urbaser后负债率大幅降至54.5%，环保主业利润率有望提升，现金流充沛支撑公司储能业务拓展。,0.41472405
2022-09-04,35,中国天楹,首次覆盖报告：垃圾发电扬帆出海，重力储能静待花开,"深耕环保业务十余载，全力进军新型重力储能领域。公司成立于2006年，并于2014年借壳上市。2019年公司收购Urbaser100%股权，并于2021年出售。2022年公司获得EnergyVault重力储能技术授权，全力进军储能市场，开启公司发展新篇章。
垃圾发电业务短期有望快速放量，海外业务拓展成为公司传统业务新增长点。从垃圾发电业务具体情况来看：1）公司拥有多个垃圾焚烧发电项目，且上网电量可观。根据公司2021年年报披露，截至2021年底，公司所运营（含试运营）的垃圾焚烧发电项目有12个，日处理规模合计为1.155万吨。2021年全年合计实现生活垃圾入库409万吨，实现上网电量10.7亿度；2）在手项目充足，公司海内外项目成功完成建设后处理量将有大规模的增长。根据公司公告，截至2021年底，公司在建以及筹建的垃圾焚烧发电项目完工后，公司日处理规模有望增加2万吨；3）垃圾焚烧发电业务扬帆出海，国内外双循环发展模式确立。",0.9622689
2022-09-30,35,中国天楹,公司深度报告：环保业务稳中有升，重力储能打造第二增长曲线,"固废综合环境服务商，切入新能源实现双轮驱动
公司成立于2006年，主营业务为垃圾焚烧发电及相关设备的研发、生产和制造，深耕行业十余年，公司已经成长为细分领域龙头企业之一。在立足垃圾焚烧发电的基础上，公司积极向垃圾智慧分类、城乡智慧环卫、危废、建筑垃圾、餐厨垃圾、再生资源回收等领域拓展，实现了从前端清扫、中转到分选、末端处置的城市环境服务全产业链，打造综合环境服务商。公司秉承“环保+新能源”双轮驱动的发展战略，2021年公司以重力储能为切入点正式进军新能源行业，打造新的业绩增长点。",0.2804501
2022-10-31,35,中国天楹,三季报点评报告：传统业务有望逐步放量，重力储能项目进展顺利,"事件
10月28日公司发布2022年三季度报告，2022年前三季度实现营收38.67亿元，同比-77.67%；归母净利润1.26亿元，同比-76.69%。其中，2022年Q3实现营收13.61亿元，同比-76.73%，归母净利润0.02亿元，同比-98.91%。",1.127661
2023-08-03,35,中国天楹,公司事件点评报告：重力储能获国家能源局认可，第二增长曲线开始发力,"事件
1）公司近期公告：公司完成2023年面向专业投资者非公开发行绿色科技创新公司债券（蓝色债券）发行工作，本次债券发行实际募集资金1亿元，期限1年，募集资金主要用于投资建设如东100MWh重力储能项目；",0.649786
2023-09-05,35,中国天楹,环保主业稳步增长，重力储能项目持续拓展,"事件：公司发布]2023年中报，2023H1营收23.9亿元，同比-4.7%；归母净利润1.6亿元，同比+33.1%；每股收益0.07元，同比+33.3%；经营活动现金流净额3436.5万元，同比+28.8%。
环保业务订单充足，夯实业绩稳步增长基础。垃圾焚烧发电业务方面，上半年牡丹江项目成功并网发电，公司境内外运营的18个项目合计实现生活垃圾入库量340.6万吨，同比增长43.9%；实现上网电量9.4亿度，同比增长48.7%。城乡综合环境服务业务方面，上半年公司中标苏锡通园区、汪清县、彭阳县等多个项目，截至期末公司共服务于15个省市自治区29个城市，项目年化合同金额超10亿元，在手合同总金额突破百亿元。环保装备制造业务方面，公司积极拓展国际EPC市场，已陆续为法国Valo'Marne、马尔代夫及印度海德拉巴等多个垃圾焚烧发电项目提供设计与制造服务。7月初，公司与苏伊士集团旗下法国子公司SuezRVFrance签订销售合同，合同总金额3462万欧元。",0.02353543
2023-09-06,35,中国天楹,“环保+新能源”双引擎，掌握重力储能核心技术,"事件描述
事件：8月31日，中国天楹发布2023年半年报，公司2023年上半年实现营业收入23.9亿元，同比-4.7%，实现归母净利润1.6亿元，同比+33.1%，公司今年上半年实现毛利率26.8%，净利率7.6%。",0.17439872
2023-09-15,35,中国天楹,公司事件点评报告：重力储能打通风光储产业链，第二曲线业绩释放在即,"事件
公司近期公告：1）科左中旗风光储氢氨一体化产业园示范项目获批；2）2023年半年度报告，上半年实现营业收入23.88亿元（-4.67%），实现归属于上市公司股东的净利润1.64亿元（+33.10%）。对此，我们点评如下：",0.21270955
2023-10-10,35,中国天楹,发布股票期权激励计划，100MWh如东重力储能项目已封顶,"事件描述
事件：10月9日，中国天楹发布2023年实行股票期权激励计划（草案）公告。激励计划拟授予的股票期权数量为5,093万份，约占激励计划草案公告时公司股本总额252,377.7万股的2.0%，行权价格为3.94元/股。",0.08818132
2023-11-02,35,中国天楹,公司事件点评报告：三季度业绩大增超预期，第二曲线业绩释放在即,"事件
公司近期公告：1）2023三季报：2023前三季度公司实现营收37.55亿元，同比下降2.89%，实现归母净利润3.26亿元，同比增长158.90%，实现扣非后的归属净利润2.72亿元，同比增长206.18%；2）公司向373名激励对象授予股票期权，行权价格3.94元/股；3）与伊宁县人民政府签署100MWh重力储能项目合作协议。对此，我们点评如下：",0.10191786
2023-11-08,35,中国天楹,盈利能力不断提升，重力储能项目进展顺利,"事件描述
事件：10月31日，中国天楹发布2023年三季报，公司2023年Q3实现营业收入13.7亿元，同比+0.38%，实现归母净利润1.6亿元，同比+7279.8%，环比+35.3%。公司前三季度实现营收37.6亿元，同比-2.9%，实现归母净利润3.3亿元，同比+158.9%。公司前三季度毛利率28.4%，净利率9.7%，业绩符合预期。",1.0053413
2024-01-01,35,中国天楹,公司事件点评报告：重力储能获能源局认可，示范项目并网在即,"事件
1） 12 月 22 日公司公告，全资子公司江苏能楹与国能(浙江温州)能源有限公司、国网浙江省电力有限公司温州供电公司和国网浙江省电力有限公司电力科学研究院共同签署了《温州山体式重力储能项目合作框架协议》； 2） 12 月 27 日国家能源局综合司公示 56 个新型储能试点示范项目，公司 2 个项目入选。对此，我们点评如下：",0.08352369
2024-05-06,35,中国天楹,公司事件点评报告：示范项目首套充放电单元测试成功，重力储能业务0到1业绩释放在即,"事件
1）中国天楹公众号发布：公司投资建设的如东100MWh重力储能项目首套充放电单元测试成功；2）2023年报：报告期内公司实现营收53.24亿元，同比下降20.62%；实现归母净利润3.37亿元，同比增长173.15%，实现扣非归母净利润3.16亿元，同比下降24.41%；3）2024一季报：报告期内公司实现营收12.52亿元，同比增长12.08%，实现归母净利润2.02亿元，同比增长339.16%，实现扣非归属净利润1.86亿元，同比增长329.35%。对此，我们点评如下：",0.5000499
2020-10-29,39,中集集团,困境反转，拐点已现,Q3 单季度业绩同比 +2124%， 谷底反转： 2020 年前三季度，公司共实现营业收入 635.92 亿元，同比+3.1%；归母净利润 6.98 亿元，同比+9.6%；扣非归母净利润 1.96 亿元，同比-51.0%。其中 Q3 单季度，实现营业收入 241.60 亿元，同比+27.5%；归母净利润 8.80 亿元，同比+2123.7%；扣非归母净利润 4.32 亿元，同比+949.3%。,0.42994845
2020-10-29,39,中集集团,集装箱行业周期复苏，公司有望开启新一轮成长,"报告摘要
量价齐升，集运迎来复苏大周期。公司是全球领先的物流及能源行业设备及解决方案供应商，目前主要从事集装箱、道路运输车辆、能源/化工及液态食品装备、海洋工程装备、空港/消防及自动化物流装备的制造及服务业务，公司各个产品线均为全球领先，公司的标准干货集装箱、冷藏箱产销量保持全球第一；据国际罐式集装箱协会调查统计，罐式集装箱的产销量保持全球第一；是全球销量第一的半挂车生产制造商；登机桥业务综合竞争力位居全球领导者地位，为全球三大旅客登机桥制造商之一，中国市场份额连续四年占比95%以上；亦是中国领先的高端海洋工程装备企业之一。",0.07236141
2021-04-15,39,中集集团,集装箱行业持续火爆，看好全球经济复苏,"事件
公司近期公布2021Q1报告，公司2021Q1实现归母净利润达到13亿元至16.5亿元，去年同期亏损：6.4亿元。",1.2006105
2021-05-06,39,中集集团,集装箱龙头业绩向好，看好行业延续高景气度,公司营收持续增长，2021Q1业绩大幅反弹。公司2020年营业收入941.59亿元，同比增长9.72%；实现归母净利润53.50亿元，同比增长246.88%，主要是子公司中集产城成为集团联营公司，确认投资收益约44亿元；实现扣非后归母净利润3.43亿元，同比下降72.38%。2021年一季度公司营收288.64亿元，同比增长82.08%；实现扣非后归母净利润13.92亿元，上年同期为亏损5.39亿元。,0.06760037
2021-07-15,39,中集集团,业绩增长超预期，看好下半年持续向好,"事件
公司近期公布2021H1业绩预告，公司2021Q1实现归母净利润达到40亿元至46亿元，去年同期亏损：1.83亿元。",1.2491616
2022-09-21,39,中集集团,集装箱业务承压，新领域有序推进,"公司半年报发布。2022年上半年公司实现营业收入721.26亿元，同比下降1.45%。实现归母净利润25.39亿元，同比下降40.93%；实现扣除非经常损益后的归母净利润26.98亿元，同比下降26.06%。
下游集装箱需求放缓，物流服务业务快速增长。集装箱需求从2021年的高点逐步回归，市场箱价与箱量均有下行。2022上半年公司累计干箱/冷藏箱销量分别为67.50万/6.84万TEU，在去年同期高基数对比下同比下降41.07%/27.62%，仍处于历史同期较好水准。集装箱业务收入/净利润分别为227.68/30.53亿元，同比分别下降17.06%/30.51%。目前预测2022年全球集装箱市场需求仍将高于2011-2020年的均值水平，公司集装箱业务仍有一定的业绩保障。随着航运的疏通与国内物流景气恢复，22H1公司物流服务营收与净利润分别增长74.1%与81.0%，达到172.79/30.03亿元，循环载具营收/净利增速也达到29.2%/32.8%。",0.28872216
2023-09-06,39,中集集团,集装箱业务阶段承压，海工板块高速增长,事件：公司发布2023年半年度报告。1）2023H1公司实现营业收入605.74亿元，同比下降16.02%；归属于上市公司股东的净利润3.99亿元，同比下降84.30%；扣非后归母净利润为9.77亿元，同比下降63.80%。2）2023Q2公司实现营业收入339.24亿元，同比下降7.23%；归属于上市公司股东的净利润2.38亿元，同比下降71.36%；扣非后归母净利润为9.47亿元，同比下降17.12%。,1.2733616
2024-01-23,39,中集集团,综合性物流与能源装备龙头，受益集装箱与海工周期回暖,"中集集团：全球集装箱制造龙头，纵横发展物流、能源装备
中集集团是世界领先的物流装备和能源装备供应商，集团下有八大业务板块，集装箱、物流服务、道路运输车辆和能/化/食品装备贡献公司营收近八成，海工为未来核心增长点：（1）集装箱：集团核心业务，贡献主要收入和利润，集装箱产销量稳居全球第一，2022年营收占比32%。（2）物流服务：业务覆盖海陆空，业绩受运价和运量影响，2022年营收占比21%，（3）道路运输车辆：经营主体为上市子公司中集车辆，半挂车销量稳居全球第一，2022年营收占比17%，（4）能/化/食品装备：经营主体为上市子公司中集安瑞科，经营稳健，2022年营收占比15%。（5）海工：经营主体为子公司中集来福士，业务包括海上钻井平台、油气生产船舶、滚装运输船、特种装备等，2022年营收占比4%。2023年受益船舶、海工周期复苏，来福士船舶接单量大幅提升，截至上半年，新签15亿美元订单，同比增长144%，累计在手订单51亿美元，同比增长141%，为后续增长奠定基础。2023年前三季度集团实现营收951亿元，同比下降13%，归母净利润5.0亿元，同比下降84%，受到集装箱消化积压库存、运价下行、公司规模效应削弱等影响较大。我们判断2023下半年集装箱业务企稳，海工业务受益周期复苏，2024年集团迎业绩向上拐点。",0.16710353
2024-02-01,39,中集集团,2023年业绩预告点评：业绩阶段性承压，看好集装箱+海工复苏下困境反转,"受集装箱行业周期下行影响，业绩阶段性承压
公司披露2023年业绩预告：预计2023年实现归母净利润2.5-3.8亿元，同比变动-92%~-88%，扣非归母净利润4.8-7.2亿元，同比变动-89%~83%。单Q4归母净利润亏损，为-2.5~-1.2亿元，扣非归母净利润为-7.3~-4.9元，低于市场预期。我们判断公司业绩增速下降，主要系（1）集装箱周期下行，尽管Q4产销量同比已大幅回升，但短期仍受低价单结转影响，（2）人民币兑美元汇率大幅波动，公司锁汇贴水成本增加。2023年公司汇兑损益、套保产生的投资收益和公允价值变动损益约计提损失8.2亿元，其中远期锁汇贴水成本约6.1亿元。（3）年底一次性计提减值与费用。展望2024年，公司受益集装箱、海工周期回暖，资产端轻装上阵，配合调整套保政策，业绩有望触底回暖。",0.86099386
2024-02-05,39,中集集团,2023年业绩预告点评：集装箱业务下半年企稳回升，海工业务在手订单饱满,2023年预计归母净利润同比下滑92%-88%。公司预计2023年归母净利润2.50-3.75亿元，同比下滑92%-88%。主要系：1）受全球经济及贸易增长动能减弱/地缘局势动荡等因素影响，海运集装箱需求减弱，但23Q4公司集装箱制造业务需求同比企稳回升，海运标准干箱产销量同比大幅增长；2）去年美元指数持续走高，外汇套保损益及汇兑收益累计损失达8.18亿元。,1.2451383
2024-03-18,39,中集集团,全球集装箱龙头，集装箱需求回暖共振海工复苏,全球集装箱需求开始复苏。中集集团于1980年1月创立于深圳，由招商局与丹麦宝隆洋行合资成立。目前主要从事集装箱、道路运输车辆、能源/化工/液态食品装备、海洋工程装备、空港装备的制造及服务业务。2019-2021年受益于海运需求上升，公司集装箱业务量价齐升，营收占比由22.57%增长40.3%，毛利率由6.89%提升至25.64%，带动公司整体毛利率、净利率由14.5%/2.9%增长至18%/5.1%，2022年随着海运需求回归正常化，集装箱供不应求局面有所改变，导致整体毛利率净利率承压，2023年前三季度，公司毛利率/净利率分别为13.7%/1.5%。集装箱需求筑底，2024年有望进入周期上行阶段。上一轮周期上行启动于2019年，于2021年演绎至巅峰，核心驱动因素在于全球各地区经济复苏不平衡，港口拥堵或关闭造成船期延误，叠加航运公司削减主要航线的运力，整体造成集装箱运力较为紧张，从而推高了集装箱运价及需求量。2023年上半年全球集装箱产量仅为85万TEU，触及近10年低点。考虑到全球经济温和复苏，集运需求具备韧性，2021年集装箱行业由于供不应求超买所透支的替换需求有望逐步缓解，参考过去行业周期性波动时限，2024年集装箱制造行业有望进入周期上行期。,0.25663364
2024-03-29,39,中集集团,2023年报点评：业绩略超预告上限，看好集装箱+海工复苏下困境反转,"事件：公司发布2023年年报。2023年公司实现归母净利润4.2亿元，同比下降87%，略好于此前预告上限3.8亿元。
业绩基本符合预期，海工板块增速亮眼",0.39512676
2024-04-01,39,中集集团,2023年年报点评：四季度营收同比转正，集装箱业务持续复苏,"公司2023年归母净利润同比下滑86.91%。公司2023年营业收入1278亿元，同比下降9.70%，其中四季度营收326.85亿元，同比增速转正0.87%，全年归母净利润4.21亿元，同比下降86.91%，主要系：1）受集装箱制造业务处于历史性周期低位影响；2）受美元债利率提升影响，2023年整体利息费用增加6.08亿元。
2023年整体经营业绩受主营业务的周期波动影响。1）集装箱制造（持股100%）保持全球龙头地位，2023年收入302亿元，同比下降33.90%，净利润18亿元，同比下降65.88%，全年盈利能力稳定，毛利率保持在15.97%，净利润率为5.94%，整体得益于良好的价格支撑及成本管控。2）中集车辆（持股56.78%）巩固全球半挂车销量第一的市场地位，同时加速新能源半挂车的商用化进程，2023年收入251亿元，同比增长6.21%，净利润24亿元，同比增长119.80%。3）中集安瑞科（持股67.60%）全面提升天然气、氢能等清洁能源全产业链布局和一体化服务能力，在手订单再创新高达人民币228.50亿元。2023年收入251亿元，同比增长17.77%，净利润8.54亿元，同比下降18.03%。4）中集来福士（持股80.04%）2023年收入104亿元，同比增长81.12%，净亏损为0.31亿元，其中海洋工程业务的经营主体海洋科技集团已于本年",0.4339528
2024-05-06,39,中集集团,2024年一季报点评：扣非归母净利润改善明显，各业务板块经营趋势向好,"事件：公司发布2024年一季报。
集装箱业务复苏明显，能化/海工在手订单饱满",0.021502376
2024-06-06,39,中集集团,集装箱供应链景气回暖，建议关注量利修复的行业龙头,"库存周期企稳+红海事件长期化，集装箱制造有望量价齐升
（1）中美库存周期企稳，补库存需求有望逐步显现。2023年中美去库存周期形成共振，集装箱产量、箱价持续下降。2024年中美库存增速回落至历史较低位，相继进入被动去库阶段。2024年4月我国进出口总值5126亿美元，同比增长4.4%，出口、进口均实现同比转正，反映海内外去库存周期接近尾声，补库存需求有望逐步显现，集装箱产量、出口均价已环比回升。（2）伴随全球贸易重构，集装箱存量被耗散在各地。原先从中国出口直达欧美的工业产品，现需绕道东南亚、墨西哥等地进行组装加工，再运向欧美等主要消费国。运程加长下，港口的集装箱调度难度加大，集装箱需求增加。（3）红海事件长期化趋势下，船东备箱需求增加。红海事件导致大量船只绕行好望角，航运效率及集装箱周转率下降，船东启用更多船只及集装箱以满足航运需求。根据集装箱航运分析公司Linerlytica数据，2024年5月底新加坡港口的拥堵已达到200万标准箱，短期内或将导致船东用箱缺口产生。集装箱供应链景气回暖趋势下，制造端有望量价齐升。",0.14453262
2024-06-19,39,中集集团,集装箱、海工景气复苏，全球龙头乘风再起,"投资逻辑
全球物流及能源装备龙头，经营业绩显著改善。 公司为全球物流及能源装备领域龙头， 受益集装箱和海工景气复苏，公司1Q24收入同比+21.7%，扣非后归母净利润同比+656.2%， 经营业绩显著改善。",0.06254357
2024-07-14,39,中集集团,集装箱销量高增，1H24业绩显著回升,"7月12日，公司发布24年中报业绩预告，1H24公司预计实现归母净利润7.0-9.5亿元，去年同期为3.99亿元，同比提升76%-138%，经营业绩高增。
经营分析",0.038549244
2024-07-15,39,中集集团,2024半年度业绩预告点评：归母净利润持续修复，集装箱板块量利齐升,"受益集装箱景气回暖+集团套保策略改善，归母净利润同比高增
根据公司公告，2024上半年公司预计实现归母净利润7.0-9.5亿元，同比增长76%-138%，中位数8.25亿元，同比增长107%；扣非归母净利润5.7-8.5亿元，同比下降43%-13%，中位数7.1亿元，同比下降27%。单Q2实现归母净利润6.2-8.7亿元，同比增长159%-264%，中位数7.4亿元，同比增长211%。公司经营业绩显著改善，主要系（1）集装箱行业景气修复，量利齐升，（2）集团外汇套保策略较2023年同期更加灵活，套保成本降低。扣非净利润同比下滑，主要系去年同期外汇相关衍生品投资活动带来较多非经常性亏损。",0.5605798
2024-08-29,39,中集集团,集装箱、海工需求复苏，上半年业绩高增,"8月28日，公司发布24年中报，1H24公司实现收入791.15亿元，同比+30.61%；归母净利润8.66亿元，同比+117.23%。公司2Q24实现收入466.72亿元，同比+37.58%；实现归母净利润7.82亿元，同比+228.11%。
经营分析",0.599022
2024-08-30,39,中集集团,2024年中报点评：业绩符合预期，集装箱板块量利齐升,"Q2归母净利润同比+228%，集装箱制造业务量利齐升
2024年上半年，公司共实现营业收入791.2亿元，同比+31%；归母净利润8.7亿元，同比+117%，处于业绩预告中枢；扣非归母净利润8.2亿元，同比-16%，趋近业绩预告上限。其中Q2单季度，实现营业收入466.7亿元，同比+38%；归母净利润7.8亿元，同比+228%；扣非归母净利润6.0亿元，同比-37%。公司归母经营业绩显著改善，主要系①100%控股的集装箱板块景气修复，量利齐升，②集团外汇套保策略较2023年同期更加灵活，套保成本降低。扣非净利润同比下滑，主要系去年同期外汇相关衍生品投资活动带来较多非经常性亏损。上半年分业务看：（1）集装箱制造业务受益干货集装箱销量高增，实现营收249.5亿元（YOY+83%），净利润12.8亿元（YOY+66%）；（2）道路运输车辆业务实现营收107.0亿元（YOY-21%），净利润5.7亿元（YOY-70%），主要受上年同期北美业务高景气叠加处置股权收益致基期数据较高影响；（3）能源、化工及液态食品装备业务实现营收121.2亿元（YOY+6%），净利润2.4亿元（YOY-45%），主要受分部海外业务业绩承压影响；（4）海洋工程业务实现营收77.9亿元（YOY+89%），净亏损0.84亿元（同比减亏54%），受益全球海工环境持续向好新接订单陆续进入建造期；",1.2555686
2024-08-30,39,中集集团,2024年中报点评：Q2业绩超预期，集装箱业务快速增长,"yoy+30.61%，归母净利润8.66亿元，yoy+117.23%，扣非归母净利润8.20亿元，yoy-16.0%，毛利率10.73%，yoy-2.93pct，净利率1.76%，yoy-0.12pct；2024Q2,，公司实现营收466.72亿元，yoy+37.58%，归母净利润7.82亿元，yoy+228.11%，扣非归母净利润5.95亿元，yoy-37.13%，毛利率11.11%，yoy-2.53pct，净利率2.52%，yoy+1.01pct。",0.8919677
2024-09-01,39,中集集团,半年报业绩点评：收入同比增长31%，集装箱制造收入实现修复,2024年上半年营业收入同比增长30.61%，归母净利润同比增长117.23%。公司2024年上半年实现营业收入791.15亿元，同比增长30.61%，归母净利润8.66亿元，同比增长117.23%，扣非归母净利润8.20，同比下降16.00%。上半年收入、归母净利润同比增长主要系集装箱制造业务收入实现修复，海工造船业务收入快速增长，同时本期衍生金融工具公允价值变动损失收窄，而扣非净利润同比下滑主要系核心业务毛利率有所下滑，车辆业务因基数原因利润同比下滑较多。同期毛利率/净利率分别为10.73%/1.76%，同比变动-2.93/+0.12个百分点，分行业看集装箱/物流/海洋工程/车辆/能源化工等收入占比10%以上的业务毛利率分别为12.25%/5.64%/4.60%/4.59%/12.68%，同比变动-2.10/-0.65/-5.73/-14.68/-3.25个百分点。,0.14893568
2024-10-20,39,中集集团,集装箱景气持续复苏，前三季度业绩高增,"10月18日，公司发布三季报业绩预告，24年前三季度公司预计实现归母净利润16.5-20亿元，同比增长233%-304%。单Q3公司预计实现归母净利润7.84-11.34亿元，同比增长708%-1069%，业绩高增。
经营分析",0.040579796
2024-10-22,39,中集集团,2024三季度业绩预告点评，归母净利高增，持续受益集装箱需求复苏,"事件：公司披露2024年三季度业绩预告。
Q3归母净利润增速中枢889%，基本符合预期",0.96328944
2024-10-30,39,中集集团,三季度业绩高增，盈利能力持续提升,"10月29日，公司发布24年三季报，24Q1-Q3公司实现收入1289.71亿元，同比+35.58%；实现归母净利润18.28亿元，同比+268.87%。其中单Q3实现收入498.56亿元，同比+44.30%；实现归母净利润9.62亿元，同比+891.78%。
经营分析",0.6838002
2024-10-31,39,中集集团,2024年三季报点评：Q3业绩超预期，集装箱业务快速增长,公司发布2024年三季报。2024Q1-Q3，公司实现营收1289.71亿元，yoy+35.58%，归母净利润18.28亿元，yoy+268.87%，扣非归母净利润16.92亿元，yoy+40.34%，毛利率11.84%，yoy-1.86pct，净利率2.11%，yoy+0.58pct；2024Q3，公司实现营收498.56亿元，yoy+44.30%，归母净利润9.62亿元，yoy+891.78%，扣非归母净利润8.71亿元，yoy+280.89%，毛利率13.60%，yoy-01.4pct，净利率2.67%，yoy+1.34pct。,0.8629575
2024-10-31,39,中集集团,2024三季报点评：业绩符合预期，持续受益集装箱需求复苏,"Q3归母净利润位于预告中枢，基本符合预期
2024年前三季度公司实现营业收入1290亿元，同比增长36%，归母净利润18.3亿元，同比增长269%，扣非归母净利润16.9亿元，同比增长40%。单Q3公司实现营业收入499亿元，同比增长44%，归母净利润9.6亿元，同比增长892%，扣非归母净利润8.7亿元，同比增长280%。公司三季度利润增速位于业绩预告中枢，符合市场预期。公司经营业绩高增，主要系（1）集装箱行业需求高增，2024年前三季度公司标准干箱销量249万TEU，同比增长422%。（2）海工业务受益需求回暖，2024年前三季度，公司海工营收同比增长78%。非经营损益项目同比大幅改善，去年同期外汇相关衍生品投资活动带来较多非经常性亏损。",0.114795804
2024-11-04,39,中集集团,三季报点评：业绩实现快速增长，集装箱干箱销量创年内高点,2024年前三季度营业收入同比增长35.58%，归母净利润同比增长268.87%。2024年前三季度收入1289.71亿元，同比增长35.58%，归母净利润18.28亿元，同比增长268.87%，扣非后归母净利润16.92，同比增长40.34%，其中单三季度收入498.56亿元，同比增长44.30%，归母净利润9.62亿元，同比增长891.78%，扣非后归母净利润8.71亿元，同比增长280.89%，业绩同比大幅提升主要系单三季度集装箱交付量创全年新高，同时海工造船业务保持较高增速。前三季度毛利率/净利率分别为11.84%/2.11%，同比变动-1.85/+0.58个百分点，单三季度毛利率/净利率同比变动-0.14/+1.34pct，盈利能力提升主要系毛利率降幅收窄，且费用管控良好，销售、管理及研发费用支出相对稳定。另单三季度财务费用17.03亿元（+151.84%），主要系汇兑损失影响。,0.013780713
2024-11-08,39,中集集团,三季度业绩高增，集装箱和海工业务双发力,"事件：中集集团发布2024年三季报。
前三季度业绩高增。2024年前三季度，公司实现营收1289.71亿元，同比+35.58%；实现归母净利18.28亿元，同比+268.87%；实现扣非归母净利16.92亿元，同比+40.34%。非经常性损益同比大幅改善今年业绩同比高增主要受益于集装箱业务量价齐升以及海工装备板块的回暖。",0.014696121
2025-01-26,39,中集集团,集装箱、海工景气上行，24年业绩高增,"业绩简评
1月24日，公司发布2024年业绩预告，2024年公司预计实现归母净利润25-35亿元，同比增长493%至731%；预计实现扣非后归母净利润26-36亿元，同比增长291%至441%，业绩高增。",0.033420384
2025-01-27,39,中集集团,2024年业绩预告点评：归母净利润25~35亿超预期，继续受益集装箱+海工高景气,"Q4归母净利润中枢12亿元，经营持续向好
公司发布2024年业绩预告：预计2024年实现归母净利润25-35亿元，同比增长493%-731%，扣非归母净利润26-36亿元，同比增长291%-441%。2024年单Q4公司实现归母净利润6.7-16.7亿元，同比扭亏（2023年同期为-0.7亿元），扣非归母净利润9.1-19.1亿，同比扭亏（2023年同期为-5.4亿元）。公司业绩高增，主要系：（1）核心板块集装箱周期复苏，红海事件、海运集运贸易量增长（根据克拉克森，按TEU同比+5%）等进一步推升行业需求，公司干箱产销量创历史新高，板块量利齐升，（2）海工板块需求回暖，贡献业绩增量。",0.02717495
2025-03-28,39,中集集团,集装箱业绩高增，海工业务扭亏为盈,"公司25年3月27日发布24年年报，实现营业收入1776.64亿元，同比增长39.01%；实现归母净利润29.72亿元，同比增长605.60%。其中4Q24实现营业收入486.93亿元，同比增长48.98%；实现归母净利润11.44亿元，同比+1639.56%，业绩高增。
经营分析",0.052208424
2025-03-29,39,中集集团,2024年报点评：业绩符合市场预期，集装箱、海工与物流服务板块增速亮眼,"业绩符合市场预期，集装箱、海工、物流服务增速亮眼
公司披露2024年报，归母净利润位于预告中值，符合市场预期：2024年公司实现营业总收入1777亿元，同比增长39%，归母净利润29.7亿元，同比增长606%，扣非归母净利润34.5亿元，同比增长419%。分业务，集装箱、海工、物流服务增速亮眼，道路运输车辆阶段性承压：（1）集装箱实现营收622亿元，同比增长106%，占营收比重35%。2024年公司标准干箱、冷箱、特种箱产量保持全球第一，受益于集运市场复苏，干箱销量343万TEU，同比增长417%，驱动板块收入高增。（2）物流服务实现营收314亿元，同比增长56%，占营收比重17%，同样受益于全球贸易复苏。（3）能源、化工和液态食品装备实现营收256亿元，同比增长2%，占营收比重14%。（4）道路运输车辆实现营收210亿元，同比下降16%，占营收比重12%，受北美业务需求2023年高位回落，阶段性下滑。（5）海洋工程实现营收166亿元，同比增长58%，占营收比重10%，在手订单兑现业绩，板块实现扭亏。",0.10616243
2025-04-30,39,中集集团,2025年一季报点评：归母净利润5.4亿同比提升550%，核心板块经营稳健,"事件：2025年4月28日，公司发布2025年一季度报告。
Q1营收同比增长11%，核心板块增速稳健",0.020412624
2025-08-28,39,中集集团,集装箱延续高景气，海工业绩持续改善,"8月27日，公司发布25年中报。1H25公司实现收入760.90亿元，同比-3.82%，其中Q2收入400.64亿元，同比-14.16%。1H25公司实现归母净利润12.78亿元，同比增长47.63%，其中Q2归母净利润7.34亿元，同比-6.11%。
经营分析",0.14550745
2025-08-29,39,中集集团,2025半年报点评：归母净利润同比+48%，集装箱+海工板块带动毛利率提升,"Q2归母净利润同比-6%，高基数下业绩韧性充足
2025上半年公司实现营业总收入761亿元，同比下降4%，归母净利润12.8亿元，同比增长48%，扣非归母净利润12.4亿元，同比增长51%；单Q2公司实现营业总收入401亿元，同比下降14%，归母净利润7.3亿元，同比下降6%，扣非归母净利润7.2亿元，同比增长20%。利润增速好于营收，主要受益毛利率提升。",0.041250408
2025-09-11,39,中集集团,上半年业绩增速强劲，盈利能力提升,"事件：公司发布2025年半年报。
上半年利润增速强劲。2025H1，公司实现营收760.90亿元，同比-3.82%；实现归母净利润12.78亿元，同比+47.63%；实现扣非归母净利润12.40亿元，同比+51.18%。",0.028053582
2025-11-01,39,中集集团,2025年三季报点评：Q3归母净利润同比-70%，汇率波动阶段性影响利润增速,"Q3营收同比-18%，高基数下保持韧性
2025年前三季度公司实现营业收入1171亿元，同比下降9%，归母净利润15.7亿元，同比下降14%，扣非归母净利润14.5亿元，同比下降14%。分业务，（1）集装箱受高基数影响，干箱销量180万TEU，同比下降28%（单Q3为68万TEU，同比下降39%），（2）中集车辆实现营收150亿元，同比下降5%，（3）中集安瑞科实现营收193亿元，同比增长8%。单Q3公司实现营业收入410亿元，同比下降18%，归母净利润2.9亿元，同比下降70%，扣非归母净利润2.1亿元，同比下降75%。公司Q3利润增速阶段性承压，主要系毛利率下降。",1.0301496
2026-03-27,39,中集集团,海工景气度上行，看好公司盈利能力改善,"3月26日，公司发布2025年报。2025年公司实现收入1566.11亿元，同比-11.85%，其中25Q4实现收入395.51亿元，同比-18.78%。2025年公司实现归母净利润2.21亿元，同比-92.57%，其中25Q4实现归母净利润-13.45亿元，同比-217.52%。
经营分析",1.1586115
2026-03-28,39,中集集团,2025年报点评：业绩符合预期，海工+模块化AIDC打开成长空间,"归母净利润受投资收益和汇兑管控影响，海工盈利大幅改善
2025年公司实现营业总收入1566亿元，同比下降12%，归母净利润2.2亿元，同比下降93%；Q4实现营收396亿元，同比下降19%，归母净利润亏损13亿元，业绩与快报一致。归母净利润下滑，系①2025年联营企业中集产城出售资产，导致投资收益减少10.8亿元，②美元汇率波动较大，2025年公司确认汇兑损失11亿元、套保损失1.4亿元。核心事业部中，①集装箱：2025年干箱销量222万REU，同比下降35%，营收430亿元，同比下降31%，净利润19亿元，同比下降54%，均受基数较高、美元贬值影响。②中集车辆：2025年实现营收202亿元，同比下降4%，净利润9.3亿元，同比下降14%。③能化设备（主体为安瑞科）：2025年实现营收272亿元，同比增长6%，净利润10.4亿元，同比增长42%。④中集海工（主体为来福士）：2025年实现营收179亿元，同比增长8%，净利润10.6亿元，同比增长372%，⑤中集财务和海工：2025年净亏损14亿元，减亏4亿元。",1.3095999
2022-11-11,40,东旭蓝天,电力业务稳定业绩，精准发力乡村振兴,推荐逻辑：1）受益于国家“双碳”目标，光伏行业迎来快速发展。公司自持光伏电站1GW，并已搭建光伏电站智能运维平台，自运维及代运维项目2GW，受益行业高景气实现良好发展。2）公司布局大尺寸光伏组件市场，产品种类丰富，具备较强竞争力，产能释放提供业绩增长保障。3）集团债务重组方案通过，预计每年减少公司财务费用3-4亿元，经营业绩有望持续改善。,0.10568708
2021-11-02,45,深纺织A,OLED偏光片实现突破，后续成长可期,公司实现大尺寸OLEDTV偏光片技术突破，国产替代进程开始启动。公司实现了国内OLEDTV偏光片的技术突破，填补了国产大尺寸OLED（48寸以上）偏光片产能空白。由于大尺寸OLEDTV偏光片基本由日本住友公司生产。公司具备48寸OLED偏光片的生产能力后，打破国外在该领域的垄断。公司在大尺寸OLED屏幕偏光片领域，开启了中国在该领域的国产替代进程。,0.17961043
2022-01-14,45,深纺织A,“偏光片+”和差异化策略，助推公司业绩增长,"国产偏光片领军企业，经营业绩显著改善。公司是从纺织服装向偏光片转型的国企改革示范企业，深耕偏光片领域二十余年。2021年前三季度，公司实现营
业收入16.72亿元，同比增长13.53%；扣非后归母净利润0.63亿元，同比增长",0.041388154
2022-12-05,48,京基智农,深植广东的楼房养猪新秀，销价优势助力未来成长,公司简介：聚焦生猪、深植广东的楼房养殖新秀。公司目前已经形成了聚焦生猪养殖扩张、运作地产存量项目的主业格局。房地产业务方面，公司只做深圳市内的存量项目，今明两年有望开始陆续入伙交付并确认收入，后续将逐渐退出公司主业。生猪养殖业务，公司定位服务粤港澳大湾区，近年在广东及周边广泛开展规模化楼房生猪养殖项目建设，旗下在建及建成产能合计约为220万头，2022年、2023年生猪出栏规划分别约为100万头、200万头。目前公司的产能布局正在快速兑现，2022年前10月已实现出栏总量100.24万头，未来生猪板块将成为公司的核心创收板块。,0.8109364
2023-04-14,48,京基智农,牢铸生物安全优势，养殖新星迅速成长,"推荐逻辑：1）规模养殖场占比近六成，供需关系与疫病综合考量，优质养殖企业于周期中成长，24年养殖景气度或有提升；2）6750标准化生产模式，配备空气过滤新风系统，牢铸生物安全优势；3）南方生猪价格略高于全国平均水平，公司当前共计布局产能225万头，未来持续扩张，把握地域价格优势。
优质生猪养殖企业与周期中稳健发展。从能繁母猪存栏量的情况观测，23年生猪养殖景气度或将与22年相近。生猪市场供应量存在时滞性，可参考当前时点回溯十个月的能繁母猪存栏量而粗略估计生猪供应量，故而在判断23年全年生猪价格时，参考22年3月-23年2月能繁母猪存栏量平均数量，我们认为23年生猪养殖平均景气度将与22年水平相近，优质养殖企业把握成本优势，科学养殖提高效率。另一方面，22年Q4-23年Q1出现非瘟散点复发情况，生物安全问题或将导致生猪价格回落，对全年养殖景气度产生影响，同时进一步催化市场产能去化，为未来生猪价格景气回升蓄力，提供供需基本面支持。养殖企业的盈利不应单纯依靠于周期波动中价格的变化，核心的竞争力是提高养殖效率从而有效控制成本。优质养殖企业需要具有产能扩张所必备的现金流，同时经营成本的管控与防控疫病的水平将共同作用成为后续发展过程中的重要课题。",0.08781624
2023-05-10,48,京基智农,年报&1季报点评：生猪养殖业务发展迅速，成本控制能力增强,"事件：公司近日发布2022年报和2023年1季报。2022年，实现营收59.95亿元，同增86.12%；归母净利润7.73亿元，同增98.56%；2023年1季度，实现营收66.63亿元，同增1347.36%；归母净利润12.19亿元，同增960.38%。点评如下：
养殖业务发展迅速，22年成本下降明显。2022年，四大养殖基地湛江徐闻项目、茂名高州项目、海南文昌项目、广西贺州项目均全面引种投产，项目产能利用率快速提升，出栏高速增长。全年，累计销售生猪126.44万头，同增856.42%。23年1季度，累计销售生猪41.28万头，较上年同期大幅增长。生产效率和成本控制方面，2022年，核心高州项目全年保育育肥成活率约93.5%，全程平均成活率近90%。23年1季度，公司育肥猪出栏均重约112kg-113kg，PSY约24头，育肥猪上市率约86%。据测算，2022年，育肥猪生产成本约17.1元/公斤，较上年同期显著回落；23年1季度，育肥猪平均生产成本约17.4元/kg，断奶仔猪生产成本约440元/头，1季度成本有所上升主要受冬春季蓝耳、流感等疫病的影响导致生产效率季节性下降所致。公司积极推行和持续优化高标准的楼宇聚落式养殖模式，养殖生产效率有进一步提升空间，随着产能利用率和生产效率双双提升，生产成本有望趋势性下降。",0.024263203
2023-07-17,48,京基智农,2023半年报业绩预告点评：2023Q2归母净利同比扭亏为盈，养殖成本实现稳步下降,公司公告：公司发布2023年半年度业绩预告，预计2023上半年归属于上市公司股东的净利润实现12.5亿元-13.5亿元，上年同期归母净利亏损1.84亿元，同比增长778.57%-832.86%；预计2023上半年扣除非经常性损益后的净利润实现13.1-14.1亿元，同比增长1432.33%-1534.04%。本报告期业绩较上年同期大幅增长的主要原因系：报告期内，公司山海御园房地产项目大幅交付结转销售收入，而上年同期无房地产项目交付结转销售收入。,0.033543885
2023-11-01,48,京基智农,养殖新星出栏高增，降本增效持续推进,公司发布三季报，前三季度实现营业收入99.28亿元，同比增354.20%，归母净利润12.58亿元，同比扭亏为盈，去年同期亏损4667.33万元。其中三季度单季实现营收13.26亿，同比增21.53%，归母净利亏损2674.40万元，同比下降119.44%。生猪养殖业务拖累公司三季度亏损，但亏损幅度环比有所收窄，房地产业绩稳步兑现。,0.520381
2024-05-06,48,京基智农,地产业务对冲养殖板块亏损，养猪成本下降显著,"公司发布2024年一季报，实现营业收入12.58亿，同比下降81.12%，归母净利为5412.51万元，同比下降95.56%。公司地产项目去化贡献主要利润，猪价低迷拖累养猪业务亏损严重。
点评：地产业务贡献主要利润，养殖成本下降明显",0.052173972
2024-08-15,48,京基智农,公司动态研究报告：生猪养殖业务崛起成为主力，带动整体利润上升,"生猪养殖Q2扭亏，下半年利润展望乐观
2024中期业绩预告显示，京基智农实现归母净利润2.00亿元-2.60亿元，同比下降79.76%-84.43%；实现扣非后归母净利润2.10亿元-2.70亿元，同比下降79.86%-84.33%。由于2024H1房地产业务持续推进存量去化，交付数量较上年同期大幅减少，结转销售收入及利润相应下降，使得整体净利润较上年同期有所下降。2024Q2实现归母净利润1.46亿元-2.06亿元，同比增长124.69%-217.10%，实现扣非后归母净利润1.51亿元-2.11亿元，同比增长66.48%-132.61%。2024Q2猪周期维持运行于上涨周期，猪价上涨，养殖成本稳步下降，2024Q2生猪养殖业务实现扭亏为盈。预期2024下半年猪价持续维持高位，生猪养殖业务将带动整体利润上升。",0.16955352
2024-08-27,48,京基智农,公司事件点评报告：Q2生猪养殖扭亏，H1出栏量实现高增长,"事件
2024年8月26日，京基智农发布2024年半年度报告。",0.99697965
2024-08-28,48,京基智农,行业景气度上行，成本持续下降助力业绩回升,"公司发布2024年中期报告，实现营业收入27.00亿，同比下降68.61%，归母净利为2.35亿元，同比下降81.67%。其中二季度单季，实现营业收入14.42亿元，同比下降25.60%，归母净利为1.81亿元，同比增179.29%。受益于猪价回暖及养殖成本下降，二季度公司业绩明显好转。
点评：价格上行、成本下降共同助力业绩改善",0.027959287
2024-11-06,48,京基智农,公司事件点评报告：Q3业绩养殖盈利主导，聚焦发展生猪养殖,"事件
2024年10月30日，京基智农发布2024年三季度报告。",0.122155786
2024-11-20,48,京基智农,公司事件点评报告：定增聚焦养殖产能扩张，未来业绩增长空间可期,"事件
2024年11月15日，京基智农发布《2024年度向特定对象发行A股股票预案》，拟向包括控股股东京基集团在内不超过35名特定对象增发不超过1.59亿股，发行数量不超过本次发行前总股本的30%，拟募集总额19.3亿元。",0.951362
2020-12-23,49,德赛电池,整合NVT，倚靠ATL，3C电池封装最大平台横空出世,"事件：公司今日发布公告：公司正筹划有关全资子公司惠州市德赛电池有限公司通过增资方式引入战略投资者的重大资产重组事项。2020年12月22日，公司与香港新能达科技有限公司签署了《重组意向书》，拟由香港新能达以其持有的东莞新能德科技有限公司全部股权作价对惠州电池增资，增资完成后，香港新能达持有惠州电池不超过49%的股权,本公司将持有惠州电池剩余的股权，而惠州电池将持有东莞新能德的全部股权。",0.13905668
2020-10-28,50,深天马A,利润端改善强于营收表现，期待AMOLED放量,"事件：公司发布2020年三季度业绩报告，前三季度实现营业收入226.8亿元，同比下降3.2%，归属母公司净利润为12.3亿元，同比增长19.0%。第三季度公司实现营业收入为86.3亿元，同比下降2.3%，归属上市公司股东净利润为4.9亿元，同比增长24.6%。
营收表现稳定，调结构持续见效：公司前三季度营收保持相对稳定伴有小幅下滑，在新冠疫情冲击、安卓系厂商表现欠佳的市场环境下，公司营收仍相对稳定得益于产品结构上的调整。公司核心业务智能手机面板以技术附加值高的打孔屏为主，上半年LTPS中约60%出货为打孔屏，单片价格保持较高水平，抵御了外部环境的不利影响。前三季度毛利率为18.5%，同比提升2.2个百分点，产品结构调整成效自年初以来持续释放，我们预计毛利率仍有不断提升空间。",0.034006298
2020-10-28,50,深天马A,公司信息更新报告：2020Q3业绩符合预期，全力推进TM17二期量产,"2020Q3 毛利率改善明显，维持“买入”评级。
2020 前三季度，公司实现营收 226.83 亿元，同比-3.15%，归母净利润 12.31 亿元，同比+19.04%，扣非净利润 6.89 亿元，同比增长 26.50%。其中，2020Q3收入同比下滑 2.3%，归母净利润 4.86 亿元，同比+24.6%，扣非净利润 2.64 亿元，同比-2.0%。 考虑到公司产品结构持续改善， 我们调整 2020-2022 年归母净利润至 14.94/16.22/19.25 亿元（前值 12.30/13.65/19.25 亿元）， EPS 为0.61/0.66/0.78 元（前值 0.60/0.67/0.94） ，当前股价对应 PE 为 24.7x、22.7x、19.1x，维持“买入”评级。",0.81569856
2020-10-29,50,深天马A,疫情影响渐轻，车载全面复苏,"事件：公司2020年前三季度实现营业收入226.83亿元，同比下滑3.15%，实现归母净利润12.31亿元，同比增长19.04%，实现扣非归母净利润6.89亿元，同比增长26.5%。
其中第三季度实现营业收入86.26亿元，同比下滑2.27%，归母净利润4.86亿元，同比增长24.61%，扣非归母净利润2.64亿元，同比下滑2.05%。",0.361987
2021-01-26,50,深天马A,重申深天马A推荐逻辑：需求持续饱满，车载、AMOLED放量增长,2020 年度业绩超预期，调整创新显成效： 中小尺寸面板龙头深天马 A 近日发布2020 年度业绩预告，全年实现归属于上市公司股东的净利润为 14.5~16.5 亿元，同比增长 74.83%~98.95%。第四季度实现归母净利 2.2~4.2 亿元，同比大幅扭亏。2020 年业绩增长动力来自于： 1）技术创新加速产品升级， 持续优化产品结构， 提高高附加值产品出货占比； 2）加强成本改善力度，提升经营效率和盈利水平。,0.03602153
2021-01-27,50,深天马A,公司信息更新报告：产品结构优化，柔性AMOLED产能大规模释放在即,"产品结构优化，柔性AMOLED产能大规模释放在即，维持“买入”评级。
公司近日发布的公告显示，公司产品结构持续改善，LTPS对中尺寸平板和笔电、车载产品的渗透力度不断加大；2021年AMOLE的出货目标较2020年大幅增长。我们看好公司产品结构改善对盈利能力的提升作用，我们维持预计2020-2022年公司归母净利润14.94/16.22/19.25亿元，EPS为0.61/0.66/0.78元，当前股价对应PE为27.0、24.9、21.0倍，维持“买入”评级。",0.42515093
2021-03-15,50,深天马A,消费端成长全面稳健，车载屏加速度后劲十足,"事件：深天马A于2021年3月12日晚间发布2020年年度报告，公司2020年实现营业收入292.33亿，同比下滑3.46%；实现营业利润16.15亿元，同比增长60.98%，实现归属于上市公司股东的净利润14.75亿，同比增长77.79%。
上半年疫情影响已安然度过，各项业务成长稳健。公司全年营收基本与去年持平，但与上半年或前三季度相比，利润成长比率明显提升，这有其内在的本质原因。首先，各条产线的稳健运营与持续成长仍是最核心保障，2020年，公司除了AMOLED产线因为产能调配切换（武汉）和新增产能建设（厦门）仍在紧锣密鼓建设之外，其余消费电子、车载、工控、医疗等产线均保持着产销两旺的良好态势。其次，笔记本、平板电脑和医疗显示屏等产品受益于疫情需求成长迅速，并且至今仍维持着非常繁盛的市场需求。第三，车载与智能手机虽然上半年受到疫情的轻微影响，但下半年，尤其是三季末后，供应链整体物料供给紧张，对屏幕的价格拉升也非常明确，为盈利的整体增长带来正向促进。第四，公司过去几年，因为金立坏账、财务累积费用计提等历史因素的影响，Q4单季往往出现负增长，这些遗留问题在2019年前后已经得到妥善处理，因而未来公司的财务表现将会更加正面且稳健。",0.023437858
2021-03-15,50,深天马A,公司信息更新报告：业绩符合预期，柔性AMOLED开启发展新篇章,"产品结构优化提升盈利能力，维持“买入”评级。
公司近日发布2020年年报，2020年公司实现营收292.33亿元，同比下滑3.5%，实现归母净利润14.75亿元，同比增长77.8%，业绩符合预期。我们看好公司产品结构改善对盈利能力的提升作用，维持之前盈利预测（新增2023年），预计2021-2023年公司归母净利润16.22/19.25/23.94亿元，EPS为0.66/0.78/0.97元，当前股价对应PE为21.4、18.0、14.5倍，维持“买入”评级。",0.8325033
2021-03-16,50,深天马A,盈利能力持续提升，AMOLED进入产能释放期,事件：公司发布2020年年度报告，全年实现营业收入292.3亿元，同比减少3.5%，毛利率19.4%，同比提升2.6个百分点，归属母公司净利润为14.7亿元，同比增长77.8%，扣非后的归母净利润为8.8亿元，同比增长258.9%。第四季度公司实现营业收入为65.5亿元，同比下降4.5%，归属上市公司股东净利润为4.1亿元，同比大幅扭亏。2019年度利润分配预案为每10股派发现金红利0.7元（含税），不送红股，不以资本公积金转增股本。,0.040929258
2021-04-09,50,深天马A,公司点评报告：淡季不淡，中小尺寸面板龙头业绩高增长,"公司发布2021年一季度业绩预告称，公司一季度将实现归母净利润50,000万元-55,000万元，比上年同期增长65.93%-82.52%，预计实现基本每股收益0.2034元/股-0.2238元/股。
点评：",0.1015954
2021-04-30,50,深天马A,公司信息更新报告：业绩符合预期，中小尺寸面板龙头经营稳健,"业绩符合预期，维持“买入”评级。
2021Q1，公司实现收入 82.72 亿元，同比+26.1%，环比+26.3%；实现归母净利润 5.19 亿元，同比 72.1%，环比增长 112.7%；扣非净利润 3.39 亿元，同比238.0%，环比+73.8%。业绩符合预期。 我们维持之前的盈利预测，预计2021-2023年， 公司实现归母净利润 16.22/19.25/23.94 亿元， EPS 为 0.66/0.78/0.97 元， 当前股价对应 PE 为 21.1/17.7/14.3 倍， 维持“买入”评级。",0.32107157
2021-08-26,50,深天马A,突破上半年行业重压，扎实成长落地有声,"事件：深天马A于8月25日晚间发布2021年半年度报告，公司上半年实现营业收入159.94亿，同比增长13.78%；实现营业利润12.75亿元，同比增长52.49%，实现归属于上市公司股东的净利润11.96亿，同比增长60.64%。
在近年来最差安卓系手机出货的上半年里，交出不同于他者的优异成长答卷。与过去六七年相比，今年上半年安卓系手机在出货款型数，以及出货量等方面都创下历史新低，而且下降幅度较大。这一方面源于华为被实体名单无芯片供给，另一方面MOV等公司也受到上游缺芯缺料，下游疫情阻碍消费等影响。这次中报季有相当多的手机供应链企业出现利润大幅下滑。天马能在这个背景环境下实现营收和利润的双重增长，着实难能可贵。",0.40358436
2023-11-30,50,深天马A,3Q23归母净利润环比减亏，手机面板价格回升促进业绩修复,3Q23营收同比增长2.62%，归母净利润环比减亏3.96亿元。1-3Q23公司营收247亿元(YoY+2.01%)，归母净利润-17.90亿元（YoY-596.74%），扣非后归母净利润由去年同期的亏损4.75亿元扩大至亏损30.06亿元；其中3Q23营收86.97亿元(YoY+2.62%，QoQ+4.86%)，归母净利润-3.66亿元，环比减亏3.96亿元，扣非后归母净利润-9.65亿元，环比减亏1.59亿元。,0.2895906
2024-04-05,50,深天马A,4Q23毛利率同环比改善，布局中小尺寸全领域主流显示技术,2023年营收同比增长3%，4Q23归母净利润环比减亏。2023年公司营收322.71亿元(YoY+2.62%)，归母净利润亏损20.98亿元；其中4Q23营收75.72亿元(YoY+4.66%，QoQ-12.94%)，归母净利润亏损3.07亿元，环比减亏0.59亿元。4Q23公司毛利率11.26%（YoY+0.99pct，QoQ+6.33pct）。,1.3172166
2022-06-02,59,华锦股份,石化景气方兴未艾，业绩有望扶摇直上,聚焦石化主业，业绩大幅提升。公司专注于石油化工、化学肥料、沥青/润滑油三大业务。2021年公司拥有800万吨/年炼油、50万吨/年乙烯、100万吨/年道路沥青、90万吨/年润滑油基础油和132万吨/年尿素的生产规模。2021年公司实现营业收入385.52亿元，同比增长26.66%；实现归母净利润8.94亿元，同比增长175.47%。,0.079172134
2023-04-21,59,华锦股份,公司深度报告：炼油主业景气度提升，与华锦阿美项目共同成长,"国内炼化产能接近上限，炼厂价值迎来重估
国内原油一次加工能力在2025年控制在10亿吨，我国油品及炼油副产品将面临供应天花板。经济修复需求增长背景下产能提前受限，炼油产品有望结束长期过剩格局，在原油配额及税收稽查日益趋严背景下落后产能逐步淘汰，持续利好存量产能，优质炼化资产的价值有望得到重估。",0.8764824
2023-04-21,59,华锦股份,成品油消费复苏，炼油盈利有望回暖,事件：华锦股份公布 2022 年度报告。2022 年受原油价格大幅上涨、市场需求不振等因素影响，公司利润同比下滑。全年公司实现营收 490.6 亿元，同比增长 26.9%，归母净利润为 5.3 亿元，同比下降 43.9%。同时公司发布一季度业绩预亏公告，受国际原油价格下跌、石化下游市场需求不振、天然气大宗原料成本上升等因素影响，2023年一季度公司预计归母净利润亏损 4-5亿元，同比下降 240.8%-276%。,1.2755783
2023-09-06,59,华锦股份,公司事件点评报告：2023H1业绩承压，炼化格局改善静待价差修复,"事件
华锦股份发布2023年中报：2023年上半年营业收入217.58亿元，同比减少9.93%；归母净利润亏损6.75亿元。2023Q2单季实现营收117.84亿元，同比减少12.48%，实现归母净利润亏损1.78亿元，去年同期为2.17亿元，环比减亏3.2亿元。",0.20669901
2024-04-16,59,华锦股份,公司年报点评：2023年盈利逐季改善,"2023年盈利逐季改善。2023年，公司实现营业收入461.42亿元，同比-5.95%；实现归母净利润0.70亿元，同比-86.72%。公司单季度盈利逐步改善，1Q23-4Q23公司分别实现归母净利润-4.98亿元、-1.78亿元、2.83亿元、4.62亿元。公司拟向全体股东每10股派发现金红利0.14元（含税）。
主要产品产销量稳定增长。2023年，公司石化板块产销量分别为558.67/558.70万吨，分别同比增长4.26%/4.97%；化肥板块产销量分别为126.83/126.17万吨，分别同比增长14.05%/13.57%。",0.015758991
2021-06-04,60,中金岭南,内外兼修多源整合，铅锌龙头乘风起航,"铅锌龙头历久弥新，多维布局效益凸显
中金岭南是一家主要从事铅锌铜等有色金属的采矿、选矿、冶炼和深加工一体化生产的企业，目前已形成铅锌采选年产金属量 30 万吨、铅锌冶炼年产金属量 30 万吨的生产能力，产销量在国内铅锌行业中处于领先地位。通过全球范围内一系列的收购兼并和资源整合，公司不仅构建了完整的有色金属产业链，为可持续发展创造良好条件，又横向开拓新材料加工、金融贸易、工程技术服务等一系列业务领域，不断完善产业链布局。在一体化整合的生产模式下，公司历年精矿和冶炼产品产量持续稳定，2020 年公司生产铅锌精矿金属量 28.06 万吨，铜金属量 0.22万吨；冶炼产品 30.94 万吨，同比增长 7.86%，全国产量占比 2.40%。",0.7709659
2021-09-02,60,中金岭南,铅锌价上行提振业绩，矿山整合稳固龙头地位,"公司于2021年8月31日发布中报，H1实现营业收入201.16亿元，同比增长40.04%；实现归母净利润6.63亿元，同比增长78.67%；扣非净利润6.22亿元，同比增长57.52%。
从单二季度看，2021Q2实现营收110.18亿元（同比增长32.38%，环比增长21.10%），实现归母净利润4.06亿元（同比增长77.77%，环比增长58.20%），实现扣非净利润4.04亿元（同比增长95.09%，环比增长85.36%）。",0.15423632
2022-05-05,60,中金岭南,铅锌量价齐升，矿山扩证增储未来可期,"事件：公司于2022年3月28日发布年报。
从全年看，公司实现营业收入444.49亿元，同比增长47.06%；实现归母净利润11.72亿元，同比增长17.75%；扣非净利润10.58亿元，同比增长43.61%。",0.10879803
2023-04-14,60,中金岭南,巩固铅锌主业，进军铜产业链,"2022年公司归母净利润同比增长3.5%。2022年公司实现营收553.39亿元（+24.5%），归母净利润12.12亿元（+3.5%），扣非归母净利润11.73亿元（+10.91%），经营性净现金流10.81亿元（-38.85%）。其中2022Q4单季营收84.43亿元（-31.7%），归母净利润1.67亿元（-8.3%）,扣非归母净利润1.71亿元（+18.2%）。",0.39487088
2023-06-29,60,中金岭南,公司动态研究报告：锌铅主业稳固，扩张铜产业链,"锌铅矿的采选及冶炼为公司主业
公司直属凡口铅锌矿、子公司广西中金岭南矿业公司和澳大利亚佩利雅公司负责铅锌矿的开采、选矿，公司直属韶关冶炼厂和丹霞冶炼厂负责将铅锌精矿冶炼为铅锭、锌锭和锌制品（热镀锌等锌合金），两大生产环节分别由上述企业实施，彼此相对独立。截止到2022年年报，公司已经形成了锌铅采选年产金属量30万吨生产能力，锌铅冶炼年产金属量42万吨生产能力。",0.9539061
2023-08-07,60,中金岭南,一体两翼，铜锌协力,"投资逻辑
“一体两翼”战略路径打造全产业链资源公司。公司海内外所属矿山保有锌金属资源693万吨、铅金属326万吨、铜金属126万吨、银金属6012吨及黄金、钴、镍等多种金属资源，2022年生产精矿含铅锌金属量27.4万吨。公司力争到“十四五”末实现营收1000亿元、利润20亿元以上，制定“一体两翼”战略实施路径，“一体”即提升所控制的铅锌铜金属资源量，“两翼”即打造铅锌和铜冶炼及精深加工产业链，尤其是转战铜产业链。",0.13462847
2023-08-30,60,中金岭南,铜冶炼利润可观，半导体材料技术再提升,"事件
公司8月29日公布23半年报，1H23实现营收372.08亿元，同比+3.88%；归母净利5.40亿元，同比-36.34%；扣非归母净利5.03亿元，同比-38.76%。2Q23实现营收204.36亿元，环比+21.70%；归母净利2.20亿元，环比-31.21%；扣非归母净利1.95亿元，环比-36.85%。",0.9984469
2023-08-31,60,中金岭南,铅锌跌价盈利下滑，铜冶炼增收增利,"2023H1年公司归母净利润同比下降36%。2023H1公司实现营收372亿元（+3.9%），归母净利润5.4亿元（-36.3%），扣非归母净利润5.03亿元（-38.8%），经营性净现金流0.47亿元（-90.4%）。其中2023Q2单季营收204亿元（-3.3%），归母净利润2.2亿元（-57.3%）,扣非归母净利润1.95亿元（-59.8%）。盈利下降主因锌价下跌，2023H1锌现货价22132元/吨，同比下降了3757元/吨，公司年产锌精矿19万吨，锌价跌幅基本可以对应公司盈利的下降。",0.8984247
2023-09-07,60,中金岭南,锌价下行利润承压，铜冶炼贡献业绩增量,"事件：中金岭南发布2023年半年报。公司23H1收入372.27亿元，同比+3.76%，归母净利润5.40亿元，同比-36.34%。其中单Q2收入204.36亿元，同比-3.36%，归母净利润2.20亿元，同比-57.35%。
铅锌精矿产量下降，铜冶炼贡献业绩增量。分产品：1）23H1公司精矿产品收入11.96亿元，同比-28.02%，23H1公司生产精矿铅锌金属量13.41万吨，同比-1.54%；其中国内矿山企业生产铅锌矿金属量8.28万吨，同比-11.44%。2）公司23H1铅锌冶炼产品收入35.05亿元，同比-2.12%，23H1公司冶炼企业生产铅锌产品21.52万吨，同比+27.64%。3）铜冶炼业务并表，23H1贡献收入132.24亿元。4）公司压缩有色金属贸易业务，23H1收入186.65亿元，同比-39.05%。",0.24353147
2023-10-31,60,中金岭南,盈利能力边际改善，持续强链延链,"事件
10月30日公司公布23三季报，1-3Q23实现营收528.48亿元，同比+12.48%；归母净利7.16亿元，同比-31.53%；扣非归母净利6.64亿元，同比-33.76%。3Q23实现营收156.21亿元，环比-23.61%；归母净利1.76亿元，环比-20.23%；扣非归母净利1.61亿元，环比-17.59%。",1.084994
2024-04-29,60,中金岭南,并表铜冶炼厂，增厚公司利润,"事件
4月29日公司发布24年一季报，1Q24实现营收180.23亿元，环比+40.82%，同比+7.33%；归母净利2.39亿元，环比扭亏，同比-25.23%；扣非归母净利2.35亿元，环比扭亏，同比-23.94%。",0.4652652
2024-05-12,60,中金岭南,金属价格上涨将增厚矿山版块利润,2023年公司归母净利润同比下降43%。2023年公司实现营收656亿元（+18.5%），归母净利润6.9亿元（-43.3%），扣非归母净利润6.43亿元（-45%），经营性净现金流15.7亿元（+45.3%）。2023年公司盈利下降主因铅锌价格下跌及铅锌精矿产量下降，2023年国内锌现货年均价21635元/吨，同比降幅达14.2%；2023年公司境内铅锌精矿产量17.04万吨，同比下降6.2%。,1.2508564
2024-06-28,60,中金岭南,铅锌矿扩建+铜矿投产，业绩有望增厚,"主要观点：
事件一：公司拟投资扩建凡口铅锌矿资源整合Ⅰ期狮岭东矿段项目",1.1008385
2024-08-28,60,中金岭南,量稳价增，Q2业绩环比增长,"事件
8月27日公司发布24年中报，1H24实现营收306.41亿元，同比-17.69%；归母净利5.42亿元，同比+0.3%；扣非归母净利5.18亿元，同比+2.94%。2Q24实现归母净利3.03亿元，环比+26.43%，同比+37.41%。",0.41119498
2024-09-01,60,中金岭南,铜铅锌产量平稳，冶炼业务利润承压,2024H1公司归母净利润同比下降0.3%。2024H1公司实现营收306亿元（-17.7%），归母净利润5.4亿元（+0.3%），扣非归母净利润5.2亿元（+2.9%），经营性净现金流7.7亿元（去年同期0.47亿元）。经营性净现金流同比大幅增长主要是去年同期低基数，去年上半年公司并表铜冶炼厂，增加原料备货，库存大增导致经营性净现金流锐减。2024H1锌价同比持平，铅价同比上涨1800元/吨；但铅锌精矿短缺导致冶炼加工费大幅下滑，冶炼利润同比下降，抵消了铅价上涨收益；铜冶炼业务利润与去年同期持平。,0.77571213
2024-10-29,60,中金岭南,铅锌价格贡献业绩，上游资源端再发力,"事件
10月28日公司发布24年三季报，前三季度实现营收456.88亿元，同比-13.49%；归母净利7.99亿元，同比+11.66%；扣非归母净利7.73亿元，同比+16.39%。3Q24实现归母净利2.58亿元，环比-14.89%，同比+46.62%。",0.71177304
2024-10-30,60,中金岭南,Q3业绩符合预期，矿山产量稳健增长,"主要观点：
公司发布2024年三季报",0.34558624
2025-04-20,60,中金岭南,2024年归母净利同增57%，矿端加速增储上产,"主要观点：
公司发布2024年年报",1.0653846
2025-11-03,60,中金岭南,Q3业绩符合预期，铜冶炼收入增长,"主要观点：
公司发布2025年三季报",0.26916677
2021-07-06,62,深圳华强,公司首次覆盖报告：电子产业互联网平台蓄势待发,"电子元器件产业互联网龙头，首次覆盖给予“买入”评级
2014年公司开启战略转型，切入电子元器件分销领域，通过外延并购和内生增长，成为国内电子元器件产业互联网龙头。2019年公司设立华强电子网集团，覆盖长尾现货市场，产业互联网平台蓄势待发。我们预计2021-2023年公司归母净利润分别为9.56、11.39、13.91亿元，对应EPS分别为0.91、1.09、1.33元，对应当前股价PE分别为18.8、15.8、13.0倍。首次覆盖，给予“买入”评级。",0.850407
2021-08-26,62,深圳华强,公司信息更新报告：产业互联网平台进入高增长阶段,"电子元器件产业互联网龙头， 维持“买入”评级
公司发布 2021 年中报， 实现收入 99.87 亿元，同比增长 53.1%，实现归母净利润4.34 亿元，同比增长 53.7%。 我们维持公司 2021-2023 年归母净利润预测为 9.56、11.39、 13.91 亿元， EPS 为 0.91、 1.09、 1.33 元/股，当前股价对应 PE 为 16.3、13.7、 11.2 倍。公司产业互联网平台进入高增长阶段， 维持“买入”评级。",0.11893654
2021-10-27,62,深圳华强,公司信息更新报告：产业互联网平台持续验证，全年高增长可期,"产业互联网平台持续验证，维持“买入”评级
公司发布2021年三季报，单三季度收入同比增长30.0%；归母净利润同比增长53.3%。电子行业景气回暖，公司创新业务持续验证，我们维持盈利预测不变，预计2021-2023年归母净利润为9.56、11.39、13.91亿元，EPS为0.91、1.09、1.33元/股，当前股价对应PE为16.2、13.6、11.1倍，维持“买入”评级。",0.07670188
2020-10-29,63,中兴通讯,三季报点评报告：保持高研发投入，Q3扣非净利润大幅增长,"事件:
2020年10月28日，中兴通讯公布了第三季度财报，公司前三季度营业收入741.29亿元，同比增长15.39%；归母净利润27.12亿元，同比下跌34.30%；扣除非经常性损益的净利润14.46亿元，同比上涨103.59%。",0.043798268
2020-10-30,63,中兴通讯,业绩迅速增长，未来上升动力强劲,"业绩总结：公司2020年前三季度实现营业收入741.3亿元，较去年同期增长15.4%；实现归母净利润27.1亿元，较去年同期下降了34.3%。
5G建设加速推进，公司业绩迅速增长。上半年国内电信行业稳健发展，公司受益于国内移动互联网的快速增长和5G建设的全面铺开，国内市场实现营业收入317.5亿元人民币，占本集团整体营业收入的67.3%。但是公司海外业务上半年受疫情影响较为严重，实现营收154.5亿元，同比下滑了10.1%。但随着国内运营商5G建设加快以及政企持续推进通信建设采购，公司业绩长期向好。公司在一季度业绩受疫情冲击后，二季度迅速复工复产，业绩企稳回升。公司Q3单季度实现营收269.3亿元，同比提升了37.2%；实现归母净利润8.6亿元，同比下降了67.8%，扣非净利润实现5.4亿元，同比增长了454.7%。业绩回稳的主要原因是公司的运营商网络及政企业务营业收入较上年同期均有增长。",0.108162045
2020-12-28,63,中兴通讯,5G时代，不一样的中兴通讯,推荐逻辑：中兴三步走战略：恢复、发展、超越，正处于从恢复阶段向发展阶段前进。随着全球5G大规模组网的进行，在国内平稳的基础上，其他亚洲地区有望快速推进5G，公司在芯片上不受限制，且在人力和技术有长期的竞争优势，保障公司运营商业务快速增长。参考4G时期，随着5G持续推进，毛利率是逐渐提升的过程，同时5G的海外可达市场空间更大，技术相比于4G更具有竞争力。5G换机潮为中兴重启终端业务提供了良好的机遇，中兴技术积淀深厚，终端业务有望迎来改善。收购中兴微电子剩余股权，有望迎来价值重估。,1.0646075
2021-01-25,63,中兴通讯,公司信息更新报告：主设备龙头Q4业绩上扬，有望带动通信板块反转行情,"5G 主设备龙头 Q4 营收及归母净利润同比双增，维持“买入”评级
公司于 1 月 23 日发布 2020 年业绩快报。公司 2020 年实现营收 1013.79 亿元（ +11.7%）；实现归母净利润 43.67 亿元（ -15.2%）。 2020 年 Q4 单季公司实现营收 272.5 亿元（ +2.8%）；实现归母净利润 16.55 亿元（ +62.2%）， Q4 利润率实现较大幅度增长。 报告期内公司国内外市场同步发力， 在运营商网络、消费者业务及政企业务同增的同时，深耕国外价值市场，实现盈利能力较大提升。我们认为2021 年全球 5G 布局将持续加速，公司作为行业龙头全球市场份额或将持续增长。考虑新冠疫情影响及公司最新业绩预告，我们下调公司未来归母净利润，调整后预测公司 2020/2021/2022 年可实现归母净利润 43.67/56.39/66.26 亿元（此前62.78/81.03/100.52 亿元），同增-15.2%/29.1%/17.5%（此前 21.9%/29.1%/24.0%），EPS 为 0.95/1.22/1.44 元（此前 1.36/1.76/2.18 元），当前股价对应 PE 分别为37.7/29.2/24.9 倍，考虑公司的稀缺性及核心竞争力优势，维持“买入”评级。",0.0514338
2021-01-25,63,中兴通讯,经营质量显著提升，内外扰动消除，持续高增长可期,"事件：1月23日，中兴通讯发布业绩快报，2020年实现业绩收入1013.79亿元，同比增长11.73%，实现归母净利润43.67亿元，同比减少15.18%。
战略发展期聚焦主业，业绩逐步实现有质量的发展：当前中兴通讯处于战略发展阶段，聚焦运营网络业务，同时加快推进政企业务及消费者业务，实现有质量的发展，因此20年三大业务营业收入均实现同比增长，由于2019Q3受到资产处置带来一次性税前收益的影响，20年归母净利润较19年同期下滑15.18%（剔除26.62亿元一次性收益影响，全年归母净利润同比增长76%），从单季度数据来看，Q4实现营业收入272.5亿元，同比增长2.8%，实现归母净利润16.55亿元，同比增长62.21%，环比增长93.57%；其次从现金流及负债的角度来看，经营质量持续向好：20年进一步加强现金流及销售收款管理，实现经营活动产生的现金流量净额102.30亿元，同比增长37.38%；同时持续优化资产和负债结构，资产负债率由19年末的73.12%下降至20年末的69.52%。最后从股东权益角度来看，20年归属于普通股股东的所有者权益同比增长49.73%，EPS同比增长27.24%。",0.064487934
2021-01-26,63,中兴通讯,事项点评报告：公司Q4净利润大增，步入良性高质量增长区间,"事件:
2021 年 1 月 22 日，中兴通讯公布了 2020 年业绩快报，2020 年公司营业收入和净利润分别为 1013.79 亿元和 43.67 亿元，同比分别上升 11.73%和下降 15.18%，业绩符合预期。公司净利润出现同比大幅下滑主要原因是公司于 2019 年第三季度资产处置带来一次性税前收益 26.62 亿元。 扣除深圳湾部分非经常收益后，公司 2019 年净利润约为 24.60 亿元；若以此为基准，2020 年公司净利润同比增长约 77.52%。",0.9939349
2021-01-26,63,中兴通讯,4Q业绩明显改善，公司经营质量持续向好,"结论与建议：
公司发布2020年业绩快报，实现营业收入1013.79亿元，yoy+11.73%；净利润为43.67亿元，yoy-15.18%，EPS为0.95元扣除这部分非经常性损益，预计公司2020年净利润同比增长77%。扣除非经常性损益，预计公司2020年净利润同比增长77%。其中4Q单季营收272.50亿元，yoy+2.85%；净利润为16.55亿元，yoy+62.21%。公司业绩略超预期。",0.025788963
2021-01-27,63,中兴通讯,Q4业绩强势复苏，毛利率和份额提升带来持续价值,"事件：公司发布2020年报预告。营收1013.79亿元（YOY+11.73%），归母净利润43.67亿元（YOY-15.18%）,EPS为0.95元/股，同比下滑22.13%。其中Q4单季度净利润16.55亿元（YOY+62.21%），环比增长93.57%。
点评：",1.1316643
2021-03-04,63,中兴通讯,科技龙头，5G铸就,"推荐逻辑：公司]在国内5G无线侧份额在此前二期招标约30%份额的基础上有望稳步提升，2021年5G无线产品毛利率有望上行；2020H1公司应收账款周转天数快速下降到69.9天，且5G时代公司存货的质量更高，资产质量改善显著；行业应用5G设备支出市场快速增长，公司政企业务布局和上游芯片研发持续投入，具备成长为多元业务科技龙头潜力。
5G时代国内设备商破圈潜力巨大。纵观全球通信设备行业的竞争演变，仅有国内厂商有成功转型为多元科技巨头的破圈先例，我们认为主要原因在于设备商有专利技术壁垒为“锚”，能力圈拓展进可攻退可守，更为重要的是国内有巨大的消费应用市场以及配套成熟的产业链支持。5G时代随着无线侧集成趋势增强，设备商产业链地位持续提升，国产替代背景下设备商在上游的突破一旦实现“由点及面”，技术能力将再上新台阶。我们认为天时地利条件具备，5G时代国内设备商破圈潜力巨大。",0.86775964
2021-03-17,63,中兴通讯,年报点评报告：各项业务稳步发展，步入高质量增长区间,"事件:
2021年3月16日中兴通讯发布2020年年度报告，公司2020年全年营业收入和归母净利润分别为1014.5亿元和42.60亿元，同比分别上升11.81%和下降17.3%；扣除非经常收益后，公司扣非归母净利润10.36亿元，同比增长113.66%。公司同时发布2021年第一季度业绩预告，预计公司2021Q1净利润为18.0亿元至24.0亿元，同比增长130.8%至207.7%。净利润的大幅增长主要是由于公司营业收入同比增长，毛利率持续恢复改善，以及转让北京中兴高达通信技术有限公司90%股权确认税前利润约7.7亿元所致，业绩基本符合预期。",0.25704855
2021-03-17,63,中兴通讯,固本拓新，扣非净利大幅增长,"事件： 公司发布 20 年年报， 2020 年公司实现营业总收入 1014 亿元、同比增长11.81%，归母净利润 42.6 亿元，同比下降 17.25%， 扣非后归母净利润 10.35 亿元、同比增长 113.66%。其中 20Q4 营业总收入 273.2 亿元， 同比增长 3.12%。
国内运营商、 政企业务收入增长稳健，但毛利率下滑及占比提升， 全年毛利率同比下降。 分地区看，国内业务实现营收入 680.51 亿元，同比 16.9%，毛利率28.86%，同比下降 11pct；国际业务实现营业收入 334 亿元，同比增加 15.8%，毛利率 38.45%，同比提升约 4.9pct。 分业务看， 2020 年运营商网络实现营业收入740.2 亿元， 同比增长 11.16%， 主要是由于 5G 无线产品、承载产品、 核心网产品等拉动；政企业务实现营业收入 112.7 亿元， 同比增长 23.13%， 主要系承载产品、 国内服务器等增长；消费者业务实现营业收入 161 亿，同比增长 7.75%，主要系手机产品、国际家庭终端增长拉动。毛利率方面， 公司 20 年整体毛利率为31.6%，同比下降 5.56pct，主要是由于运营商网络毛利率较上年同期下降所致。其中，公司运营商业务毛利率 33.8%，同比下降 8.8pct.。 消费者业务毛利率 23.6%，同比提升",0.050310373
2021-03-17,63,中兴通讯,把握新基建机遇，毛利率和份额提升带来持续价值,"事件：公司发布2020年度报告。营收1014.5亿元，同比增长11.81%，归母净利润42.60亿元，同比下降17.25%。扣非后归母净利润10.36亿元，同比上升113.66%。EPS为0.92元/股，同比上升24.59%。
点评：",0.07575536
2021-03-17,63,中兴通讯,2020年年报点评：20年业绩符合预期，市场格局优化推动Q1大超预期,"事件：中兴通讯2020年全年实现营业总收入1014.51亿元，同比+11.81%，实现归母净利润42.60亿元，同比-17.25%，符合我们预期；2021Q1预计实现归母净利润18-24亿元，同比+130.77%-207.70%，实现EPS0.39-0.52元，同比+116.67%-188.89%，业绩大超我们预期。
全年业绩稳步向上，Q1业绩亮眼：2020年，运营商网络、政企以及消费者三大业务收入均实现稳步增长，其中运营商同比+11.16%，政企业务同比+23.13%，消费者业务同比+7.75%；从区域角度来看，国内业务收入实现双位数增长，同比+16.9%，海外业务同比+2.7%；20年实现净利率4.65%，较2020年前三季度提升0.31pp。我们认为随着市场格局的进一步优化，海内外基站建设的推进，2021年中兴通讯业务将持续稳步增长，盈利能力进一步改善。",0.2371729
2021-03-18,63,中兴通讯,中兴通讯2020年年度报告点评：通信龙头全年营收高质量增长，静待展翅腾飞,"一、事件概述
3 月 16 日，公司发布 2020 年年度报告和 2021 年 Q1 业绩预告。 2020 年，公司实现营业收入 1014.51 亿元，同比增长 11.81%；归母净利润 42.60 亿元，同比下降 17.25%；扣非归母净利润 10.36 亿元，同比增长 113.66%。公司预计 2021 年 Q1 实现归母净利润18.00-24.00 亿，同比增长 130.77%-207.70%。",0.054264963
2021-03-18,63,中兴通讯,进入利润释放期，有望迎来盈利和估值双升,"业绩简评
公司发布2020年度报告及2021年一度报指引。2020年公司实现营业收入1014.51亿，同比上升11.81%；实现归母净利润42.60亿元，同比下降17.25%。预计2021年一季度实现归母净利润18-24亿。",1.3356909
2021-03-18,63,中兴通讯,公司信息更新报告：Q1业绩预告超预期，公司综合实力改善卓有成效,"Q1业绩预告超预期，业绩释放有望重燃5G设备板块，维持“买入”评级
公司公告2020年年报，2020年实现营收1015亿元，同增11.81%，扣非净利润10.36亿元，同增113.6%，归母净利润42.60亿元，同降17.25%，因2019年资产处置收益推高2019年净利润。2020年毛利率31.61%，净利润4.65%，总体盈利能力保持稳定。同时公司公告2021Q1业绩预告，预计可实现归母净利润18-24亿，扣除出售中兴高达转让收益7.74亿元税前利润后归母净利润约为12-18亿元。考虑到市场格局不断优化，公司进入利润释放期，我们上调预测公司2021/2022/2023年可实现归母净利润63.05/80.00/99.31亿元（此前2021/2022年为56.39/66.26亿元），同增48.0%/26.9%/24.1%（此前2021/2022年为29.1%/17.5%），EPS为1.37/1.73/2.15元（此前2021/2022年为1.22/1.44元），当前股价对应PE分别为22.3/17.6/14.1倍，经营业绩明显边际改善，维持“买入”评级。",0.05810058
2021-03-19,63,中兴通讯,经营迎改善，Q1超预期,"业绩总结： 公司发布 2020 年年度报告， 2020 年全年实现营业收入 1014.5 亿元，同比增长 11.8%，实现归母净利润 42.6 亿元，同时发布 2021 年一季度业绩预告，预计 2021 年 Q1 实现归母净利润 18.0-24.0 亿元，同比增长 130.8%-207.7%。
运营商业务毛利率有望大幅改善。根据公司 2020 年年报，运营商业务毛利率2020 年下降 8.82 个百分点，其中国内运营商业务毛利率下降 11.01 个百分点。我们认为主要原因是国内运营商二期招标中实际执行价格有较大折扣，我们认为国内运营商三期招标启动在即，随着前期各家份额划定，三期中标价格在执行中的价格折扣也有望逐步调整为正常价格，加之海外设备商的份额下滑趋势，我们认为公司在国内运营商 5G 无线侧份额有望稳步提升，毛利率有望上行。",0.066067815
2021-03-19,63,中兴通讯,公司各项业务稳健发展，全年业绩符合预期,"结论与建议：
公司发布2020年年报，全年实现营收1014.51亿元，yoy+11.81%；净利润为42.60亿元， yoy-17.25%； 扣非后净利润10.36亿元，同比增长113.66%， EPS为0.92元。其中4Q单季营收273.21亿元，yoy+3.12%；净利润为15.48亿元，yoy+51.73%。另外公司发布2021年一季度业绩预告，预计实现净利润18-24亿元，同比增长130.77%-207.70%。公司业绩符合预期。",0.40488183
2021-03-22,63,中兴通讯,全面布局智能汽车，多项业务持续落地,公司强劲的技术研发实力在新应用领域的持续价值变现为公司核心竞争实力和长期成长逻辑。市场普遍认为公司未来的业绩增长仍然要依靠5G周期景气度的提升，带动运营商业务的增长，过于关注公司账面净利润和运营商资本开支周期性，忽视过去11年公司在研发投入超1200亿元所带来的核心技术提升。我们认为现阶段5G大规划投建，除带动运营商业务大规模增长外，也将带动各行业智能化、网联化技术下游应用的大幅提升。公司以运营商业务为基础，大力发展芯片、操作系统和数据库等核心技术，智能化、网联化和国产替代进程加快将加速公司核心技术在智能驾驶、工业互联网、金融科技以及新能源等方面的价值变现。,0.58878124
2021-04-29,63,中兴通讯,坚持健康经营，21年开局良好,"事件：公司发布21年一季报，2021年Q1公司实现营业总收入262.4亿元、同比增长22.14%，归母净利润21.8亿元，同比提升179.7%，扣非后归母净利润7.88亿元、同比增长392.1%。
经营稳健，各大业务板块均实现同比增长。2021年Q1，公司国内和国际市场、三大业务（运营商网络、政企业务、消费者业务）营业收入均实现同比增长。在国内市场，公司深耕运营商网络并延续增长趋势，同时积极拓展政企业务和消费者业务，两者营业收入均实现大幅增长；在国际市场，公司坚持健康经营，实现稳健增长。",0.032648504
2021-04-29,63,中兴通讯,业绩超预期，研发实力强劲，盈利能力持续提升,"事件：2021 年 4 月 28 日，公司发布 2021 年一季报，一季度公司实现营收262.42 亿元，同比增长 22.14%，实现归母净利润 21.82 亿元，同比增长179.70%，实现扣非归母净利润 7.88 亿元，同比增长 392.10%。
点评：",0.05867511
2021-04-29,63,中兴通讯,2021年1季报点评：业绩增速亮眼，现金流充沛，看好ICT龙头高歌稳进,"事件：中兴通讯2021年Q1营收262.42亿元，同比+22.14%，归母净利润21.82亿元，同比+179.70%，扣非后归母净利润为7.88亿元，同比+392.10%，业绩符合我们预期。
Q1业绩高速增长，盈利能力持续改善：5G时期，中兴通讯作为全球领先的端到端解决方案提供商，在产品、技术以及解决方案均保持领先。随着市场竞争格局的不断优化，Q1业绩同比高度增长，从环比增速来看，营收环比-3.95%，归母净利润环比+179.70%，扣非后归母净利润环比+392.10%；毛利率明显改善，Q1毛利率为35.44%，较2020全年（31.61%）提升3.83pp，较2020年Q4（30.19%）提升5.25pp，盈利能力明显改善。",0.030033708
2021-04-30,63,中兴通讯,中兴通讯2021年一季度报告点评：毛利率净利率环比改善明显，经营质量持续提升,"一、事件概述
4月28日，公司发布2021年一季度报告，报告期内，公司实现营业总收入262.4亿元，同比增长22.1%；实现归母净利润21.8亿元人民币，同比增长179.7%；实现扣非归母净利润7.9亿元人民币，同比增长392.1%。",0.024028301
2021-04-30,63,中兴通讯,各项业务稳健发展，盈利能力持续改善,"结论与建议：
公司发布2021年一季度业绩，1Q实现营收262.41亿元，yoy+22.14%；净利润为21.82亿元，yoy+179.70%；扣非后净利润为7.88亿元，yoy+392.10%，EPS为0.47元。公司业绩处于预告区间中值附近，符合预期。",0.92771
2021-06-03,63,中兴通讯,深度报告：砥砺前行，ICT龙头蓄势待发,"报告关键要素:
我们认为公司目前经营状况正在逐渐改善，依靠持续增长的研发投入，公司在5G建设的周期中重新占据有利地位，政企业务恢复增长，手机业务重新起航。目前公司整体已进入上行轨道，估值业绩有望双双修复。",0.7302221
2021-06-10,63,中兴通讯,中兴通讯：近期集采结果表现亮眼，ICT综合实力稳步向上,"事件：近日中国移动公布2021-2022年高端路由器和高端交换机以及计算型服务器采购结果，中兴通讯表现亮眼。
ICT实力稳步提升，近期集采结果表现亮眼：近期中国移动相继公布多个招标项目集采结果，其中在中国移动集中网络云资源池三期工程计算型服务器采购项目中，中兴通讯为X86平台服务器的第一中标人（60%），在2021年至2022年高端路由器和高端交换机产品集中采购中，中兴通讯也持续突破，在12T高端路由器CR设备中中兴为第二中标人（14%，因为新厂商试用原则，份额受到限制），400G档高端路由器为第二中标人（30%）；我们回顾2016年以来关于中国移动集团服务器的招标数据,2016-2017年的PC服务器中集中采购中，中兴仅在标包1中中标20%；2018年PC服务器集中采购中中标标包2/3/4/5/7/8等多个标段，2020年PC服务器采购中中标标包1/3/5/7等多个标包，除标包1外，其他均为第一中标人；中兴通讯在近5年移动招标中，份额不断提升，并且随着综合实力的继续提升，有望在未来持续取得突破。",0.16808283
2021-06-11,63,中兴通讯,中兴通讯事件点评：中标份额提升叠加毛利改善预期，或迎价值重估,"一、事件概述
中兴通讯近期中标多个运营商集采项目：1.2月25日，中国移动公告2021-2022年SPN设备新建部分集采项目结果，集采规模约23.51亿元，中兴通讯中标36.5%的份额排名第二，中标金额约8.58亿元；2.5月24日，中国电信公告2021年天翼网关4.0集中采购项目结果，集采规模近50亿元，中兴通讯中标约60%的份额排名第一，中标金额约30亿元；3.6月7日，中国移动公告集中网络云资源池三期工程计算型服务器采购项目结果，项目总预算为21.54亿元（不含税），中兴通讯在X86平台项目中中标60%的份额排名第1，中标金额约8.54亿元。",0.7161639
2021-06-16,63,中兴通讯,中标中国移动多个项目，政企业务持续发力,"近期，公司先后中标中国移动集中网络云资源池三期工程计算型服务器采购项目和2021年至2022年高端路由器和高端交换机产品集中采购项目。
点评：",0.97132456
2021-07-11,63,中兴通讯,业绩超预期，盈利能力持续提升,"Q2 业绩增长超预期， 毛利率持续改善，盈利能力大幅提升
根据公司公告，公司 2021 年 H1 实现归母净利润中值为 40.5 亿元， 同比增长 118%，其中， Q2 单季度实现归母净利润 16.2-21.2 亿元， 同比增长 50%-97%， 中值为 18.7%， 同比增长 73%。 一季度公司转让北京中兴高达通信技术有限公司 90%股权，确认税前利润约 8 亿元。 公司不断优化市场格局，上半年营业收入同比增长，毛利率持续恢复改善，盈利能力大幅提升。",0.014366388
2021-07-12,63,中兴通讯,中兴通讯：中报预告超预期，5G业务稳步向上，政企等第二曲线业务加速发展,"事件：7月9日，中兴通讯公布2021年半年度业绩预告，上半年公司预计实现归母净利润38-43亿元，预计实现EPS为0.82-0.93元，同比上升104.6%-131.5%，业绩超出我们预期。
收入提升叠加盈利能力改善，中期业绩亮眼：2021年上半年中兴通讯预计实现归母净利润38-43亿元，同比上升104.6%-131.5%，其中Q2单季度预计实现归母净利润16.18-21.18亿元，扣除中兴高达股权出让所确认利润约8亿元，公司Q2单季度预计实现归母净利润8.18-13.18亿元。随着市场格局的不断优化，前期份额争夺的价格压力基本消除，同时内部产品解决方案的优化以及生产效率的提升，中兴通讯盈利能力稳步提升。我们认为，后期中兴通讯的业绩仍将保持稳步向上，首先运营商业务角度，国内5G基站招标相继开启，其中在移动与广电的700M招标中（约48万基站），保守估计中兴在3个标段均为第二中标人，也将锁定31%的份额；在最新的电联的2.1G基站招标中（约24.2万基站，投标限价为205.32亿元），如果中兴第二中标人，份额或将为31.9%-39.34%；其次在路由器和服务器端也相继实现突破，从近期招标结果来看，中兴通讯在中国移动集中网络云资源池三期工程计算型服务器采购项目中成为X86平台第一中标人（60%）；在2021年至2022年高端路由器和高端交换机产品集中采购中，成",0.019069672
2021-07-12,63,中兴通讯,毛利率改善盈利能力持续提升，2021年上半年业绩超预期,"7月9日，公司发布2021年上半年业绩预告，预计实现净利润为38—43亿元，同比增长104.60%—131.52%，EPS为0.82—0.93元，同比增长105.00%—132.50%。公司实现快速增长业绩超预期。
点评：",0.017766833
2021-07-12,63,中兴通讯,中兴通讯2021年半年度业绩预告点评：多元业务稳增长，ICT龙头再出发,"一、事件概述
7月10日，公司发布2021年半年度业绩预告，报告期内，公司预计实现归母净利润38-43亿元，同比增长104.60%-131.52%。",0.08052677
2021-07-12,63,中兴通讯,点评报告：中报业绩超预期，ICT龙头扬帆起航,"报告关键要素:
公司发布2021年半年度业绩预告，预计业绩同向上升。报告期内归属于上市公司股东的净利润38亿元至43亿元，比上年同期增长104.60%至131.52%，扣除公司转让中兴高达8亿元左右股权收益后，同比增长61.53%至88.45%。",0.088817
2021-07-13,63,中兴通讯,公司信息更新报告：上半年业绩超预期，基本面改善与估值提升双击,基本面改善H1业绩超预期，5G设备龙头凸显核心资产，维持“买入”评级公司公告2021年半年报业绩预告，报告期内公司归母净利润38~43亿元，同增104.6%~131.52%，实现基本每股收益0.82~0.93元，同增105.00%~132.50%。报告期内公司增长主要原因为公司不断优化市场格局，营业收入同比增长、毛利率持续恢复改善，盈利能力较大提升。公司转让北京中兴高达通信技术有限公司90%股权，进一步聚焦主业，考虑到目前华为公司面临的国际环境的不确定性，我国5G建设节奏仍处于高位，未来国内市场份额及海外业务的可拓展空间，我们预计公司主营业务市场格局或将不断优化，从而进入利润释放期。我们维持预测公司2021/2022/2023年可实现归母净利润63.05/80.00/99.31亿元，同增48.0%/26.9%/24.1%，EPS为1.37/1.73/2.15元，当前股价对应PE分别为25.2/19.8/16.0倍，考虑经营业绩的明显边际改善，维持对公司的“买入”评级。,0.054029346
2021-07-16,63,中兴通讯,中兴与一汽宣布合作，汽车电子逐步发力,"事件：2021年7月15日，中兴通讯官方公众号发文，中国一汽与中兴通讯在长春签署深化战略合作协议，将在汽车电子等多领域展开深入合作，中兴汽车电子产品线总经理古永承也出席签约仪式。
点评：",0.19513685
2021-07-19,63,中兴通讯,中兴700M约获31%份额，份额持续提升，新业务逐步发力,"事件：2021年7月18日，中国移动公示了5G700M无线网主设备集中采购的中标候选人，华为、中兴、诺基亚、大唐移动和爱立信五家主设备供应商入围，中兴通讯中标份额仅次于华为排名第二，约占总份额的31%。
点评：",0.91953284
2021-08-02,63,中兴通讯,价值变现系列深度2（消费电子篇）：全屏实力全球领先，消费电子王者归来,深厚ICT技术积累和滨江工厂强大的制造能力是公司发展消费者业务的基础。过去11年公司研发投入超1200亿元带来核心技术提升：截止到2021年3月，中兴通讯拥有8万件全球专利申请，历年全球累积授权专利超过3.8万件，其中，芯片专利申请4270件，授权超过1800件，预计2021-2025年五年期间知识产权将给公司带来45-60亿元人民币的收入。“5G制造5G”全新工厂上线，制造能力业内领先：秉承“用5G制造5G”理念，打造5G全连接数字化工厂，装配质量漏检率降低了80%，关键工序不良率降低了37%，操作人员减少了27%，周转效率提升了20%，自2020年3月正式投产，仅7个多月时间，2020年总产值超过300亿元，南京5G生产基地每分钟可生产5台5G基站，生产每部新款智能手机时间在1秒以内。,0.08560288
2021-08-09,63,中兴通讯,中兴与上汽合作落地，汽车电子逻辑全面兑现,"事件：2021年8月9日，中兴通讯官方公众号发文，上汽集团与中兴通讯签署战略合作协议，双方将在汽车电子、5G行业等领域展开深入合作，中兴汽车电子产品线总经理古永承也出席签约仪式。
点评：",0.46917754
2021-08-10,63,中兴通讯,一汽、上汽等一线车厂陆续与中兴签署战略合作协议，助力中兴车联网业务大发展,"事件：近日，上汽集团与中兴通讯在深圳签署战略合作协议，双方将在汽车电子、5G行业、数字化、品牌建设、企业管理等领域展开深入合作。2021年7月15日，中兴通讯与中国一汽达成深化战略合作，同样在5G行业及汽车电子、产品服务等五大领域深入合作，加快5G商业化进程。
强强联合，加强车用基础软件、硬件平台等协同创新：在基础的软件平台上，上汽与中兴将围绕“数据决定体验、软件定义汽车”，不断丰富自身在软件定义汽车等领域的应用和实践，构建软件定义汽车时代的方案及产品竞争力；同时中兴通讯在“操作系统、基础软件、芯片、软件架构、算法能力及智能化平台”等方面有深厚的激烈和自主知识产权，作为国内领先的主设备商在5G技术、V2X网联等网络联接技术等方面具有领先的产品优势，叠加在车联网行业的多年的技术积累，可以提供4G/5G-V2X模组和RSU及V2X云控平台整体解决方案；未来中兴通讯还将继续推进去上汽零束、联创电子等公司之间的合作；同时，中兴通讯与中国一汽的战略协议将加强在核心技术，尤其是芯片领域以及基础软件的合作，重点探索整车智能座舱、自动驾驶等领域，构建软件定义汽车时代的产品竞争力。我们认为，上汽与中兴通讯强强联合，基于中兴通讯自身技术以及平台优势，进一步加快推进整体解决方案落地，同时也将共同加快5G-V2X规模化商用进程。",0.037351847
2021-08-29,63,中兴通讯,消费者业务高增长，盈利能力持续提升，研发费用营收占比创新高,"事件：2021年8月27日，公司发布2021年半年报，2021年H1实现营收530.7亿元，同比增长12.4%，实现归母净利润40.8亿元，同比增长119.6%，其中投资收益7.03亿，主要是转让高达通信股权所致。
点评：",0.17610574
2021-08-30,63,中兴通讯,营收利润双升，向成长蜕变,"业绩简评
公司8月28日发布2021年半年度报告，实现营业收入530.7亿元人民币，同比增长12.4%；归属于上市公司普通股股东净利润40.8亿元人民币，同比增长119.6%；扣非净利润21.1亿元人民币，同比增长134.1%。总体符合预期。",0.328291
2021-08-31,63,中兴通讯,公司信息更新报告：估值与业绩高增长错配，ICT龙头凸显投资价值,"基本面改善 H1 业绩超预期， ICT 龙头凸显投资价值，维持“买入”评级
公司 2021H1 实现营收 530.71 亿元（ +12.44%），归母净利润 40.79 亿元（ +119.60%），实现基本每股收益 0.88 元（ +120%），业绩增长主要原因为政企业务（ 国内子公司、国内服务器营业收入）、消费者业务（家庭终端产品、手机产品） 收入大幅增长。 考虑到目前华为面临的国际环境的不确定性，我国 5G 建设节奏仍处于高位，未来国内 ICT 市场份额及海外业务的可拓展空间，我们预计公司主营业务市场格局或将不断优化，从而进入利润释放期。我们上调预测公司2021/2022/2023 年 可 实 现 归 母 净 利 润 72.12/93.58/110.93 （ 此 前 为 63.06/80.01/99.31） 亿元，同增 69.3%/29.8%18.5%（此前为 48.0%/26.9%/24.1%）， EPS为 1.55/2.02/2.39（此前为 1.36/1.73/2.14） 元 ，当前股价对应 PE 分别为21.1/16.3/13.7 倍， 考虑经营业绩的明显边际改善，维持对公司的“买入”评级。",0.17832112
2021-09-01,63,中兴通讯,2021年中报点评：中报业绩高增，经营质量稳步提升，ICT龙头业绩持续向好,"事件：中兴通讯上半年实现营业收入530.71亿元，同比增长12.44%，实现归母净利润40.79亿元，同比增长119.60%，实现扣非后归母净利润21.12亿元，同比增长134.16%，实现基本每股收益0.88元/股，同比增长120%，业绩符合市场预期。
坚持技术引领，带动营收持续提高：2021年上半年，中兴通讯立足质量增长，以技术创新为本，坚持技术竞争力引领，积极推进业务拓展，实现营业收入530.71亿元，YoY+12.44%；实现归母净利润40.79亿元，YoY+119.60%。销售毛利率为36.14%，较去年同期上升2.71pp，销售净利率为8.57%，较去年同期上升3.65pp。",0.59613204
2021-09-01,63,中兴通讯,5G份额扩大，毛利率提升业绩大幅增长,"事件：公司发布2021半年度报告。营业收入为530.71亿元，同比增长12.44%；归母净利润40.79亿元，同比增长119.6%；每股收益0.88元，同比增长120%；
点评：",0.037513018
2021-09-05,63,中兴通讯,业绩稳步提升，消费者业务增速亮眼,"事件：公司发布2021年半年度报告，2021年上半年公司实现营业收入530.7亿元，同比增长12.4%；归母净利润40.8亿元，同比增长119.6%，位于业绩预告的上限。其中，2021年第二季度实现营业收入268.3亿元，同比增长4.3%；归母净利润19亿元，同比增长76.1%。
净利润高增长，毛利率修复显著。剔除2020年疫情导致的低基数影响，近两年公司归母净利润的复合增速66.5%。毛利率方面，2021上半年公司毛利率为36.1%，同比上升了2.7个百分点，其中，Q2单季度毛利率为36.8%，同比上升了8.3个百分点，得益于全球5G部署，加速了相关产品落地。研发投入方面，上半年共计投入研发费用88.6亿元，同比增长33.5%，占营业收入的16.7%。",0.022640347
2021-09-06,63,中兴通讯,2021年中兴通讯在金融信创领域的企业前景探析：软硬件全栈布局，GOLDENDB领衔出击,"01中兴通讯企业综述与分析
中兴制裁事件一方面聚焦了国内信创产业发展的需求为中兴的信创之路确立了投入决心；另一方面制裁决定更换管理层间接帮助中兴解决积弊已久的公司治理失灵问题。",0.33274257
2021-10-15,63,中兴通讯,中兴通讯Q3业绩预告点评：盈利能力大幅提升，业绩持续高增,"事件： 10 月 15 日， 中兴通讯发布 2021 年前三季度业绩预告， 2021 年前三季度公司预计实现净利润 56-60 亿元，同比增长 106.49%-121.23%，其中第三季度公司预计实现净利润 15.21-19.21 亿元，同比增长 77.99%-124.79%，业绩符合我们预期。
持续优化市场格局，盈利能力大幅提升： 2021 年前三季度中兴通讯预计实现净利润 56-60 亿元，同比增长 106.49%-121.23%，其中第三季度公司预计实现净利润 15.21-19.21 亿元，同比增长 77.99%-124.79%。 我们认为，随着市场格局的不断优化， 成本及费用管控效果显著， 盈利能力大幅提升，我们预计随着运营商业务稳步增加，政企业务的快速拓展，营收端及利润端均将实现稳步提升。",0.049418747
2021-10-15,63,中兴通讯,毛利率持续改善盈利能力显著提升，三季度业绩大增,"结论与建议：
公司发布2021年前三季度业绩预告，预计实现净利润56-60亿元，同比增长106.49%-121.23%，EPS为1.21-1.29元，同比增长105.08%-118.64%。3Q单季度预计净利润15.21-19.21亿元，同比增长77.99%-124.79%。公司业绩超预期。",0.020288408
2021-10-15,63,中兴通讯,Q3业绩大增，看好ICT龙头盈利持续释放,"一、事件概述
2021年10月14日，公司发布前三季度业绩预告，21年Q1-Q3预计归母净利润为56亿元-60亿元，同比增长106.49%-121.23%。其中，Q3预计归母净利润为15.2亿元-19.2亿元，同比增长77.99%-124.79%。",0.053885996
2021-10-15,63,中兴通讯,业绩表现亮眼，硬科技龙头盈利能力不断提升,"事件：2021年10月14日，公司发布2021年前三季度业绩预告，预计前三季度实现归母净利润56-60亿，同比增长106.49%-121.23%，Q3单季度实现归母净利润15.21-19.21亿元，同比增长77.99%-124.79%。
点评：",0.08970517
2021-10-26,63,中兴通讯,点评报告：Q3利润高速增长，ICT龙头扬帆起航,"报告关键要素:
公司10月25日晚发布2021年三季报，公司实现营业收入838.25亿元（YoY+13.08%）；归属上市公司股东的净利润58.53亿元(YoY+115.81%)；归属上市公司股东的扣除非经常性损益净利润33.38亿元(YoY+130.85%),业绩基本符合预期。",0.80039006
2021-10-26,63,中兴通讯,固本拓新，第二曲线增长动能强劲,"一、事件概述
2021年10月25日，公司发布第三季度报告，2021年前三季度归母净利润为58.5亿元，同比增长115.8%，其中三季度归母净利润为17.7亿元，同比增长107.6%。",0.044498086
2021-10-26,63,中兴通讯,业绩表现亮眼，三季度营收创新高，盈利能力持续提升,"事件： 2021 年10月25日， 公司发布 2021 年三季报， Q3 实现营收 307.5亿元， 同比增长 14.2%， 实现归母净利润 17.7 亿元， 同比增长 107.58%，实现扣非归母净利润 12.3 亿元，同比增长 125.4%。
点评：",0.054748237
2021-10-27,63,中兴通讯,毛利持续提升，经营全面向好,"业绩简评
公司10月25日发布2021年第三季度报告，实现营业收入838.3亿元人民币，同比增长13.1%；归属于上市公司普通股股东净利润58.5亿元人民币，同比增长115.8%；扣非净利润33.4亿元人民币，同比增长130.9%。总体符合预期。",0.34737128
2021-10-28,63,中兴通讯,受益5G业务占比提升，毛利率进一步增加,"事件：公司近日发布2021年三季报，实现营业收入838.25亿元，同比增13.08%，归母净利润58.53亿元，同比增115.81%，EPS为1.26元。盈利接近预告上限。
业绩接近预告上限，毛利率持续提升。公司2021Q3营业总收入为838.25亿元(YOY+13.08%)；归母净利润58.53亿元(YOY+115.8%)；EPS为1.26元(YOY+113.6%)；其中Q3单季度营收307.54亿元（YOY+14.20%），单季度归母净利润17.74亿元（YOY+107.58%）。毛利率进一步增加，盈利能力提升。第三季度毛利率达到38%，相比于第二季度增加1.18个百分点。前三季度毛利率为36.82%，同比增加4.68个百分点。芯片缺货原材料涨价，公司高库存发挥优势。今年原材料价格一路上涨、全球芯片紧缺等影响下，公司毛利率仍继续提升。",0.029971182
2021-10-28,63,中兴通讯,中兴通讯2021年三季报点评：经营效率、盈利能力稳步提升，业绩高速增长,"事件：10月26日，中兴通讯正式发布2021年第三季度业绩报告，2021年1-9月，中兴通讯实现营业收入838.25亿元，同比增长13.08%，归母净利润58.53亿元，同比增长115.81%，基本每股收益1.26元/股，同比增长113.56%，其中第三季度公司实现营业收入307.54亿元，YoY+14.20%，业绩符合我们预期。
积极拓展新市场、新机会，持续提升盈利能力：中兴通讯2021年在运营商网络、政企、消费者三大业务布局基础上，强化5G行业应用、企业数字化、汽车电子等领域业务拓展，以持续创新的业务方向为未来发展奠定基础。中兴通讯在2021年Q3实现营业收入307.54亿元，YoY+14.20%；实现归母净利润17.74亿元，YoY+107.58%。2021年1-9月，中兴通讯销售商品、提供劳务收到的现金占营业收入的比例均保持在90%以上，经营现金流稳定。从毛利率水平来看，2021年Q3公司实现毛利率38.00%，较2021年Q2提升1.18pp，经营质量稳步提升。",0.24089885
2021-11-09,63,中兴通讯,定增收购中兴微落地，协同效应值得期待,"一、事件概述
2021年11月8日，公司发布公告，发行股份购买恒健欣芯、汇通融信合计持有的公司控股子公司中兴微电子18.8219%股权事项完成，共发行85,321,143股，新股发行价格30.60元，交易对价261,082.70万元。",0.8480033
2022-02-07,63,中兴通讯,公司点评报告：业绩同比高增长，第二成长曲线未来可期,"事件概述：2022年1月28日，公司发布2021年业绩预告，预计实现归母净利润65-72亿元，同比增长52.59%-69.02%，实现扣非归母净利润30-35亿元，同比增长189.71%-237.99%。
业绩符合预期，践行有质量增长。根据业绩预告，公司全年营收实现两位数增长，国内、国际市场和运营商网络、政企、消费者三大业务营收均同比增长；全年毛利率同比改善；全年预计实现归母净利润65-72亿元，实现扣非归母净利润30-35亿元，均创历史新高，盈利能力与盈利质量显著提升。21Q4预计实现归母净利润6.47-13.47亿元，实现扣非归母净利润-3.38-1.62亿元，单季度利润偏低主要由于公司对芯片等关键物料大规模提前备货，基于谨慎性原则计提存货跌价准备所致，2021年公司资产减值损失约14亿元，同比增加约12亿元，其中21Q4单季度资产减值损失约11亿元。计提资产减值损失有利于充分释放风险，并体现了公司对供应链的良好管控。",0.05606836
2022-02-07,63,中兴通讯,点评报告：全年业绩符合预期，减值存货跌价准备影响短期业绩表现,"报告关键要素:
公司发布2021年业绩预告，预计2021年实现归属于上市公司普通股股东的净利润65亿元-72亿元，同比增长52.6%-69.0%，归属于上市公司普通股股东的扣除非经常性损益的净利润30亿元-35亿元，同比增长189.7%-238.0%。EPS为1.40元-1.55元，业绩基本符合预期。",0.39553005
2022-02-10,63,中兴通讯,业绩大幅增长 未来成长可期,"事件描述：
公司发布2021年度业绩预告：2021年归母净利润为65亿元-72亿元，同比增长52.59%—69.02%；扣非后归母净利润为30亿元-35亿元，同比增长189.71%—237.99%。",0.0430997
2022-03-09,63,中兴通讯,开启有质量的增长新阶段,"业绩简评
公司 3 月 8 日发布 2021 年年度报告，报告期内，公司实现营业收入 1145.2亿元，同比增长 12.9%；归属于上市公司普通股股东净利润 68.1 亿元，同比增长 59.9%；扣非净利润 33.1 亿元，同比增长 219.2%。总体符合预期。",0.3300656
2022-03-09,63,中兴通讯,2021年年报点评：营收利润双创新高，加速业务拓展，蓄力更强增长动力,"事件：2021年中兴通讯实现营业收入1145.22亿元，yoy+12.9%；归母净利润68.13亿元，yoy+59.9%；实现扣非归母净利润33.1亿元，yoy+219.2%；实现EPS1.47元；经营性现金流净额157.2亿元，yoy+53.7%，业绩符合我们预期。
三大业务协同增长，不断提升市场占有率：中兴通讯运营商网络、政企业务、消费者业务2021年发展良好。运营商网络方面，2021年实现营业收入757.1亿元，同比增长2.3%。2021年5G基站发货量全球排名第二，光接入及光传输相关产品保持领先排名；政企业务方面，2021年实现营业收入130.8亿元，同比增长16.0%，国内政企业务营收同比增长超40%，IDC方面，智能管理系统已在互联网头部客户广泛应用，商用14万+机架；消费者业务方面，2021年实现营业收入257.3亿元，同比增长59.2%。其中家端产品同比增长超80%，手机产品同比增长近40%，5GCPE市场占有率位居全球第一，2021终端全年出货量超1亿部，整体出货量同比增长60%。",0.04977089
2022-03-09,63,中兴通讯,点评报告：全年业绩符合预期，公司经营情况持续向好,"报告关键要素:
公司3月8日晚发布2021年度报告，公司实现营业收入1145.22亿元（YoY+12.9%），归属上市公司股东的净利润68.13亿元(YoY+59.9%),归属上市公司股东的扣除非经常性损益的净利润33.06亿元(YoY+219.2%),2021年公司实现EPS1.47元,，业绩符合预期。",0.5323059
2022-03-09,63,中兴通讯,2021年年度报告点评：业绩符合预期，毛利率大幅改善，费用结构持续优化,"事件概述：2022年3月8日，公司发布2021年年度报告，实现营业收入1145.2亿元，同比增长12.9%，实现归母净利润68.1亿元，同比增长59.9%，实现扣非归母净利润33.1亿元，同比增长219.2%，业绩符合我们预期。
营收端，两大地区三大业务均有增长，基本盘稳固，第二成长曲线动能充沛",0.5431813
2022-03-24,63,中兴通讯,在美纠纷裁决落地，外部担忧暂告段落,"3月23日，中兴通讯上午停牌，随后发布公告：公司收到法院判决，裁定不予撤销中兴通讯的缓刑期(即缓刑期将于原定的2022年3月22日（美国时间）届满)且不附加任何处罚，并确认监察官任期将于原定的2022年3月22日（美国时间）结束。23日下午复盘，股价一字涨停。
点评：",1.0412774
2022-03-24,63,中兴通讯,中兴通讯：外部扰动因素释放，看好ICT龙头长期发展,"事件：3月23日，中兴通讯发布内部消息公告级复牌公告，收到美国德克萨斯北区联邦地区法院判决，裁定不予撤销中兴通讯的缓刑期(即缓刑期将于原定的2022年3月22日（美国时间）届满)且不附加任何处罚，并确认监察官任期将于原定的2022年3月22日（美国时间）结束。
全面开展合规体系建设，推动全球ICT产业创新和可持续发展：中兴通讯坚持合规为战略发展的基石和经营底线，全面开展合规体系建设，当前美国德克萨斯北区联邦地区法院裁定不予撤销中兴通讯的缓刑期（即缓刑期将于原定的2022年3月22日（美国时间）届满）并且不附带任何附加处罚，同时确认监察官任期结束；我们认为，外部扰动因素逐步释放，同时中兴通讯将持续加强合规体系建设，经营基本面持续改善向好，作为国内领先的ICT产业龙头，技术、产品以及专利优势显著，将进一步带动业绩稳步向上。",0.10599524
2022-03-25,63,中兴通讯,合规监察官任期结束，开启新征程,公司公告： 公司于 2022 年 3 月 22 日 （美国时间） 收到美国德克萨斯北区联邦地区法院判决， 内容有关 2022年 3 月 14 日（美国时间）于美国德克萨斯北区联邦地区法院召开的关于缓刑期撤销的听证会；以及公司日期为 2018 年 10 月 7 日的公告， 内容有关对监察官任期的修改。 判决裁定不予撤销中兴通讯的缓刑期(即缓刑期将于原定的 2022 年 3 月 22 日（美国时间）届满)且不附加任何处罚，并确认监察官任期将于原定的 2022 年 3 月 22 日（美国时间）结束。,0.40663928
2022-03-27,63,中兴通讯,阴霾散尽，向阳而生,"事件描述：
公司于 2022 年 3 月 22 日（美国时间）收到法院判决，裁定不予撤销中兴通讯的缓刑期(即缓刑期将于原定的 2022 年 3 月 22 日（美国时间）届满)且不附加任何处罚，并确认监察官任期将于原定的 3 月 22 日（美国时间）结束。",0.4855082
2022-04-26,63,中兴通讯,点评报告：扣非净利润大幅上涨，第二增长曲线勾勒清晰,"报告关键要素:
公司 4 月 25 日晚发布 2022Q1 业绩报告，公司实现营业收入 297.30 亿元（YoY+6.43%） ，归属上市公司股东的净利润 22.17 亿元(YoY+1.60%),归属 上 市 公 司 股 东 的 扣 除 非 经 常 性 损 益 的 净 利 润 19.52 亿 元(YoY+117.13%),2022Q1 公司实现 EPS0.47 元,业绩符合预期。",0.89780986
2022-04-26,63,中兴通讯,开局稳健，盈利上升趋势进一步确认,"业绩简评
公司 4 月 25 日发布 2022 年第一季度报告，报告期内，公司实现营业收入279.3 亿元，同比增长 6.4%；归属于上市公司普通股股东的净利润 22.2 亿元，同比增长 1.6%；归属于上市公司普通股股东的扣除非经常性损益的净利润 19.5 亿元，同比增长 117.1%。扣非增长超预期。",0.04963571
2022-04-26,63,中兴通讯,2022年一季报点评：扣非净利大超预期，盈利能力显著改善,"事件概述：2022 年 4 月 25 日，公司发布 2022 年一季度报告，实现营业收入279.30 亿元，同比增长 6.43%，实现归母净利润 22.17 亿元，同比增长 1.60%，实现扣非归母净利润 19.52 亿元，同比增长 117.13%， 扣非净利润增速大超市场预期。
营收稳健增长，毛利率同环比均明显改善",0.013939679
2022-04-26,63,中兴通讯,Q1业绩超出预期 扣非净利润大幅增长,"事件描述：
公司发布2022年一季度业绩报告：2022年Q1，公司实现营业收入279.3亿元，同比增长6.4%；归母净利润为22.2亿元，同比增长1.6%；归母扣非净利润为19.5亿元，同比增长117.1%；基本每股收益为0.47元。",0.04964763
2022-04-26,63,中兴通讯,2022年一季报点评：扣非后业绩稳健高增，重视技术研发，夯实领先优势,"事件：中兴通讯公布2022年一季报报告，实现营业收入279.30亿元，yoy+6.43%，实现归母净利润22.17亿元，yoy+1.6%，扣非后归母净利润为19.52亿元，yoy+117.13%，业绩符合我们预期。
扣非后归母净利润高速增长，毛利率显著改善：营收端角度来看，国内国际两大市场，运营商网络、政企、消费者三大业务营业收入均实现同比增长，整体业务收入稳步向上；其中消费者业务呈现出持续放量的态势，消费者业务海外市场营业收入同比增长近30%。随着产品结构的改善，运营商业务带动毛利率持续向上，2022年Q1实现毛利率37.78%，较2021年Q1（35.44%）提升2.34pp，较2020Q4（30.94%）提升6.84pp。从净利率水平来看，2022年Q1实现净利率7.28%，较2021年Q1（7.94%）下滑0.66pp，较2020Q4（2.75%）提升4.53pp，盈利水平显著提升。2022年Q1实现扣非后归母净利润19.52亿元，yoy+117.13%，扣非后归母净利润显著高增。其中对非经常性损益项目的确认依照相关规定执行，将规定中列举的非经常性损益项目界定为经常性损益，合计金额约为3.43亿元。",0.021711528
2022-05-31,63,中兴通讯,移动10G PON中标份额第一，运营商业务稳步前进,"2022年5月25日，中国移动发布2022-2023年智慧家庭网关集采（第一批次）（公开采购第二部分）候选人，合计535万台10GPON网关设备，中兴通讯中标合计份额28%，占比居首位。
点评：",0.98127824
2022-07-22,63,中兴通讯,首次覆盖报告：第一二曲线增长联袂而至，ICT产业巨头再辟新篇章,"报告要点：
公司是全球领先ICT解决方案提供商，2021年三大业务齐头并进",0.24581724
2022-08-28,63,中兴通讯,公司信息更新报告：第一曲线业务稳中求进，第二曲线业务打开成长新空间,"Q2营收利润双增长，第二曲线务表现亮眼，维持“买入”评级
公司发布2022年中报，2022H1营收为598.18亿元，同比增长12.71%，归母净利润为45.66亿元，同比增长11.95%。国内和国际市场、运营商网络、政企业务、消费者业务营收均实现同比增长。公司在夯实以无线、有线产品为代表的第一曲线业务同时，积极拓展以服务器及存储、终端（包括手机、移动互联、智慧家庭等）、汽车电子、数字能源（包括电源、数据中心、新能源等）、5G行业应用等为代表的第二曲线业务，打开成长新空间。考虑到疫情及宏观环境因素，我们下调预测公司2022/2023年净利润，新增2024年净利润，预测公司2022/2023/2024年可实现归母净利润为86.88/103.60/116.81亿元（此前2022/2023年为93.58/110.93亿元），同增27.5%/19.2%/12.8%，EPS为1.83/2.19/2.47元，当前股价对应PE分别为13.4/11.2/9.9倍，维持“买入”评级。",0.09712821
2022-08-29,63,中兴通讯,2022年半年度报告点评：三大业务齐头并进，第二曲线业务取得良好进展,"公司于2022年8月26日收盘后发布《2022年半年度报告》、《2022年半年度非经营性资金占用及其他关联资金往来情况汇总表》等。
点评：",1.04823
2022-08-29,63,中兴通讯,经营稳健向好，新业务发力,"业绩简评
公司 8 月 26 日发布 2022 年半年度报告，报告期内，公司实现营业收入598.18 亿元，同比增长 12.71%； 归属于上市公司股东的净利润 45.66 亿元，同比增长 11.95%。归属于上市公司股东的扣除非经常性损益的净利润37.25 亿元，同比增长 65.83%。 业绩略超预期。",0.027990282
2022-09-09,63,中兴通讯,第二曲线业务加速成长，主营业务稳步提升,"结论与建议：
公司2022年上半年实现营业收入598.2亿，YOY+12.71%；录得归母净利润45.7亿，YOY+11.95%；扣非后净利润37.3亿，YOY+65.83%，符合市场预期，维持“买进”建议。",0.27418226
2022-10-27,63,中兴通讯,三季度盈利能力持续增强，第二曲线带动营收再创新高,"结论与建议：
公司2022年前三季度实现营业收入925.6亿，YOY+10.4%；录得归母净利润68.2亿，YOY+16.5%；扣非后净利润55.5亿，YOY+55.3%，符合市场预期，维持“买进”建议。",0.29366547
2022-10-27,63,中兴通讯,2022年三季报点评：坚持固本拓新，高质量发展可期,事件概述：2022年10月26日，公司发布2022年三季报，22Q1-Q3实现营业收入925.59亿元，同比增长10.42%，实现归母净利润68.20亿元，同比增长16.52%，实现扣非归母净利润55.51亿元，同比增长55.30%；Q3单季度实现营业收入327.41亿元，同比增长6.46%，实现归母净利润22.54亿元，同比增长27.05%，实现扣非归母净利润18.25亿元，同比增长37.48%。,0.07224858
2022-10-27,63,中兴通讯,经营稳健向好，第二曲线加速发力,"业绩简评
公司10月26日发布2022年三季报，报告期内，公司主营收入925.6亿元，同比上升10.4%；归母净利润68.2亿元，同比上升16.5%；扣非净利润55.5亿元，同比上升55.3%。单第三季度，公司主营收入327.4亿元，同比上升6.5%；归母净利润22.5亿元，同比上升27.1%。业绩略超预期。",0.040921032
2022-10-28,63,中兴通讯,2022年三季度报告点评：第三季度净利润增速显著，双曲线进一步夯实,"公司于2022年10月26日收盘后发布《2022年三季度报告》。
点评：",1.0448322
2022-10-30,63,中兴通讯,前三季度收入利润双位数增长,2022年Q3利润双位数增长。公司22年Q3营收327.4亿元（同比+6.5%），归母净利润22.5亿元（同比+27.1%），扣非净利润18.3亿元（同比+37.5%）。公司22年前三季度实现营业收入925.6亿元（同比+10.4%），归母净利润68.2亿元（同比+16.5%）。在外部环境复杂背景下，公司经营稳健，前三季度收入和利润均实现双位数增长。,0.019263446
2022-10-31,63,中兴通讯,公司信息更新报告：Q3营收利润双增长、ICT龙头活力依旧,"Q3营收、利润双增长，第二曲线快速增长，维持“买入”评级
公司发布2022年三季报，前三季度实现营收925.59亿元，同增10.42%，运营商网络、政企、消费者三大业务营收均实现增长，归母净利润68.20亿元，同增16.52%。其中Q3实现营业收入327.41亿元，同增6.46%，归母净利润22.54亿元，同增27.05%。公司持续夯实以无线、有线产品为代表的第一曲线业务，同时积极拓展以服务器及存储、汽车电子、数字能源等为代表的第二曲线业务，我们维持预测公司2022/2023/2024年可实现归母净利润为86.88/103.60/116.81亿元，同增27.5%/19.2%/12.8%，EPS为1.83/2.19/2.47元，当前股价对应PE分别为11.6/9.8/8.7倍，维持“买入”评级。",0.07064289
2022-11-01,63,中兴通讯,中兴通讯季报点评：Q3业绩符合预期 第二曲线快速增长,"事件描述：
公司发布 2022 年第三季度业绩报告。2022 年 1-9 月，公司实现营业收入 925.6亿元，同比增长 10.4%， 归母净利润为 68.2 亿元，同比增长 16.5%。",0.66118276
2023-01-12,63,中兴通讯,数字经济全产业链布局，勾勒增长新曲线,"事件：2023年1月3日，中兴通讯官方公众号发文，公司近期在果园、元宇宙、新能源光伏、矿山、消防和金融业等多场景实现数字化赋能，结合5G应用、大数据、VR技术等推动行业数字化转型。
点评：",0.57237506
2023-02-28,63,中兴通讯,公司动态研究报告：数字经济筑路者，算力成新增级,"数字经济筑路者，新品服务器上线
公司立足“数字经济筑路者”，助力运营商和合作伙伴构筑“连接+算力+能力”的数智底座，加速全社会数智化转型升级。公司深耕ICT确定性领域，包括进一步提升频谱和光谱的效率；加速网络商用性能优化及自主进化；以领域定制（DSA）、封装和架构创新，延续摩尔红利；持续深化芯片、算法和架构的软硬协同优化。另一方面，在产业数字化拓展等不确定性领域，公司实现低成本起步，在快速迭代中持续创新。在产品布局上，2023年1月公司推出基于第四代英特尔至强可扩展处理器的G5系列服务器新品，包括R5200G5高密度服务器、R5300G5全场景通用服务器、R5500G5海量存储服务器、R6500G5异构算力服务器和R8500G5高性能服务器。其中R6500G5异构算力服务器内置10-20个异构计算智能加速引擎，根据不同应用场景调度不同异构算力资源，实现算力的最佳组合，如CPU+GPU、CPU+GPU+DPU，满足AI/超算等多样性算力场景需求。在AI浪潮持续下，公司相关算力业务将深度受益。",0.75452805
2023-03-07,63,中兴通讯,受益数字经济发展，通信设备龙头加速第二曲线拓新,通信设备商龙头，经营业绩持续创新高。公司是全球稀缺的5G端到端设备解决方案提供商，产品覆盖无线、有线、云计算、终端产品和专业通信服务，业务覆盖160多个国家和地区。2021年公司营收1145亿元（同比+13%），归母净利润为68亿元（同比+60%），营收与净利润均创历史新高。公司传统业务经营稳健，加速拓新第二曲线，经营势头持续向好。,0.12231296
2023-03-09,63,中兴通讯,数字经济龙头全产业链布局，第二成长曲线打开新空间,"事件：2023年2月26日，中兴通讯官方公众号发文，公司以“数智新生长”为主题参与MWC2023大会，带来多方面的突破性的ICT技术及应用成果。共有7个5G行业应用案例入选了2022年GSMA全球5GTransformationHub，覆盖智能制造、矿山、交通、农业、文娱领域。
点评：",0.79941756
2023-03-12,63,中兴通讯,服务器等ICT业务快速发展，盈利能力持续提升,"事件：2023年3月10日，公司发布2022年年报，2022年公司实现营收1229.54亿元，同比增长7.36%，实现归母净利润80.80亿元，同比增长18.60%，实现扣非后归母净利润61.67亿元，同比增长86.54%。
点评：",0.03986311
2023-03-13,63,中兴通讯,2022年年报点评：扣非净利高增，第二曲线引领成长,事件概述：2023年3月10日，公司发布2022年年报，22年实现营业收入1229.5亿元，同比增长7.4%，实现归母净利润80.8亿元，同比增长18.6%，实现扣非归母净利润61.7亿元，同比增长86.5%；Q4单季度实现营业收入304.0亿元，同比下降1.0%，环比下降7.2%，实现归母净利润12.6亿元，同比增长31.3%，环比下降44.1%，实现扣非归母净利润6.2亿元，同比扭亏为盈，环比下降66.2%。,0.15033913
2023-03-13,63,中兴通讯,双曲线发力，从发展到超越,"2023年3月11日，公司发布2022年年度报告。2022年公司实现营业收入1229.5亿元，同比增长7.4%；实现归母净利润80.8亿元，同比增长18.6%；实现扣非归母净利润61.7亿元，同比增长86.5%。业绩基本符合预期。
三大业务稳健增长，成本控制不断优化。公司收入结构稳定，22年运营商、政企、消费者业务分别占比65%/12%/23%，分别同比增长5.7%/11.8%/9.9%。报告期内，受益于运营商业务毛利率提升至46%,公司整体毛利率37.2%，同比增加2PP，成本持续优化。公司强化DICT全栈全域产品创新，全年研发投入达216.0亿元，占营收比17.6%，持续夯实核心技术及产品竞争力。",0.33908045
2023-03-13,63,中兴通讯,全年盈利能力表现出色，第二曲线有望继续保持高增速,"结论与建议：
公司发布年度报告， 实现营业收入1229.54亿， YOY+10.4%； 录得归母净利润80.80亿， YOY+18.6%； 扣非后净利润61.67亿， YOY+86.5%， 符合市场预期，维持“买进”建议。",0.21882546
2023-03-13,63,中兴通讯,经营质量稳步提升，22年归母净利同比增长18.6%,"中兴通讯2022年全年实现营收1229.5亿元（同比+7.36%），归母净利润80.8亿元（同比+18.6%），扣非净利润61.7亿元（同比+86.5%）。22年Q4营收304.0亿元（同比-1.0%），归母净利润12.6亿元（同比+31.8%）。
三大业务稳步发展，服务器产品为主要驱动力。运营商业务同比增长5.7%，固网、核心网、服务器产品为主要驱动力，其中22年国内多个运营商服务器集采中，公司份额排名均位列第一。政企业务同比增长11.8%，主要系服务器及存储产品收入同比增长所致，已突破互联网和金融多家头部客户，是唯一拥有国国有大型银行及大型金融机构、电信运营商核心业务改造实践的金融数据库；消费者业务同比增长9.9%，主要由于家庭信息终端、手机产品收入同比增长所致，2022年公司MBB&FWA全球市场份额第一。",0.06264615
2023-03-15,63,中兴通讯,中兴通讯年报点评：全年业务稳定增长 第二曲线增长迅速,"事件描述：
公司发布2022年年度报告。2022年，公司实现营业收入1229.54亿元，同比增长7.36%；归母净利润为80.8亿元，同比增长18.6%。",0.023022056
2023-04-04,63,中兴通讯,服务器规模国内前五，联手英特尔打造低成本AI架构,"事件：中兴通讯作为算力龙头，在服务器、芯片、数据库等方面持续深度布局，有望受益于数字经济产业发展。
点评：",0.6693282
2023-04-08,63,中兴通讯,公司动态点评：业绩同比高增，构建高效数字底座培育第二曲线,"公司发布 2022 年报，并在近日召开业绩说明会， 2022 年公司实现营业收入 1229.54 亿元，同比增长 7.36%，实现归母净利润 80.80亿元，同比增长 18.60%，实现扣非归母净利润 61.67 亿元，同比增长86.54%。
公司在全球及三大业务领域均实现同比增长，政企业务表现突出。 公司 2022 年国内和国际两大市场，运营商网络、政企业务和消费者业务三大业务收入均实现同比增长。其中国内、国际市场营收分别为 852.4 亿元、 377.1 亿元，同比增长 9.20%、 3.44%。运营商网络、政企业务、消费者业务营收分别为 800.4 亿元、 146.3 亿元、 282.8 亿元，同比增长 5.72%、 11.84%、 9.93%。",0.031950116
2023-04-09,63,中兴通讯,全栈布局算力，自研芯片加深护城河,"事件： 2023 年 3 月 10 日， 中兴通讯公布 2022 年年度报告， 2022 年实现营业收入 1229.54 亿元， 同比增长达到 7.36%； 归母净利润 80.8 亿元， 同比增长达 18.6%；扣非净利润为 61.67 亿， 同比增长为 86.54%;销售毛利率为 37.19%， 同比增长5.52%。
国内外市场经营业绩持续走高， 核心业务保持稳健增长。 报告期内， 国内市场与国外市场分别实现营收 852.4 亿元、 377.1 亿元， 同比增长达到 9.20%、 3.44%。 在后疫情时期， 仍能保持业绩增长。 同时运营商网络、 政企和消费者三大业务的营业收入均实现同比增长 5.72%、 11.84%、 9.93%。 运营商网络方面， 拓展无线网络、有限网络市场份额的同时， 积极拓宽运营商云网业务； 目前， 公司 5G 基站发货量、5G 核心网发货量均为全球第二、 公司服务器及存储产品在在国内集采中， 份额排名均位列第一。 政企业务方面， 公司核心产品 GoldenDB 分布式数据库发布 7.0 年度版本进一步满足运营商、 金融行业需求。 操作系统实现突破、 广泛应用于通信、汽车、 电力、 轨道交通等行业。 消费者业务方面， 公司布局“1+2+N” 智能终端产品战略， 推出旗舰手机中兴 Axon 40 Ultra； 移动互联产品 MBB",0.9849011
2023-04-10,63,中兴通讯,计算机视觉新里程碑SAM模型问世，中兴Adlik需求有望提升,"事件：4月5日，4MetaAI发布Segment Anything Model(SAM)新模型和Segment Anything SA-1B图像数据集。
点评：",0.75877285
2023-04-13,63,中兴通讯,政企营收有望实现40%+增长，发布多款算力新品，被低估的AI算力龙头,"事件：4月12日，中兴通讯在深圳举办2023年度中兴通讯云网生态峰会，预期2023年政企业务营收实现40%+增长，同时发布多款算力新品。
点评：",0.04036498
2023-04-13,63,中兴通讯,国内政企营收有望实现40%+增长，发布多款算力新品，被低估的AI算力龙头,"事件 ：4月12日， 中兴通讯在深圳举办 2023 年度中兴通讯云网生态峰会，预期 2023 年国内政企业务营收实现 40%+增长，同时发布多款算力新品。
点评：",0.036486626
2023-04-21,63,中兴通讯,5G基站新建量实现高速增长，服务器等算力产品快速发展,"事件：4月20日，国新办举行新闻发布会，介绍2023年一季度工业和信息化发展情况，截至2023年一季度，我国累计建成5G基站超264万站，一季度新建成5G基站超32.8万个，同比增长145%，环比增长257%。
点评：",0.15751451
2023-04-23,63,中兴通讯,毛利大幅提升，算网龙头价值显现,"业绩点评
2023年4月21日，公司发布2023年一季度报告。一季度公司实现营业收入291.4亿元，同比增长4.3%；实现归母净利润26.4亿元，同比增长19.2%；实现扣非归母净利润24.5亿元，同比增长25.7%，业绩超预期。",0.028853
2023-04-23,63,中兴通讯,业绩超预期，盈利能力大幅提升，第二曲线创新业务营收同比增长40%+,"事件：4月21日，公司发布2023年第一季度财报，2023年一季度公司实现营收291.43亿元，同比增长4.34%，实现归母净利润26.42亿元，同比增长19.20%，实现扣非后归母净利润24.54亿元，同比增长25.71%。
点评：",0.03026706
2023-04-24,63,中兴通讯,2023年一季度报告点评：第一季度扣非归母净利润同比增长25.7%产品矩阵丰富，盈利能力显著增强,"4月21日，公司发布2023年一季度财报：2023年第一季度，公司实现营业收入291.4亿元，同比增长4.3%；归母净利润26.4亿元，同比增长19.2%；扣非归母净利润24.5亿元，同比增长25.7%。
点评：",0.010639727
2023-04-24,63,中兴通讯,盈利能力大超预期，第二曲线持续保持高增速,"公司发布2023年一季报，实现营业收入291.4亿元，YOY+4.34%，公司实现净利润26.4亿元，YOY+19.2%，折合EPS为0.56元,业绩略超预期，维持“买进”建议。
公司一季度业绩超出预期，盈利能力表现亮眼：Q1毛利率达到44.5%，同比上升6.7%个百分点，环比上升8.02个百分点，毛利率大幅上升预计受产品结构变动影响以及运营商业务盈利能力提升影响，同时也反应了公司经营质量有效提升。费用率方面，公司销售/管理/财务费用率分别为7.5%/4.5%/-0.6%，基本保持稳定；研发费用率继续加大，达到20.4%，同比增加3.5个百分点，目前公司在全球拥有超过1000名从事AI领域技术创新工作的研发人员，公司将持续储备技术能力、丰富产品矩阵、增强核心竞争力。",0.012090147
2023-04-24,63,中兴通讯,一季度归母净利润同比增长19%，服务器产品持续发力,"公司2023年一季度归母净利润表现亮眼。一季度实现营收291.4亿元，同比增长4.3%；归母净利润26.4亿元，同比增长19.2%。扣非归母净利润24.5亿元，同比增长25.71%；经营性现金流净额达23.3亿元，同比增长95.9%。
持续拓展运营商算网、云网融合合作，公司定义的“第二曲线”创新业务保持40%增长。1）公司运营商业务在稳步提升无线、有线产品的市场份额同时，公司积极配合与支持运营商建设算网、云网融合基础设施；截止22年底，公司数据中心交换机运营商市场排名升至国内第二；中兴通讯路由器产品市场排名升至国内第二，200G端口光网络产品全球发货量第二。2）创新业务方面，公司发布了具备高密度算力、灵活拓展、异构算力等特性的G5系列服务器，相关产品正快速突破金融、互联网等行业并形成规模应用；发布搭载第四代屏下摄像的旗舰nubia Z50 Ultra，全球首款AI裸眼3D平板电脑nubia Pad 3D等多款新品，公司5G MBB & FWA数据终端产品持续全球领先，家庭信息终端营业收入保持双位数增长。",0.014860809
2023-04-25,63,中兴通讯,数字经济基座提供者，第二曲线全面发力,"事件：2023年4月22日，中兴通讯公布2023年第一季度报告，2023Q1公司实现营业收入291.43亿元，比上年同期增长4.34%，实现归母净利润26.42亿元，同比增长19.2%。
战略攻坚年营利双增，双曲线共发力保持领先地位。中兴通讯是全球领先的综合通信解决方案提供商以及中国最大的通信设备上市公司，2023年是公司进入战略超越期的第二年，第一季度业绩表现亮眼，收入、净利润、经营性现金流净额等核心指标符合发展预期，2023年第一季度公司实现营业总收入291.43亿元，同比增长4.34%，归母净利润/扣非归母净利润达到26.42亿元/24.55亿元，同比增长19.2%/25.71%，营利能力显著提高，现金流量净额为23.26亿元，同比增加95.89%，现金流健康水平进一步提升。第一曲线方面，公司进一步巩固技术领先地位，持续提升核心竞争力，其中，无线、承载、固网通过持续不断地推出新产品、新技术、新解决方案，提升占有率，核心网捕捉市场竞对态势变化的机会，稳固核心供应商地位。第二曲线方面，公司准确抓住窗口期，推出符合运营商需求的优势产品，如服务器、数据中心交换机、数字能源、数据中心、数据库、云电脑等。",0.5295373
2023-04-25,63,中兴通讯,2023年一季报点评：毛利率大幅改善，ICT驱动业绩超预期,"事件概述：2023年4月21日，公司发布2023年一季报，23Q1实现营业收入291.4亿元，同比增长4.3%，环比下降4.1%；实现归母净利润26.4亿元，同比增长19.2%，环比增长109.7%；实现扣非归母净利润24.5亿元，同比增长25.7%，环比增长298.4%。经营性现金流净额达23.3亿元，同比增长95.9%。
5G基站建设超预期，第二曲线创新业务营收增速超40%。",0.02192074
2023-04-25,63,中兴通讯,中兴通讯季报点评：Q1营收稳步增长 毛利率大幅提升,"事件描述：
公司发布2023年第一季度报告。2023年1-3月，公司实现营业收入291.4亿元，同比增长4.3%；归母净利润26.4亿元，同比增长19.2%；实现扣非净利润24.5亿元，同比增长25.71%。",0.028739274
2023-06-06,63,中兴通讯,运营商力推液冷，中兴液冷技术领先，有望核心受益,"事件：6月5日，在31届中国国际信息通信展览会上，中国移动、中国电信、中国联通三家基础电信运营企业共同面向业界发布了《电信运营商液冷技术白皮书》。
点评：",0.96836823
2023-06-20,63,中兴通讯,AI时代，布局算力全产业链，开启新征程,中兴通讯核心的竞争力和长期成长逻辑在于强劲的技术研发实力在新应用领域的持续价值变现，AI数字经济时代，研发赋能深化算力全产业链布局，第二曲线业务有望成为未来强劲增长引擎。2023年一季度，在A股通信、电子、传媒和计算机板块中，公司研发投入排名第一，过去10年，公司累计研发投入超1300亿元，高研发投入铸就了强劲的技术实力。AI加速高算力时代到来，公司将研发实力赋能在芯片、服务器、交换机、液冷技术、软件算法、数据库等第二曲线全算力产业链，第二曲线创新业务2023年一季度营业收入同比增长超40%，第二曲线有望打牢公司长期成长基石。,0.54861695
2023-06-30,63,中兴通讯,400G骨干网建设周期启动，同时第二曲线算力侧持续推进,"结论与建议：
在2023中国光网络研讨会上，中国移动表示当前已经确定400G技术的可用性，幷将在今年年底启动400G产品集采，推动400G进入商用阶段，同时发布“九州”算力光网产业发展倡议。中兴通讯业界首发Real400G光传输方案，有望继续维持与中国移动等运营商的合作，共同推进400G商用进展，充分受益于400G骨干网建设周期。",0.8533035
2023-07-04,63,中兴通讯,深度报告：ICT龙头转型算力中军，第二曲线打开成长空间,综合性ICT龙头企业，数字经济筑路者。公司是通信端到端解决方案供应商，业务延伸至ICT多领域，作为全球TOP4通信设备提供商，21年全球份额10.5%且在不断提升；22年公司进入“超越期”开局之年，以服务器及存储、终端、5G行业应用、汽车电子、数字能源等为代表的第二曲线业务作为公司原有传统业务突破口，提出未来2-3年第二曲线实现40%+复合增长目标。,0.20350647
2023-08-02,63,中兴通讯,自研数据库GoldenDB引领金融和运营商市场，助力国产替代,"事件：8月2日，据中兴通讯微信公众号，广发银行股份有限公司对外宣布，其基于国产分布式数据库 GoldenDB 建设的大型银行新核心系统成功投产上线， 随着项目成功投产，标志着广发银行核心业务系统实现自主可控。
点评：",0.1483444
2023-08-20,63,中兴通讯,上半年扣非净利同比增长31.8%，毛利率同比提升，持续加大研发投入,"事件：2023年8月18日，公司发布2023年半年报，2023年上半年公司实现营收607.05亿元，同比增长1.48%，实现归母净利润54.72亿元，同比增长19.85%，实现扣非后归母净利润49.09亿元，同比增长31.78%；经营性现金流净额达64.3亿元，同比增长83.6%。
点评：",0.017406821
2023-08-20,63,中兴通讯,2023年半年报点评：扣非净利率超预期，持续加强算力研发投入,"事件概述：2023年8月18日，公司发布2023年半年报，23H1实现营业收入607.0亿元，同比增长1.48%，；实现归母净利润54.7亿元，同比增长19.85%；实现扣非归母净利润49.1亿元，同比增长31.78%。
业绩稳健增长，盈利能力提升。23H1公司毛利率为43.22%，同比提升6.18pct，源于运营商网络的收入结构变动及成本优化，净利率为8.9%，同比提升1.28pct。公司23H1研发/销售/管理费用率分别为21.07%/7.60%/4.14%，同比变动+4.1pct/-0.2pct/-0.1pct，公司持续进行5G相关产品、芯片、服务器及存储、创新业务等技术领域和市场推广投入，且管理效率有所提升。",0.019181669
2023-08-21,63,中兴通讯,2023年上半年归母净利润同比增长20%，正加快部署算力产品,公司2023年上半年收入增长放缓，归母净利润同比增长20%。公司2023年上半年实现收入607亿元，同比增长1.5%；归母净利润为54.7亿元，同比增长19.9%；扣非净利润为49.1亿元，同比增长31.8%。其中，二季度实现营收316亿元，同比减少1.0%；归母净利润为28.3亿元，同比增长20.5%。运营商业务保持稳健增长，为公司利润做出主要贡献。23年上半年公司运营商业务营收408亿元，同比增长5.4%，该业务主要受益运营商持续加大5G及算力网络建设；此外，公司在芯片端自主可控能力持续增强，驱动该业务毛利率同比提升8.9pct，助公司综合毛利率提升6.2pct。消费者业务营收140.2亿元，同比减少2.6%。全球经济增长放缓，上半年全球手机出货量同比下滑超10%，公司该业务面临增长压力。政企业务营收58.8亿元，同比减少12.4%，主要原因是上半年国内政企市场投资承压。,0.3160773
2023-08-21,63,中兴通讯,中兴通讯半年报点评：H1业绩稳定增长 毛利率显著提升,"事件描述：
公司发布2023年半年度业绩报告：2023年H1，报告期内，中兴通讯实现营业收入607.05亿元，同比增长1.48%；归母净利润54.72亿元，同比增长19.85%扣非归母净利润49.09亿元，同比增长31.78%；基本每股收益为1.15元。",0.027654886
2023-08-21,63,中兴通讯,运营商业务稳增，数智化带来长期价值,"事件：8月19日，中兴通讯发布2023年半年度报告。2023上半年实现营业收入607.05亿元，同比增长1.48%；实现归母净利润54.72亿元，同比增长19.85%；实现扣非归母净利润49.09亿元，同比增长31.78%。
运营商业务地位凸显，毛利率明显提升。中兴通讯是全球领先的综合通信与信息技术解决方案提供商，其主营业务分为运营商网络、政企业务、消费者业务三大板块。运营商网络是公司业务支柱，面向传统网络，公司在无线产品领域推出了全场景、全频段5G产品；在有线产品及固网领域首家推出精准50G PON技术，并与中国移动完成全球首个400G QPSK现网试点，传输距离创纪录；在路由器领域国内市场份额增速排名第一、规模排名第二。而面向云网业务，公司持续强化算力基础设施相关软硬件产品研发和创新，推出G5系列服务器、400GE/800GE数据中心交换机等高性能新产品。2023H1中兴通讯运营商网络、政企业务、消费者业务占总营收的比重分别达到67.23%、9.68%、23.09%，其中运营商网络业务营收达408.12亿元，同比增长5.40%，毛利率达54.20%，同比增加8.89个百分点，是公司2023H1业绩增长的主要原因。",0.040120542
2023-08-21,63,中兴通讯,连接+算力协同发展，盈利持续提升,"业绩简评
2023年8月18日，公司发布23年中报，报告期内实现营收607.0亿元，同比增长1.5%；归母净利润54.7亿元，同比增长19.9%；扣非归母净利润49.1亿元，同比增长31.8%，业绩符合预期。",0.53397334
2023-08-22,63,中兴通讯,公司半年报：Q2盈利能力持续改善 H2多款AI新品将亮相,事件：公司发布23年中报，23H1营收607.05亿元（同比+1.48%），归母净利润54.72亿元（同比+19.85%），扣非归母净利润49.09亿元（同比+31.78%），毛利率43.22%（同比+6.18pct），净利率9.01%（同比+1.38pct）。单季度来看，23Q2营收315.62亿元（同比-1.02%），归母净利润28.30亿元（同比+20.46%），扣非归母净利润24.55亿元（同比+38.46%），毛利率42.04%（同比+5.65pct），净利率8.97%（同比+1.60pct）。,0.664124
2023-08-22,63,中兴通讯,2023年半年报点评：乘“算力”之风，第二曲线增长迅速,"8 月 18 日晚间，公司发布 2023 年半年度报告： 2023 年上半年公司实现营业收入 607.0 亿元，同比增长 1.5%；实现归母净利润 54.7 亿元，同比增长19.9%；实现扣非归母净利润 49.1 亿元，同比增长 31.8%。
点评：",0.04591894
2023-10-10,63,中兴通讯,A defensive play with long runway for growth,"ZTE’s recent update on AI-related development: At a recent investor relationsevent, the Company shed light on its progress in AI development for the B2B sector.The Company featured a foundational AI model, a R&D model (AI-assistedprogramming), a telecom model (streamline telecom carriers’ operations), and anindustry-specific model (focusing on urban governance) aimed to be rolled outbetween year-end and early 2024. Capitalizing on the AI momentum spurred byChatGPT in 1H23, the Company is set to debut new computational products and ison track to launch an AI server, specifically en",0.12012184
2023-10-24,63,中兴通讯,强化研发投入，盈利能力改善,"业绩简评
2023 年 10 月 23 日， 公司发布 23 年三季报，报告期内实现营收893.9 亿元，同比再下降 3.4%；归母净利润 78.4 亿元，同比增长15.0%；扣非归母净利润 71.0 亿元，同比增长 27.9%， 业绩符合预期。",0.71374035
2023-10-24,63,中兴通讯,Q3扣非净利快速增长，经营性净现金流大幅提升,"事件：20233年10月23日，公司发布2023年第三季度报告，2023年第三季度公司实现营收286.89亿元，实现归母净利润23.69亿元，同比增长5.09%，实现扣非后归母净利润21.92亿元，同比增长20.08%，经营性现金流净额达28.36亿元，同比增长1169.63%。
点评：
经营保持稳健，盈利能力得到提升",0.01936388
2023-10-25,63,中兴通讯,中兴通讯季报点评：Q3营收短期承压 毛利率持续提升,"事件描述：
公司发布2023年第三季度业绩报告。2023Q1-Q3，中兴通讯实现营业收入893.9亿元，同比下降3.4%；归母净利润78.4亿元，同比增长15.0%；扣非归母净利润71.0亿元，同比增长27.9%。经营性现金流净额达92.6亿元。",0.05659449
2023-10-26,63,中兴通讯,2023年三季报点评：稳健发展凸显韧性，毛利率持续提升,事件概述：公司发布2023年三季报，23年前三季度实现营业收入893.9亿元，同比下降3.4%；实现归母净利润78.4亿元，同比增长15.0%；实现扣非归母净利润71.0亿元，同比增长27.9%。单三季度实现营业收入286.9亿元，同比下降12.4%；实现归母净利润23.7亿元，同比增长5.1%；实现扣非归母净利润21.9亿元，同比增长20.1%。,0.08986038
2023-10-26,63,中兴通讯,三季度研发投入持续加大，致力于构建全面数字经济底座,"公司2023年三季度归母净利润稳健增长。三季度公司实现营收286.9亿元，同比下降12.4%；归母净利润286.9亿元，同比下降12.4%。扣非归母净利润71.0亿元，同比增长27.9%；经营性现金流净额92.6亿元，同比增长149%。
运营商资本开支增长趋缓，公司营收增长承压。运营商业务属公司主营业务，22年运营商业务占公司收入比重65%。23年运营商资本开支投入增长趋缓，移动、电信、联通预计23年资本开支同比分别-1%/+7%/+4%，同时23年上半年三大运营商资本开支完成率分别为44%/42%/36%，完成率有所放缓，对应通讯设备商在Q3交付及收入确认有一定延迟，致公司该业务收入受到一定影响。此外，公司另外两大政企业务及终端业务侧景气度并未明显恢复。",0.28375524
2024-02-08,63,中兴通讯,公司深度报告：5G-A扬帆风正劲，踏AI增长新浪潮,"全球ICT领域龙头，研发赋能“连接+算力”，打造第二曲线新增长引擎
公司是全球领先的综合通信与信息技术解决方案提供商，拥有ICT行业完整的、端到端的产品和解决方案，处于行业领先地位。公司基于ICT全栈核心能力和强大的底层研发实力，锚定“连接+算力”构建高效数字底座。短期来看，公司研发能力赋能效果显著，运营商网络毛利率持续优化，盈利能力不断提升；中长期来看，AI时代，以算力为代表的第二曲线业务有望迎来快速增长，网络建设加速走向5G-A，第一曲线业务或将迎来新拐点，有望驱动公司业绩稳步增长，我们持续看好公司强劲研发实力在各新应用领域的价值变现。我们预计公司2023-2025年归母净利润为93.64/103.03/113.48亿元，EPS为1.96/2.15/2.37，当前股价对应PE为11.79/10.72/9.73倍，维持“买入”评级。",0.48246288
2024-03-09,63,中兴通讯,2023年报点评：业绩稳健增长，算力全栈部署激发未来潜力,事件:2024年3月8日，公司发布2023年报，2023年公司实现营收1242.51亿元，同比增长1.05%；实现归母净利润93.26亿元，同比增长15.41%实现扣非归母净利润74.00亿元，同比增长19.99%。23Q4公司实现营业收入348.6亿元，同比增长14.68%；实现归母净利润14.85亿元，同比增长17.80%。2023年度拟派发现金分红总额占归母净利润比例达35%。,0.030535996
2024-03-10,63,中兴通讯,公司信息更新报告：三大业务毛利率均实现增长，“连接+算力”加速拓展,"2023年业绩稳健增长，盈利能力持续增强，维持“买入”评级
2023年公司实现总营收1242.51亿元，同比增长1.05%，归母净利润93.26亿元，同比增长15.41%，扣非归母净利润74亿元，同比增长19.99%，毛利率41.53%，同比增长4.34个百分点，净利率7.44%，同比增长1.10个百分点。2023年第四季度公司实现营收348.57亿元，同比增长14.68%，归母净利润14.85亿元，同比增长17.80%，扣非归母净利润2.98亿元，同比减少51.58%，毛利率36.04%，同比减少0.43个百分点，净利率4.26%，同比增长0.64个百分点。国内5G建设进入平稳期，政企客户投资节奏放缓，我们下调2024-2025年盈利预测（原预测分别为103.03/113.48亿元），新增2026年盈利预测，预计2024-2026年归母净利润为101.97/110.29/120.62亿元，当前股价对应PE为14.2/13.1/12.0倍，伴随5G-A商用落地以及算力设施持续建设，看好公司长期发展，维持“买入”评级。",0.037463546
2024-03-11,63,中兴通讯,2023年年度报告点评：“连接+算力”拓展深化，增长仍为第一要义,3月8日，中兴通讯发布2023年度报告。报告期内，公司实现营业收入1242.51亿元，同比增长1.05%；归母净利润93.26亿元，同比增长15.41%；扣非归母净利润74.00亿元，同比增长19.99%。其中，单Q4公司实现营业收入348.58亿元，同比增长14.68%；归母净利润14.85亿元，同比增长15.4%；扣非归母净利润2.98亿元。,0.82853854
2024-03-11,63,中兴通讯,盈利能力表现优异，关注第二曲线尤其是AI算力进展,"结论与建议：
公司发布2023年年报，2023年实现营业收入1,242.51亿元，同比增长1.05%；实现归母净利润93.26亿元，同比增长15.41%；实现扣非归母净利润74.00亿元，同比增长19.99%。",0.051635563
2024-03-11,63,中兴通讯,Improved margins in 2023,"ZTE released its FY23results.Revenue grew by1.1%YoY to RMB124bn,in linewith consensus and3%higher than our forecast.Net profit increased by15.4%YoY to RMB9.3bn,5%lower than consensus and in line with our forecasts.Grossmargin for2023was41.5%,representing a434bps increase from FY22.NPMshowed a similar trend,reaching7.5%in FY23from4.2%/5.9%/6.6%in FY20-22.ZTE’s profitability improved steadily as a result of the company’s continued effortsin operation optimization and cost reduction(i.e.,self-developed components).",0.13215369
2024-03-14,63,中兴通讯,2023年经营稳健，研发保持高强度投入,"中兴通讯2023年全年实现营收1242.5亿元（同比+1.1%），归母净利润93.3亿元（同比+15.4%），扣非净利润74.0亿元（同比+20.0%）。2023年Q4营收348.6亿元（同比+14.7%），归母净利润14.9亿元（同比+17.8%）。
主营业务看，运营商业务稳步发展，政企、消费业务面临挑战。公司2023年运营商网络业务占收比66.6%，该业务收入同比增长3.4%，公司持续巩固技术领先地位，该领域市场格局稳步提升。政企业务占收比10.9%，该业务同比减少7.1%，主要由于国内集成类项目、数据中心和国际市场营业收入减少。消费者业务占收比22.5%，该业务同比减少1.3%，主要由于国际家庭终端、国际手机产品营收减少。此外，国内和国际业务占收比同比基本持平。",0.08628923
2024-03-26,63,中兴通讯,运营商业务主导增长，算力基建带来长期价值,"事件：中兴通讯发布2023年年报。2023年度公司实现营业收入1,243亿元，同比增长1.05%；实现归母净利润93亿元，同比增长15.41%。
盈利能力持续提升，毛利率全线增长：2023年，公司实现营业收入1,243亿元，同比增长1.05%。公司毛利率为41.53%，同比上升4.34pct，主要由于运营商网络、政企和消费者业务三大业务的毛利率均有提升；营业成本为727亿元，同比下降5.93%，主要由于政企和消费者业务成本减少。2023年，公司盈利能力持续提升，归属于上市公司普通股股东的净利润为93亿元，同比增长15.41%；归属于上市公司普通股股东的扣除非经常性损益的净利润为74亿元，同比增长19.99%。",0.45785373
2024-04-26,63,中兴通讯,公司信息更新报告：深度参与5G-A多个场景，持续拥抱AI浪潮,"业绩持续增长，政企及消费者业务持续改善，维持“买入”评级
2024年4月25日，公司发布2024年第一季度报告，2024Q1公司实现营收305.78亿元，同比增长4.93%，实现归母净利润27.41亿元，同比增长3.74%，实现扣非归母净利润26.49亿元，同比增长7.93%，2024Q1，对于运营商市场，公司加速从全连接转向“连接+算力”，持续拓展国内市场空间，海外持续突破大国大T，保持增长态势。此外，公司政企和消费者业务持续改善，收入均重回增长快车道。2024Q1实现毛利率42.02%，环比增长5.98个百分点，实现净利率9.03%，环比增长4.77个百分点，随着自研芯片的应用，毛利率有望持续改善。伴随国内5G-A商用落地以及算力设施持续建设，国外积极拓展大国大T，我们维持2024-2026年盈利预测，预计2024-2026年归母净利润为101.97/110.29/120.62亿元，当前股价对应PE为13.0/12.1/11.0倍，看好公司长期发展，维持“买入”评级。",0.9859948
2024-04-28,63,中兴通讯,2024年一季报点评：Q1业绩稳健增长，加速向“连接+算力”拓展,"事件：2024年4月25日，公司发布2024年一季报，24Q1公司实现营业收入305.8亿元，同比增长4.9%；归母净利润27.4亿元，同比增长3.7%；扣非归母净利润26.5亿元，同比增长7.9%。
业绩保持稳健增长，政企和消费者业务重回快速增长轨道。在运营商市场，国内受整体投资环境影响，公司增长承压；公司正在加速从全连接转向“连接+算力”，充分拓展市场空间。国际持续突破大国大T，延续增长态势。同时，公司加大拓展政企和消费者业务，两块业务收入均重回快速增长轨道。",0.027707517
2024-04-29,63,中兴通讯,一季度平稳发展，加速“连接+算力”拓展,"中兴通讯2024年一季度实现营收305.78亿元（同比+4.9%），归母净利润27.41亿元（同比+3.7%），扣非净利润26.5亿元（同比+7.9%）；经营性现金流净额达29.8亿元，同比增长28.3%。
收入稳步增长，其中政企和消费者业务均重回快速增长轨道。国内受整体投资环境影响，运营商业务增长承压，公司正在加速从全连接转向“连接+算力”；国际持续突破大国大T，延续增长态势。同时，公司加大拓展政企和消费者业务，两块业务收入均重回快速增长轨道。",0.1314426
2024-05-30,63,中兴通讯,盈利水平持续向上，5G-A、算力等新兴业务有望推动公司业绩,"结论与建议：
公司是全球领先的通信技术方案提供商，针对近两年来国内运营商相关业务周期的波动，公司提前加大了对5G-A、算力等相关新兴业务的投入，将在5G基站建设末期保持营收端持续增长。由于公司持续提升高技术含量高毛利的相关业务占比，并保持降本增效的费用管控措施，近期盈利能力持续提升。考虑到公司目前估值处于低位，维持“买进”评级。",0.018442929
2024-06-13,63,中兴通讯,坚持自主创新，积极布局“算力+连接”,中兴通讯发展稳健，布局“算力+连接”，经营业绩持续创新高。公司是全球稀缺的5G端到端设备解决方案提供商，产品覆盖无线、有线、云计算、终端产品和专业通信服务，业务覆盖160多个国家和地区。2023年全年实现营收1242.5亿元（同比+1.1%），归母净利润93.3亿元（同比+15.4%）。行业：运营商及互联网厂商均加大算力部署，5G-A今年开启商用。（1）算力方面，中央及地方政府频出政策明确算力规划。IDC数据显示，2023年中国加速服务器市场规模达94亿美元，同比增长104%。2024年运营商资本开支继续向算力侧倾斜，移动近期集采PC服务器（约164亿元）和AI服务器（约191亿元）总额创历史新高，中兴通讯在PC服务器中标份额持续第一。互联网厂商近期资本开支同比环比均有所提升，公司已与百度等厂商开展合作。（2）连接方面，2024年为5G-A商用元年，运营商及华为均积极部署5G-A网络。公司领先行业发布5G-A通感一体技术并已应用在低空经济飞行器上，该技术是低空飞行器位置感知核心技术。我国低空经济行业市场规模超万亿，5G-A技术受益低空经济发展。,0.43880707
2024-07-24,63,中兴通讯,乘AI东风加强算力业务布局，第二增长曲线打开新空间,通信设备商龙头，盈利能力持续提升。中兴通讯作为全球四大通信设备供应商之一，目前主要发展路线为在保持以传统第一曲线业务核心竞争力的同时，加速拓展服务器及存储等以算力为代表的第二曲线业务。公司业务按板块分为运营商、政企客户和消费者三大板块，运营商仍为主要基本盘，且公司盈利能力明显提升；另一方面，公司加大研发投入力度，在算力进行多方面布局，随相关产品市占率提升，公司有望迎来新一轮增长。,0.05434048
2024-08-17,63,中兴通讯,业绩稳健提升，布局“连接+算力”,"2024年8月16日，公司发布2024年中报，2024年H1公司实现营业收入624.87亿元，同比增长2.94%；实现归母净利润57.32亿元，同比增长4.76%。其中Q2单季度实现营业收入319.09亿元，同比增长1.10%，环比增长4.35%；实现归母净利润29.91亿元，同比增长5.71%，环比增长9.14%。
经营分析",0.02679789
2024-08-18,63,中兴通讯,公司信息更新报告：加大智算产品布局，第二曲线业务快速增长,"业绩持续增长，海外业务发力，维持“买入”评级
2024年8月16日，公司发布2024年半年度报告，2024H1实现营收624.87亿元，同比+2.94%，实现归母净利润57.32亿元，同比+4.76%，实现扣非归母净利润49.64亿元，同比+1.11%。2024Q2实现营收319.09亿元，同比+1.10%，实现归母净利润29.91亿元，同比+5.71%，实现扣非归母净利润23.14亿元，同比-5.72%。分地区来看，2024H1，国内市场实现营收430.61亿元，同比基本持平，毛利率为42.48%，同比-4.75pct；海外市场实现营收194.26亿元，同比+10.44%，毛利率为36.02%，同比+2.64pct，收入主要来自亚洲、欧洲及大洋洲地区。伴随国内5G-A商用落地以及算力设施持续建设，积极拓展大国大T，我们维持2024-2026年盈利预测，预计2024-2026年归母净利润为101.97/110.29/120.62亿元，当前股价对应PE为12.2/11.3/10.3倍，看好公司长期发展，维持“买入”评级。",0.101934254
2024-08-19,63,中兴通讯,2024年半年报点评：Q2业绩稳健，政企业务实现快速增长,事件：2024年8月16日，公司发布半年报，1H24实现收入624.9亿元，同比增长2.9%；归母净利润57.3亿元，同比增长4.8%；扣非净利润49.6亿元，同比增长1.1%。单季度看，2Q24实现收入319.1亿元，同比增长1.1%，环比增长4.4%；归母净利润29.9亿元，同比增长5.7%，环比增长9.1%；扣非净利润实现23.1亿元，同比下降5.7%，环比下降12.6%。,0.030256629
2024-08-19,63,中兴通讯,Mixed 1H24 results,"ZTE’s announced 1H24 results. Revenue increased by 2.9% YoY toRMB62.5bn, while net profit grew by 4.8% YoY to RMB5.7bn in 1H24. Despitethe headwinds from declining capex of domestic telcos for ZTE’s carrierbusiness, non-carrier businesses managed to grew double-digits (14.3% and56.1% YoY growth in consumer and gov’t/enterprise segments). On a quarterlybasis, Q2 revenue increased by 1.1% YoY / 4.4% QoQ, while net profitincreased by 5.7% YoY / 9.1% QoQ. GPM declined sequentially to 39%, mainlydue to unfavorable product mix (i.e., lower contribution from high-margin carriersegment).",0.18490463
2024-08-19,63,中兴通讯,2024上半年业绩稳健增长，坚持“连接+算力”布局,"中兴通讯2024年上半年经营业绩稳健增长。公司2024年上半年实现营业收入624.9亿元，同比增长2.9%；归母净利润57.3亿元，同比增长4.8%；扣非净利润49.6亿元，同比增长1.1%；基本每股收益1.20元；经营性现金流净额70.0亿元，同比增长8.9%。
单季度来看，公司二季度实现营业收入319.1亿元，同比增长1.1%；归母净利润29,9亿元，同比增长5.7%。",0.018935919
2024-08-21,63,中兴通讯,2024年半年报点评报告：坚持“连接+算力”主航道，政企业务快速增长,"2024年8月16日，中兴通讯发布2024年半年报：2024年上半年公司实现营业收入624.87亿元，同比增长2.94%；实现归属上市公司股东的净利润57.32亿元，同比增长4.76%。
观点：",0.02332151
2024-08-21,63,中兴通讯,算力、手机等第二曲线业务加速拓展，经营维持稳中有进,公司发布2024年中报。2024H1公司实现营收624.87亿元，同比+2.94%；归母净利润57.32亿元，同比+4.76%；扣非后归母净利润49.64亿元，同比+1.11%。其中，24Q2单季度实现营收319.09亿元，同比+1.10%，环比+4.4%；归母净利润29.91亿元，同比+5.71%，环比+9.1%；扣非后归母净利润23.14亿元，同比-5.72%，环比-12.6%。,0.51895726
2024-08-23,63,中兴通讯,运营商业务有所承压，政企业务推动公司业绩增长,"结论与建议：
公司公布2024年中报，上半年实现营收624.87亿元，同比增长2.94%；归母净利润57.32亿元，YOY+4.76%。单季度来看，Q2公司实现营收319.09亿元，同比增长1.10%；归母净利润为29.91亿元，同比+5.71%，业绩符合预期，维持“买进”评级。",0.16087162
2024-08-25,63,中兴通讯,2024年中报点评：“连接”优势强化，“算力”布局深化,"8月16日，中兴通讯发布2024年中期报告。2024年H1，公司实现营业收入624.9亿元，同比增长2.9%；归母净利润57.3亿元，同比增长4.8%。其中，2024Q2，公司实现营业收入319.09亿元，同比增长1.10%，环比增长4.35%；归母净利润29.91亿元，同比增长5.71%，环比增长9.14%。点评：
政企业务是核心增长点，毛利率受业务结构变化影响",0.04138261
2024-10-22,63,中兴通讯,运营商业务承压，积极拓展市场空间,"2024年10月21日，公司发布2024年三季报，2024年前三季度公司实现营业收入900.45亿元，同比增长0.73%；实现归母净利润79.06亿元，同比增长0.83%。其中Q3单季度实现营业收入275.58亿元，同比下降3.94%；实现归母净利润21.74亿元，同比下降8.23%。
经营分析",0.21733272
2024-10-22,63,中兴通讯,公司信息更新报告：丰富智算产品生态，国际市场实现较快增长,"业绩保持稳健，国外市场维持双位数增长，维持“买入”评级
公司发布2024年三季度报告，2024前三季度实现营收900.45亿元，同比+0.73%，实现归母净利润79.06亿元，同比+0.83%，实现扣非归母净利润68.98亿元，同比-2.86%。2024Q3实现营收275.57亿元，实现归母净利润21.74亿元，实现扣非归母净利润19.35亿元。公司整体保持稳健经营，消费者和政企业务均实现快速增长，运营商国际市场持续突破大国大T，保持双位数增长。受投资环境影响公司国内运营商业务整体承压，我们下调2024-2026年盈利预测，预计2024-2026年归母净利润为90.52/99.19/112.61亿元（原预测分别为101.97/110.29/120.62亿元），当前股价对应PE为16.8/15.3/13.5倍，伴随国内5G-A商用落地以及算力设施持续建设，我们看好运营商和政企业务长期发展，维持“买入”评级。",0.07431835
2024-10-22,63,中兴通讯,2024年三季报点评：Q3业绩承压，深化布局“连接+算力”助力AI向实,事件：2024年10月21日，公司发布三季报，24年前三季度营收为900.4亿元，同比增长0.7%；归母净利润79.1亿元，同比增长0.8%；扣非净利润69.0亿元，同比下降2.9%。单季度看，24Q3实现收入275.6亿元，同比下降3.9%，环比下降13.6%；归母净利润21.7亿元，同比下降8.2%，环比下降27.3%；扣非净利润19.3亿元，同比下降11.7%，环比下降16.4%。,0.21990621
2024-10-24,63,中兴通讯,2024年三季报点评报告，坚持“连接+算力”主航道，业绩短期承压,"2024年10月22日，中兴通讯发布2024年三季报：2024年前三季度公司实现营业收入900.45亿元，同比增长0.73%；实现归属上市公司股东的净利润79.06亿元，同比增长0.83%。
观点：",1.039629
2024-10-28,63,中兴通讯,算力业务稳扎稳打，期待5G-A激发新活力,公司发布2024年三季报。2024前三季度公司实现营收900.45亿元，同比+0.73%；归母净利润79.06亿元，同比+0.83%；扣非后归母净利润68.98亿元，同比-2.86%。其中，24Q3单季度公司实现营收275.57亿元，同比-3.94%，环比-13.64%；归母净利润21.74亿元，同比-8.23%，环比-27.33%；扣非后归母净利润19.35亿元，同比-11.73%，环比-16.40%。,0.9719763
2024-11-22,63,中兴通讯,中兴通讯深度报告：布局“连接+算力”，科技新质领头羊,"投资摘要
连接基本盘稳固，加快算力业务拓展。公司拥有ICT行业完整的、端到端解决方案，产品覆盖“高速网络、算力基础设施、数字能源、终端”等领域。目前通信网络设备商行业已形成寡头格局，整体竞争趋于稳定，截至2023年，中兴通讯全球市占率达到13.9%，位列世界第四，中国第二。近几年，公司确立第二曲线发展策略，积极拓展服务器、数据中心、交换机、5G行业应用等第二曲线产品，24H1政企业务、消费者业务营收分别同比增长56.09%、14.28%，主要系服务器、存储、家庭终端和手机产品营业收入增长，两大板块发力明显。",0.09542143
2024-12-25,63,中兴通讯,公司动态研究报告：以通信领域为基石，布局算力+手机业务打造第二增长曲线,"24Q3业绩符合预期，盈利能力保持稳定
2024Q3公司实现营业收入275.57亿元，同比下降3.94%，环比下降13.64%；实现归母净利润21.74亿元，同比下降8.23%，环比下降27.33%。盈利能力方面，2024年Q3公司实现销售毛利率40.35%，同比下降4.28pct；实现销售净利率7.75%，同比下降0.49pct。公司业绩承压主要原因系国内运营商网络业务受投资环境影响。",0.82255113
2025-03-02,63,中兴通讯,2024年年报点评：运营商网络业务承压，算力+终端第二曲线发力,事件：2025年2月28日，公司发布2024年年报，2024年实现收入1212.99亿元，同比下降2.38%；归母净利润84.25亿元，同比下降9.66%；扣非归母净利润61.79亿元，同比-16.49%；经营活动现金流量净额114.80亿元，同比-34.05%。公司24Q4实现收入312.54亿元，同比-10.34%；实现归母净利润5.18亿元，同比-65.08%。,1.2029104
2025-03-02,63,中兴通讯,2024年营收结构性调整，继续布局“算力+连接”,"中兴通讯2024年营收1212.99亿元，下降2.38%，归母净利润84.25亿元，同比下降9.66%，扣非净利润61.79亿元，同比下降16.49%。2024年Q4营收312.5亿元，同比下降10.34%，归母净利润5.18亿元，同比下降65.08%。拟向全体股东每10股派发6.17元人民币现金（含税）。
行业投资结构调整致ICT产业结构变化，公司收入承压。（1）5G网络建设进入成熟期，运营商投资整体下降、结构变化，2024年公司运营商网络营业收入703亿元，同比减少15.02%。（2）公司在政企市场加大研发投入，提升国产算力配套产品（服务器等）竞争力，2024年公司政企业务营收186亿元，同比增长36.68%。（3）公司紧抓AI机遇，围绕“双千兆”网络升级、AI手机等机会，公司抢先布局全系列多形态AI终端，家庭终端、手机及移动互联产品、云电脑营收均实现增长，拉动消费者业务营收同比增长16.1%，其中手机产品营收同比增长超40%。",1.0430665
2025-03-03,63,中兴通讯,运营商业务承压，紧抓AI发展机遇,"2024年2月28日，公司发布2024年年报，2024年公司实现营业收入1212.99亿元，同比下降2.38%；实现归母净利润84.25亿元，同比下降9.66%。其中Q4单季度实现营业收入312.54亿元，同比下降10.34%；实现归母净利润5.18亿元，同比下降65.08%。
经营分析",0.868657
2025-04-02,63,中兴通讯,运营商业务受外环境因素承压，算力+端侧业务开辟新增长,公司发布2024年报。2024年公司实现营收1212.99亿元，同比-2.38%；归母净利润84.25亿元，同比-9.66%；扣非后归母净利润61.79亿元，同比-16.49%；毛利率37.91%，同比-3.62pct。其中，24Q4单季度公司实现营收312.54亿元，同比-10.34%，环比+13.41%；归母净利润5.18亿元，同比-65.08%，环比-76.15%；扣非后归母净利润-7.19亿元，同比-341.13%，环比-137.18%；毛利率30.65%，环比-9.7pct，同比-5.39pct。,0.96694165
2025-04-23,63,中兴通讯,营收恢复增长，紧抓AI发展机遇,"2025年4月22日，公司发布2025年一季报，2025年一季度公司实现营业收入329.68亿元，同比增长7.82%；实现归母净利润24.53亿元，同比下降10.50%。
经营分析",0.33240104
2025-04-24,63,中兴通讯,2025年一季报点评：盈利能力因收入结构变化承压，第二曲线加速成长,"事件：2025年4月22日，中兴通讯发布2025年一季报，公司实现营业收入329.68亿元，同比增长7.8%；归母净利润24.53亿元，同比下降10.5%；扣非归母净利润19.57亿元，同比下降26.1%。
营收稳健增长，第二曲线业务加速成长。",0.10853809
2025-04-29,63,中兴通讯,公司信息更新报告：发布智算超节点服务器，第二曲线蓄势增长,发布智算超节点服务器，加速构建万卡算力集群，维持“买入”评级2025年4月28日，公司开展2025中兴通讯中国生态合作伙伴大会，发布多款新品。发布智算超节点服务器，单机柜可搭载64个GPU，内置16个计算节点，8个交换节点，采用正交互联架构，降低互联成本，GPU间通信带宽达到400GB/S-1.6TB/S，时延达到百纳秒级，液冷占比达到80%，机内Scale up可扩展至2048张算力卡，机间支持Scale out拓展至万卡规模；发布100%自主创新智算交换机，助力提升算卡利用率。公司持续发力第二曲线业务，运营商市场持续提升海外市占率，受国内运营商投资影响，我们下调2025和2026年盈利预测，新增2027年盈利预测，预计2025-2027年归母净利润为86.31/90.16/97.74亿元（原99.19/112.61亿元），当前股价对应PE为16.7/16.0/14.8倍，伴随5G-A商用落地以及算力持续建设，我们看好第二曲线业务长期发展，维持“买入”评级。,0.07695174
2025-08-30,63,中兴通讯,公司信息更新报告：服务器营收双倍增长，自研芯片助力国产超节点破局,"加大智算市场攻坚，第二曲线业务增长显著，维持“买入”评级
公司发布2025年半年度报，2025H1公司实现营收715.53亿元，同比增长14.51%，其中第二曲线业务营收同比增长近100%，实现归母净利润50.58亿元，实现扣非归母净利润41.04亿元。2025Q2公司实现营收385.85亿元，同比增长20.92%，实现归母净利润26.04亿元，环比增长6.16%，实现扣非归母净利润21.47亿元，环比增长9.74%。公司持续发力第二曲线业务，加速突破国内智算市场，运营商市场持续提升海外市占率，我们维持盈利预测，预计2025-2027年归母净利润为86.31/90.16/97.74亿元，当前股价对应PE为25.2/24.1/22.2倍，伴随5G-A商用落地以及算力持续建设，我们看好第二曲线业务长期发展，维持“买入”评级。",0.111208975
2025-08-30,63,中兴通讯,“连接+算力”构筑增长新引擎,"2025年8月28日公司发布2025年半年度报告，公司1H25营收715.53亿元，同比增长14.51%；归母净利润50.28亿元，同比减少11.77%。对应2Q25营收385.85亿元，同比增长20.92%；归母净利润26.04亿元，同比减少12.94%。
经营分析",0.6344621
2025-09-01,63,中兴通讯,运营商业务承压，AI服务器相关业务快速增长,"结论与建议：
公司公布2025年中报，2025年上半年实现营收715.5亿元，同比增长14.5%；实现归母净利润50.6亿元，同比-11.8%；扣非后净利润41.0亿元，同比-17.3%。Q2单季度实现营收385.8亿元，同比+20.9%；实现归母净利润26.0亿元，同比-12.9%。业绩下滑主要是运营商资本开支持续下降，符合市场预期，维持“买进”评级。",0.32222724
2025-09-02,63,中兴通讯,2025年半年报点评：第二曲线发力，AI服务器和自研芯片引领成长,"事件：2025年8月28日，中兴通讯发布2025年半年度报告，公司实现营业收入715.53亿元，同比增长14.51%；归母净利润50.58亿元，同比下降11.77%；扣非归母净利润41.04亿元，同比下降17.32%。
营收稳健增长，第二曲线业务翻倍增长。",0.51359266
2025-09-26,63,中兴通讯,乘AI之风，算力、终端业务有望开启新一轮增长,全球领先的综合信息与通信技术解决方案提供商。公司深耕ICT行业40年，拥有ICT行业完整的、端到端的产品和解决方案，集设计、开发、生产、销售、服务于一体，聚焦运营商网络、政企业务、消费者三大业务。根据Dell'OroGroup数据，2023年，公司在全球电信设备市场市占率为11%，位列全球第四、国内第二，市场地位较稳固。随着5G网络建设逐步进入平台期，公司加速向“连接+算力”转型，25H1，公司实现营收715.53亿元，同比+14.51%，其中，以服务器和存储产品为代表的政企业务营收翻倍，公司业绩有望重回增长轨道。,0.043645322
2025-09-29,63,中兴通讯,公司事件点评报告：服务器算力业务未来可期，政企业务表现亮眼,"事件
中兴通讯发布2025年半年度报告：2025年上半年实现营业收入715.53亿元，同比增长14.51%；归属母公司股东的净利润为50.58亿元，同比下降11.77%；扣除非经常性损益后的净利润为41.04亿元，同比下降17.32%。",1.187781
2025-10-13,63,中兴通讯,AI服务器快速放量，推动收入迎增长拐点,"本报告导读：
AI服务器进入放量阶段，营收开启加速增长；公司AI能力全面，竞争实力有望持续加强。",0.06032157
2025-10-30,63,中兴通讯,公司信息更新报告：算力业务增长显著，国内运营商业务阶段性承压,"算力业务增长显著，芯片+整机+AI牢铸竞争力，维持“买入”评级
公司发布2025年三季度报，2025年前三季度公司实现营收1005.20亿元，同比增长11.63%，实现归母净利润53.22亿元，主要是国内运营商营收承压所致，国际运营商市场营收有所增长，政企业务营收同比增长130%，实现扣非归母净利润38.79亿元。2025Q3公司实现营收289.67亿元，同比增长5.11%，实现归母净利润2.64亿元。公司加速突破国内智算市场，运营商市场持续提升海外市占率，考虑到国内运营商通信基础设施投资下降，我们下调2025年并维持2026-2027年盈利预测，预计2025-2027年归母净利润为80.69/90.16/97.74亿元",0.042002738
2026-01-30,63,中兴通讯,深度报告：连接为基，算力为翼,公司是全球领先的综合信息与通信技术解决方案提供商。中兴通讯股份有限公司前身深圳市中兴半导体有限公司成立于1985年，1997年更名为中兴通讯股份有限公司同年于深交所主板上市，2004年于香港联交所主板上市。中兴通讯坚持长期投入，掌控底层核心技术，巩固网络连接业务基本盘，推动网络、算力、数字能源等领域的发展，把握人工智能浪潮带来的机遇，深度参与智算基础设施建设，致力于成为网络连接和智能算力的领导者。,0.9513748
2026-03-10,63,中兴通讯,公司信息更新报告：算力业务跨越式增长，研发投入夯实长期竞争力,"营收规模同比增长，毛利率阶段性承压，维持“买入”评级
中兴通讯发布2025年年度报告，2025年公司实现营业收入1338.95亿元，同比增长10.38%；实现归母净利润56.18亿元，同比下降33.32%；实现扣非归母净利润33.7亿元，同比下降45.45%。2025年公司实现毛利率、净利率分别为30.25%、4.16%，同比分别-7.66pct、-2.73pct，在行业周期切换与业务结构变化的双重影响下，公司毛利率阶段性承压。受行业周期变化影响，我们下调2026-2027年并新增2028年盈利预测，预计2026-2028年公司归母净利润分别为68.9、82.5、95.9亿元，EPS分别为1.44、1.73、2.01元，当前股价对应PE估值分别为21.0、17.5、15.1倍，公司加速突破国内智算市场，运营商市场持续提升海外市占率，伴随5G-A商用落地以及算力持续建设，我们看好第二曲线业务长期发展，维持“买入”评级。",0.15308332
2024-02-23,65,北方国际,深度报告：转型能源运营见效，中蒙焦煤贸易、出海电站双景气,"公司简介
1986年设立，1998年于深交所上市。作为实施国家“一带一路”战略的先锋骨干团队，近年来步实现从传统EPC总承包模式向能源项目投建营一体化转变。北方工业为公司开拓海外市场赋能，其矿产、石油等业务具备协同效应。",0.4617417
2025-04-18,65,北方国际,2024年报点评：扣非归母净利+16%，分红提升回报率,"事件
近日，北方国际披露2024年报。本报告期内，实现营业总收入190.8亿，同比减+11.2%；归母净利10.50亿，同比增+14.3%；扣非归母净利10.55亿，同比增16.4%；基本每股收益1.05元，加权ROE为11.71%，经营活动产生的现金流量净额为6.53亿元。",0.06287241
2020-11-02,66,中国长城,第三季度业绩超预期,"事件：公司发布2020年三季报，前三季度实现营业收入74.60亿元，同比增加4.33%；前三季度实现归母净利润-1.63亿元，同比减少171.58%。
第三季度业绩超预期。第三季度公司实现营业收入35.31亿元，同比增长25.23%；实现净利润1.38亿元，同比增长248.19%，处于之前业绩预告的上限；实现扣非归母净利润1.00亿元，同比增长209.63%；前三季度公司毛利率为22.65%，相比于去年同期增加了1.06个百分点。",0.0221982
2020-11-02,66,中国长城,三季度业绩大幅增长，信创业务高景气度,"事件：公司发布三季报，前三季度实现收入 74.60 亿元，同比增长 4.33%；实现归母净利润-1.63 亿元，同比下降-171.58%。
三季度拐点明显，单季度业绩呈现大幅增长： 公司上半年营收仍然同比下滑， 但前三季度已实现同比增长，经营逐渐摆脱疫情影响恢复正常。其中三季度单季实现收入 35.31 亿元，同比增长 25.23%，实现归母净利润 1.38 亿元，同比大幅增长 248.19%。 我们认为公司受益于信创产业发展进入业绩兑现期，公司信息安全整机及解决方案业务的景气度提升，从而带来公司业绩拐点，实现高速增长。",0.018278182
2020-11-09,66,中国长城,子公司拟展开混改，业务进一步聚焦,"事件： 公司发布公告，长城金融拟展开混改， 拟出售长城医疗。
长城金融拟展开混改，并引入战略投资者。 混改之前， 湖南长城信息金融设备有限责任公司（ 简称“ 长城金融” ）为公司旗下湖南长城科技信息有限公司 100%持有。此次混改后， 长城金融将募集资金约60,803.51 万元， 公司持有 57%，战略投资者持有 23%，员工持股平台持有 20%，有利于优化长城金融公司治理结构， 激发企业活力。",0.84016085
2020-11-12,66,中国长城,公告再融资方案，助力科技新基建,"事件：公司发布公告，拟非公开发行不超过40亿元，本次发行股票数量不超过878,454,615股（含878,454,615股）。
大股东拟认购11亿元，彰显公司信心。本次非公开发行对象中包含中电有限、中电金控，中电有限为中国长城的控股股东及实际控制人中国电子直接控制的全资子公司，中电金控为中电有限的全资子公司。中电有限认购7.5亿元，中电金控3.5亿元。",0.37349617
2020-12-16,66,中国长城,公司首次覆盖报告：国产CPU巨头，充分受益国产化浪潮,"网信产品领导者，基于PK体系持续受益信创放量
中国长城作为国内的网络安全和信息化领导者，随着PK体系的逐渐完善和ARM生态的逐渐扩展，将持续受益于信创产业放量和国产CPU替换。通过资金募集和股权激励，公司将进一步绑定优质人才，完善产品研发体系和升级，业绩增长弹性大。我们预计公司2020-2022年的归母净利润分别为9.0/11.8/14.7亿元，EPS为0.31/0.40/0.50元/股。当前股价对应的2020-2022年PE为51X/39X/31X，相较于行业内其他公司估值均值低，首次覆盖给予“买入”评级。",0.19455236
2020-12-30,66,中国长城,公司信息更新报告：飞腾营收翻数倍，生态日益丰富,"持续受益子公司飞腾的快速发展，PK体系不断优化升级
中国长城作为天津飞腾的第一大股东，受益飞腾CPU芯片的快速发展。随着PK体系的逐渐完善和ARM生态的逐渐扩展，飞腾CPU芯片销售量将持续受益于信创行业需求增长。此外，通过资金募集和股权激励，公司将进一步绑定优质人才，完善产品研发体系和升级，业绩增长弹性大。我们维持对公司2020-2022年的归母净利润的预计，分别为9.0/11.8/14.7亿元，EPS为0.31/0.40/0.50元/股。当前股价对应的2020-2022年PE为56X/43X/34X，维持“买入”评级。",0.0799554
2020-12-31,66,中国长城,中国长城：收购迈普通信股权，网信平台功能强化,"事件：12月30日，中国长城发布公告，公司拟向中软系统等收购迈普通信技术股份有限公司（简称“迈普通信”）合计29.99%股份，相应转让价格约2.25亿元，此次交易构成关联交易。收购后，迈普通信将成为公司参股公司。
点评：",0.40328795
2021-01-05,66,中国长城,飞腾崛起带来估值弹性，主体业务奠定坚实基本盘,自主创新，性能最强：飞腾拥有ARMv8指令集架构永久授权，已经实现自主设计，并已获得对自主可控要求最高的政务行业的广泛认可。飞腾芯片的性能国内领先，对比同类型产品在系统性能、应用性能、功耗上有较大优势，同时支持移动生态，非常完善地支持硬件辅助虚拟化且拥有极高虚拟化效率。飞腾高性能服务器CPU最新产品是2020年量产的腾云S2500，在大规模集群计算、高性能数据中心等应用场景下表现优异，性能与IntelXeonGold5118系列芯片相当。飞腾研究院的测试数据显示飞腾芯片的腾云S2500在八路上已超过华为鲲鹏，是国产性能最强的多路服务器系统。基于腾云S2500的多路服务器和新款滕锐D2000的发布，飞腾产品的整体性能将跃升一个新台阶，跻身主流CPU看齐鲲鹏和海光，成为明年行业市场重要竞争力量。,0.28840727
2021-01-08,66,中国长城,深度报告：信创龙头腾飞在即，PK生态加速共筑长城,信创厂商进入协同发展，中电子引领网信平台创新。中国电子CEC具有国产PK生态系统，同时旗下子公司覆盖基础软硬件、应用软件和信息安全等领域，近期中国电子在深圳举办中国电子有限公司（以下简称“中电限”）成立大会，中软系统转让所持迈普通信股权予以中国长城，以及子公司中国软件旗下麒麟软件与天津飞腾、金山办公、三六零全资控股的鸿腾智能等合作投资标的公司“先进操作系统创新中心(天津)有限公司”，我们认为中电限意味着中电子在打造网信产业平台的新征程，PK生态平台更为重要，集团优势资源将向大平台集中。中国长城作为中电子核心平台，同时也是飞腾公司参股方，在发展信创新生态和开拓新模式地位凸显。,0.80720484
2021-01-27,66,中国长城,筑中国芯之基，腾网信之翼,公司势在成为网信产业引领者， 2019 年收购飞腾进一步拓展信创版图。 中国长城是网信产业技术创新大型央企和龙头企业，是电脑、电源、高新电子、金融信息化、医疗信息化等领域系列国家和行业标准的起草单位之一， 成功突破高端通用芯片（CPU）、固件等关键核心技术，现已形成“芯—端—云”完整生态链，构建了覆盖核心关键软硬件领域的全链条新一代网信技术和产业体系， 2019 年公司收购飞腾进一步拓展信创版图。,0.6979346
2021-02-01,66,中国长城,公司信息更新报告：4季度业绩大幅回暖，2021年值得高度期待,自身和飞腾业务持续发展，PK 体系不断优化升级中国长城作为天津飞腾的第一大股东，受益飞腾 CPU 芯片的快速发展。研发投入持续，带动自身信创和高新电子业务发展。此外，通过资金募集和股权激励，公司将进一步绑定优质人才，完善产品研发体系和升级，业绩增长弹性大。 根据业绩预告， 我们 维持对公司 2020-2022 年的归母净利润 的预计，分别为9.0/11.8/14.7 亿元， EPS 为 0.31/0.40/0.50 元/股。当前股价对应的 2020-2022 年 PE为 56.3/43.1/34.4 倍，维持“买入”评级。,0.035582542
2021-02-01,66,中国长城,第四季度改善明显，行业信创放量可期,"事件： 公司发布 2020 年业绩预告， 实现归母净利润 7.5—11 亿元，同比下滑 32.7%-1.3%；归母扣非净利润 2.86-6.3 亿元，同比增长-41.6%—28.6%。
业绩预告区间较大，第四季度改善明显： 2020 年度随着国内新冠肺炎疫情逐渐得到控制，公司的经营状况逐步恢复正常，公司第四季度信创业务和高新电子业务营业收入较上年同期大幅增长，毛利较上年同期增长，因此 2020 年第四季度公司经营业绩有较大改善。根据公告，2020年 Q4 单季度归母净利润达 9.13—12.63 亿元，同比增长-2.70%—34.65%；归母扣非净利润 1.86-5.3 亿元，同比增长-52.31%—35.90%。公司业绩预告区间较大，我们认为主要是在当期业绩确认节奏上存在不确定性，有可能延迟到 2021 年确认。",0.043263435
2021-02-01,66,中国长城,中国长城：Q4信创等增速超预期，股权激励落地绑定长期利益,"事件：1月29日，第二期股权期权激励计划首次授予实施。本计划拟向激励对象授予不超过817名激励对象10,519.00万份股票期权，行权价格为16.68元/份。同日，公司发布2020业绩预告：归母净利润约7.5亿–11亿，比上年同期增长：-32.73%~-1.34%，扣非归母净利润2.86亿–6.3亿比上年同期增长：-41.64%~28.55%。",0.19225943
2021-02-01,66,中国长城,四季度扣非净利润表现突出,"事件：公司公告2020年业绩预告。归母净利润7.5亿至11亿，同比减少32.73%至1.34%；扣非净利润2.86亿元至6.3亿元，同比减少41.64%至28.55%。
四季度扣非净利润表现突出。公司2020年第四季度信创业务和高新电子业务营业收入较上年同期大幅增长，毛利较上年同期增长，以扣非平均数4.58亿元计算，单四季度扣非净利润同比增长80.51%。",0.062898636
2021-02-02,66,中国长城,单四季度增长明显，看好行业信创机会,"事件
1月30日晚，公司发布业绩预告称2020年实现归母净利润约为7.5亿元-11亿元，同比增长-32.73%到-1.34%，实现扣非归母净利润为2.86亿元-6.30亿元，同比增长-41.64%到28.55%。",0.088956535
2021-04-15,66,中国长城,公司信息更新报告：一季报营收增速超预期，长期国产化趋势不可逆,"自身和飞腾业务持续发展，PK体系不断优化升级
中国长城作为天津飞腾的第一大股东，受益飞腾CPU芯片的快速发展。根据2020年业绩快报和2021年一季报预告，我们上调2020年并维持2021-2022年盈利预测，预计2020-2022年归母净利润为9.3（原值为9.0亿元）/11.8/14.7亿元，EPS为0.32(原值为0.31元/股)/0.40/0.50元/股。当前股价对应的2020-2022年PE为40.4/31.9/25.5倍，维持“买入”评级。",0.09637123
2021-05-06,66,中国长城,收入持续高速增长,"事件：公司公布2020年年报，营业收入144.46亿元，同比增长33.22%；归母净利润9.28亿，同比减少16.78%；扣非净利润4.96亿元，同比增加1.17%。
公司发布2021年一季报，营业收入31.17元，同比增长178.22%；归母净利润-1.59亿元，同比增长43.66%。",0.041787088
2021-05-12,66,中国长城,2020年报及2021一季报点评：业绩符合预期，全面布局党政及行业信创,"事件：公司发布2020年报和2021一季报，2020年公司实现收入144.46亿元，同比增长33.22%；实现扣非归母净利润4.96亿元，同比增长1.17%。2021Q1公司实现收入31.17亿元，同比增长178.22%；实现扣非归母净利润-1.14亿元，同比增长56.13%。
整机制造业务贡献2020年主要收入增量：2020年公司信息安全整机及解决方案市场产品结构性调整，信创整机、服务器等多款产品入围名录并实现量产，出现爆发式增长，贡献了45.27亿元收入，同比增长63.47%，带来了大部分2020年的收入增量。2021Q1公司发挥行业优势，持续深耕自主安全和高新电子业务，持续提升产品性能及结构，同时去年同期受新冠肺炎疫情影响，收入基数较低，因此致使公司营业收入同比实现178.22%的大幅增长。费用率方面，2021Q1销售费用同比增长70.95%，主要是因为收入增加和去年下半年为开拓市场新成立了一批信创子公司导致；研发费用同比增长75.21%，持续提升了产品性能和结构。",1.0008932
2021-05-19,66,中国长城,“后摩尔时代”构筑国产芯片发展基础,"事件：国家科技体制改革和创新体系建设领导小组第十八次会议5月14日在北京召开。此次会议专题讨论了面向后摩尔时代的集成电路潜在颠覆性技术。
“后摩尔时代”的集成电路是解决国产“卡脖子”的关键技术。目前大陆本土的中芯国际的最新技术为14/28nm制程，台积电和三星的技术为5nm制程。此次会议有望从系统和政策的角度来推动国内先进制程的发展以及相关产业链的完善，从而为国内的半导体设计公司提供坚实的发展基础。",0.99303967
2021-07-15,66,中国长城,半年度收入增速创重组以来最快,"事件：公司公布2021年半年度业绩预告，预计亏损7500万至11500万元，去年同期为亏损3亿元。
公司收入高速增长，业绩有望超预期。",0.05291587
2021-07-15,66,中国长城,2021中报预告点评：业绩符合市场预期，飞腾芯片发展可期,"事件：公司发布2021年半年度业绩预告，预计2021年上半年归母净利润亏损7,500万元-11,500万元，相比上年同比亏损减少75%-62%。
预计上半年营收大幅提升，Q2净利润扭亏为盈：公司H1实现营收约71亿元，同比增长约80%，相比2019年同期增长63.33%，预计主要是因为整机制造业务受到信创提振；归母净利润较去年同期大幅提升，亏损减少75.01%-61.70%。Q2单季度，实现营收约39亿元，同比增长约40%，净利润约为0.44-0.84亿元，实现扭亏为盈。公司H1归母净利润未盈利主要受其持有的交易性金融资产股票公允价值变动收益大幅下降，同时加大研发投入，原材料成本上升，产品交付延迟影响，而公司的扣非净利润值得期待。",0.86072373
2021-07-16,66,中国长城,收入高速增长，二季度扭亏为盈,事件：公司公布2020年H1业绩预告，实现营业收入增长约80%，Q2单季度增长40%；实现归母净利润亏损0.75至1.15亿元，相比去年同期收窄1.85至2.25亿元。亏损主要因公司持有的交易性金融资产股票公允价值变动收益大幅下降，同时由于公司为提升产品竞争力，持续加大研发投入，加之2021年一季度亏损、原材料成本上升以及产品交付延迟影响，导致公司归属于上市公司股东的净利润未实现盈利。,1.1951971
2021-08-06,66,中国长城,联合百度发布首款“PKS”国产AI服务器，商业价值再获验证,"事件：近期，公司其与百度联合研制的首款“PKS”国产AI服务器——AI-TF2000飞桨一体机正式发布。采用飞腾处理器，麒麟操作系统，ARM价值再获验证。
该一体机以“PKS”技术架构进行设计，采用了飞腾CPU处理器和麒麟国产操作系统。机内同时集成了百度自研的昆仑AI加速卡，并可拓展支持昇腾、寒武纪、比特大陆等国内主流AI加速卡，是首个实现单switch支持两块全高全长国内AI加速卡的2U服务器整机。",0.1488818
2021-08-22,66,中国长城,飞腾增资或多方支持，定增最大阻碍将清理,"事件：2021年8月20晚间，公司发布多项公告：1.飞腾新引入共10家战略投资者，增资2.59亿元，公司持股比例由31.5%变为28.035%；2.清理房地产相关业务，并修订公司章程；3.非公开增发项目修订稿。
央企、整机厂、云计算巨头均参与飞腾增资扩股。此次战略投资者共10家，其中：1.国家队背景：分别为国开科技创投、国新资本与中国互联网投资基金，加之原有中国电子，彰显国家对飞腾重视程度；2.整机厂：分别为浪潮、联想、紫光、航天706的相关联方，加之公司本身，目前主要国产化整机厂商均有飞腾参股；3.互联网巨头：参股方分别为阿里与百度相关联方，在海外亚马逊等巨头带动下，国产云计算巨头加大芯片领域投资，飞腾作为国产CPUARM架构通用芯片龙头厂商，未来在云计算和互联网协同应用发展空间广阔。本次飞腾估值由于历史原因，仍沿用20年方案估值水平，同时考虑战略股东投资将对飞腾未来发展支持加大，有利于飞腾在国产化信创市占率提升，长城在本次子公司融资之后股权为28%，仍是主要受益方。",0.6916797
2021-09-01,66,中国长城,收入规模步入新台阶，整机和飞腾收入超预期,"事件：8月30日，中国长城发布2021年半年报，实现营收71.88亿元，同比增长82.96%；实现归母净利润-0.83亿元，亏损同比收窄约2.17亿元；实现归母扣非净利润-1.20亿元，亏损同比收窄约2.26亿元。
整体收入规模步入新台阶。21年Q2，公司收入为40.7亿元，同比+44.97%，增速相比Q1下降主要由于去年Q1因疫情基数极低所致，整体保持高速增长。上半年来看，公司整体收入规模从17H1-20H1的40亿元左右提升到21H1超70亿元，与19年相比复合增速亦达28.8%，收入前景向好。",0.01265794
2021-09-01,66,中国长城,飞腾上半年利润超去年全年，收入增速超预期,"事件：公司发布2021年中报，实现营业收入71.88亿元，同比增长82.96%；归母净利润-0.40亿元，去年同期为-2.88亿元。飞腾上半年利润超去年全年，定增引入产业资本，近期进展良好。
2021年上半年，飞腾实现收入11.83亿元，同比增长250.41%；归母净利润4.60亿元，同比增长858.33%，2020年飞腾的净利润为3.41亿元，上半年已经超过去年全年。",0.016958117
2021-09-01,66,中国长城,公司信息更新报告：收入高增长，飞腾芯片成长动力充沛,"收入高增长，维持“买入”评级
公司发布2021年半年报，实现营业收入71.88亿元，同比增长82.96%；实现归母净利润-0.83亿元，亏损同比收窄72.34%。公司受益信创行业景气持续放量，我们维持原有盈利预测，预计公司2021-2023年的归母净利润为11.76/14.70/16.95亿元，EPS为0.40/0.50/0.58元/股，对应当前股价PE为37.4、29.9、25.9倍，维持“买入”评级。",0.08048922
2021-09-08,66,中国长城,中国长城中报点评：业绩符合市场预期，信创步入飞腾时代,"事件： 公司发布中报，上半年实现营业收入 71.88 亿元，同比增长 82.96%；实现归母净利润-8305.13 万元，同比减少亏损 72.34%。业绩基本符合市场预期。
收入高增，定增在即： 上半年公司收入实现高速增长， 主要原因是信创产业景气度高企， 公司核心业务收入稳步增长，同时通过精细化管理和精准施策，聚焦核心主业，提升运营效率，持续提升产品性能及优化产品结构，推动公司良好发展。 近期中国长城发布非公开发行股票预案，募集资金主要投资方向聚焦网信产业，在中国电子集团“PKS”体系的整体战略布局下，拟投资建设国产高性能计算机及服务器相关的核心技术研发项目、信息及新能源基础设施建设类项目和高新电子创新应用类项目。 定增有望持续提升公司产品和服务质量，增强核心竞争力。",0.99357224
2021-11-02,66,中国长城,收入保持高增速，拆分长城信息,"事件：公司发布2021年三季报，前三季度实现营业收入118.71亿元，同比增长59.13%；归母净利润1.03亿元；扣非后的归母净利润-0.60亿元。
收入端保持大幅度增长，利润扭亏。2021年前三季度，公司继续实现了收入的大幅增长，反映出信创良好的发展态势。公司克服全球电子元器件缺货和涨价的双重影响导致原材料成本上升的不利因素，通过持续推进精细化管理等系列降本增效措施，促进成本降控和优化，积极推动盈利能力提升。",0.05486405
2021-11-04,66,中国长城,2021年三季度报点评：增资助力飞腾，定增持续推进,"公司发布2021年第三季度报告，第三季度实现营业收入46.82亿元，同比增长32.61%，归母净利润1.86亿元，同比增长35.17%，扣非归母净利润6031.11万元，同比减少39.67%。业绩表现符合市场预期。
前三季度净利润扭亏为盈，精细化管理降本增效：报告期内，公司紧抓市场机遇，加大市场开拓力度，持续加大研发投入提升产品竞争力，公司前三季度主营业务收入同比增长59.13%，前三季度归属于上市公司股东的净利润实现扭亏为盈。通过持续推进精细化管理等系列降本增效措施，促进成本降控和优化，积极推动盈利能力提升，克服了全球电子元器件缺货和涨价的双重影响导致原材料成本上升的不利因素。",0.08717495
2021-12-02,66,中国长城,事件点评：定增过会，飞腾起飞,"一、事件概述
2021年11月29日，公司发布公告，非公开发行股票申请获中国证监会发审委审核通过。",0.25342304
2022-02-09,66,中国长城,定增获多家国企认购,"事件： 公司公告《中国长城非公开发行 A 股股票之发行情况报告书暨上市公告书》。
定增获多家国企认购。 本次非公开发行的价格为 13.96 元/股，募集资金金额为 39.87 亿元。其中， 公司股东中电有限、中电金控为公司的关联方， 产业投资基金有限责任公司、国华基金、 国新双百、中国北方工业有限公司等多家国企参与了此次非公开发行。",0.2589051
2022-05-04,66,中国长城,2021年年报和2022年一季报点评：网信业务增速亮眼，飞腾发展逐步加快,事件：2022年4月29日，公司发布2021年年报和2022年一季报。2021年，公司实现营收177.90亿元，同比增长23.15%；归母净利润5.98亿元，同比减少35.59%；扣非归母净利润1.32亿元，同比减少73.32%。2022年一季度，公司实现营收28.29亿元，同比减少9.24%；归母净利润-1.17亿元，同比增加26.35%；扣非归母净利润-1.03亿元，同比增加9.39%。,0.5139997
2022-05-05,66,中国长城,行业信创有望成为公司增长驱动力,事件：公司公布 2021 年报，2021 年实现营业收入 177.90 亿元，同比增长 23.15%；实现归母净利润 5.98 亿元，同比减少 35.59%；实现扣非后归母净利润 1.32 亿元，同比减少 73.32%。公司发布 2022 年一季报，实现营业收入 28.29 亿元，同比减少9.24%；归母净利润-1.17 亿元；扣非后的归母净利润-1.03 亿元；亏损幅度有所收窄。,0.8398521
2022-07-20,66,中国长城,业绩短期承压，长期将持续受益行业信创,"事件：2022年7月15日，公司发布半年度业绩预告，预计2022年上半年归母净利润为-2亿至-3亿元，亏损幅度同比扩大。
公司2022H1业绩承压，亏损金额同比扩大。2022年H1公司归母净利润预计亏损2-3亿元，主要系三方面原因所致：1）产品毛利受到双向挤压，一方面是信创产品价格逐步透明化，招标价格呈下降趋势；另一方面则是上游涨价幅度较大，部分部件及元器件涨价幅度较大，导致公司毛利率有所下降。2）受局部新冠疫情影响以及主要市场面临新旧周期交替的影响，部分订单交付延迟，致使收入减少及毛利下降；3）公司正处于投入拓展期，研发投入加大及有息负债较大，致使短期业绩承压。",0.85443205
2022-09-01,66,中国长城,2022年中报点评：业务调整聚焦主业，飞腾静待党政信创招标加速,"事件： 2022 年 8 月 30 日，中国长城发布 2022 年半年度报告。 2022 年 H1，公司实现营业收入 64.01 亿元，同比下降 10.95%；归母净利润-2.98 亿元，同比下降 258%；扣非归母净利润-3.24 亿元，同比下降 170%。 业绩低于市场预期。
疫情导致业绩承压，业务调整更加聚焦主业： 2022 年 H1，受疫情影响，公司营收和归母净利润有所下降。2022 年 H1，公司清理合并与主业无关的其他业务公司将原有的 25 小类业务精简至 10 小类业务，全面退出边缘业务、亏损业务、低毛利业务。分业务来看，2022 年 H1，系统装备业务实现营收 17.89 亿元，同比减少 2.72%；网络安全与信息化业务实现营收 42.38 亿元，同比减少 10.68%。",1.348063
2022-09-01,66,中国长城,业绩短期承压，长期发展前景不变,"公司发布 2022 年中报，实现营业收入 64.01 亿元，同比减少10.95%；归母净利润-2.98 亿元，同比减少 258.38%；扣非后的归母净利润-3.24 亿元，同比减少 170.19%。
上半年受内外部不利因素影响，公司整体经营承压。 上半年宏观经济形势复杂严峻，新冠疫情多点频发，同时公司面临网信业务的阶段转换、系统装备业务的结构调整，核心主业市场需求阶段性收缩，营收、利润亏损幅度均有所扩大。 分产品看，系统装备、网络安全和信息化、其他业务收入分别同比下滑 2.72%、 10.68%、 38.13%；分区域看，公司在国内、北美、欧洲、日本及其他营收分别同比下降 2.00%、20.28%、 50.21%、 25.64%。 但同时公司严控成本、降低费用，提高资金使用效率，营业成本、销售费用、财务费用同比减少， 呈现积极变化。",0.6815028
2022-11-02,66,中国长城,业绩短期承压，有望受益于信创的不断推进,"公司发布2022年三季度业绩报告，前三季度实现营业收入94.92亿元，同比减少20.04%；归母净利润-4.59亿元，同比减少546.73%；扣非后的归母净利润-4.93亿元，同比减少724.86%。
业绩增长承压，但与此同时毛利率有所改善。前三季度公司营收同比下滑20.04%，归母净利润和扣非后的归母净利润分别同比下滑546.73%、724.86%，整体业绩承压，主要受局部新冠疫情反复以及主要市场面临新旧周期交替的影响，市场需求出现阶段性收缩，部分订单交付延迟，致使收入减少毛利下降，导致利润下降。但与此同时前三季度毛利率22.33%，同比提升2.2pct。其中单三季度营收同比下滑33.99%，降幅环比扩大21.73pct；归母净利润、扣非后的归母净利润分别同比下降187.06%、379.44%，降幅均环比收窄；单三季度毛利率24.66%，环比提升3.17pct。",1.0601407
2023-03-13,66,中国长城,公司深度报告：构筑IT国产化坚固长城,"中国长城：守卫我国IT基础设施国产化的长城。中国长城是中国“PKS”自主计算体系建设主力军和网信科技自主创新生力军。公司历史底蕴深厚，曾打造首台中文计算机，长期专注整机制造，具备多项核心技术，横跨多个领域。通过资产重组，公司优化了业务体系，同时通过收购子公司股权成为飞腾第一大股东。
“信创+国企改革”双重机遇加持，国产芯片产业迎来全新发展机遇。根据海光信息招股书，1）我国集成电路产业持续高速发展：2013年到2020年我国集成电路产业市场规模的复合年均增长率为19.73%，持续保持高速增长趋势。2）信创市场空间预测：国内PC、服务器CPU国产替代目标市场规模到2027年有望超300亿元，市场潜力较大。3）国企改革：重要央企领导层的积极变化，是CEC、CETC央企改革的重要开端，我们建议关注参股重要核心资产的公司。",1.0187345
2023-06-05,66,中国长城,公司事件点评报告：布局AI领域，夯实国产算力底座,"事件
公司发布2022年年度报告：营业收入为140亿元，同比下滑21.2%；实现归母净利润1.20亿元，同比下滑79.9%；",1.3260509
2023-06-06,66,中国长城,公司动态报告：多重机遇叠加下看好国产化坚固“长城”,"飞腾为心、整机为基，构筑国产化坚固“长城”。 2022 年公司计算终端方面：
1）党政市场： 持续发力，信创产品实现中央机关全覆盖和进入 31 个省市政府采购目录，加速向全国区县信创市场推广； 2）行业市场： 在邮储、工行、能建、中车、电科、电信等多家央企拿下优质项目，多个关键行业领域实现销售突破，为行业市场推广奠定基础。根据公司公开投资者交流纪要， 2022 年累计 24 个重大项目共计 8.5 亿元， 特别是国家某机关、某运营商、某银行以及某能源央企中国长城均为最大或唯一供货商。 3） CPU 产品不断迭代： 根据公司公开投资者交流纪要，飞腾公司基于 S5000 系列平台的服务器产品正在加速推进中， 中国长城基于 S5000 系列平台的服务器产品完成首版主板开发测试。",0.14696336
2023-07-13,66,中国长城,公司事件点评报告：“鹏腾”携手，共创国产算力新格局,"事件
7月12日，根据中国电子公众号，中国电子与华为技术有限公司决定合并鲲鹏生态和PKS生态，共同打造同时支持鲲鹏和飞腾处理器的“鹏腾”生态，携手产业界伙伴共同发展，开创通用算力新格局。",0.47276044
2023-08-28,66,中国长城,2023年半年报点评：“PKS”核心建设者，有望受益于信创产业回暖,"事件概述：2023年8月25日公司发布2023年半年度报告，2023年上半年公司实现营业收入50.12亿元；归母净利润-6.33亿元；扣非归母净利润-7.21亿元。
围绕“芯-端”双核布局，打开国产化长期市场空间。2023H1来自网络安全与信息化收入34.27亿元。中国长城以服务国家战略需求为导向，深耕计算产业，坚持科技自立自强，坚持“芯端一体、软硬耦合、双轮驱动、有机发展”发展战略，强化核心技术攻关，着力突破“卡脖子”问题。围绕国家战略需要，公司坚持“芯端一体、软硬耦合、双轮驱动、有机发展”的发展战略，构建以“芯-端”为核心的自主计算产品谱系，致力为新型数字基础设施提供核心底座。",0.24454504
2023-08-31,66,中国长城,自主计算产业国家队，有望受益于信创市场回暖,"公司发布2023年半年度报告。公司2023H1实现营业收入50亿元，同比下降21.70%；归母净利润-63.3亿元；扣非归母净利润-72.1亿元。
行业信创招投标密集释放，下半年业绩有望回暖。公司23H1营业收入下降的主要原因为：1）上半年信创存量市场替代接近尾声，造成存量市场订单大幅下降，新增订单需求低迷。2）受国际局势持续影响，导致公司国际业务订单、收入出现下滑。近期信创市场出现回暖趋势。8月，中信银行65亿信创设备采购项目开标，其中ARM芯片服务器预算金额34.01亿元。公司基于飞腾新一代CPUS5000系列平台的服务器产品正在加速推进中,预计飞腾该代产品性能将会有大幅提升，在信创服务器市场上具备较强竞争力。随着信创市场招投标的回暖，公司信创整机和服务器产品有望重回出货高峰。",0.73822
2023-09-03,66,中国长城,2023年中报点评：静待信创招标，“鹏腾”生态建设未来可期,"事件：2023年8月29日，中国长城发布2023年中报。2023年H1，公司实现营收50.12亿元，同比下降21.70%；归母净利润-6.33亿元，同比下降114.91%；扣非归母净利润-7.21亿元，同比下降124.33%。业绩符合市场预期。
信创景气度导致业绩承压，飞腾营收同比有所减少：2023年H1，公司营收同比减少主要系：（1）信创存量市场替代接近尾声，存量市场订单大幅下降，有效需求规模下滑，同时新市场尚未形成规模，新增订单需求低迷；（2）国际市场面临风险挑战，公司国际业务订单、收入出现下滑。2023年H1，飞腾实现营收4.96亿元，同比减少58%；净利润-2.60亿元，同比减少203%，主要系飞腾主要聚焦于党政信创，上半年党政信创招标量较少。",1.2568226
2023-09-04,66,中国长城,自主计算产业国家队，有望受益于信创市场回暖,"公司发布2023年半年度报告。公司2023H1实现营业收入50.12亿元，同比下降21.70%；归母净利润-6.33亿元；扣非归母净利润-7.21亿元。
行业信创招投标密集释放，下半年业绩有望回暖。公司23H1营业收入下降的主要原因为：1）上半年信创存量市场替代接近尾声，造成存量市场订单大幅下降，新增订单需求低迷。2）受国际局势持续影响，导致公司国际业务订单、收入出现下滑。近期信创市场出现回暖趋势。8月，中信银行65亿信创设备采购项目开标，其中ARM芯片服务器预算金额34.01亿元。公司基于飞腾新一代CPUS5000系列平台的服务器产品正在加速推进中,预计飞腾该代产品性能将会有大幅提升，在信创服务器市场上具备较强竞争力。随着信创市场招投标的回暖，公司信创整机和服务器产品有望重回出货高峰。",0.5699452
2023-10-29,66,中国长城,2023年三季报点评：立足生态紧抓核心资产，构筑国产化坚固“长城”,"事件概述：2023年10月28日公司发布2023三季度报告，前三季度实现营业收入80.54亿元，同比下降15.15%；归母净利润亏损8.31亿元。
持续发展自身计算机业务，推动高质量发展。计算终端方面，公司从几个方面加强业务发展：一是加强重大项目管理，建立重大项目投标前评审机制；二是加强渠道体系建设。规范渠道管理，制定渠道管理制度；落地伙伴激励政策，推广实施“百城计划”；在线上渠道启动试行分销政策，针对新品设置专属推广渠道。三是打造产品营销方案。深访重点行业及区域，打造全方位产品营销方案，打造推广典型案例，扩充产品案例库。四是强化服务支撑能力，全年争取实现地市级本地化服务的全覆盖。",0.46915412
2023-11-01,66,中国长城,2023年三季报点评：投入不断加大，飞腾新品性能提升明显,"事件：2023年10月27日，中国长城发布2023年三季报。2023年前三季度，公司实现营收80.54亿元，同比下降15.15%；归母净利润-8.31亿元；扣非归母净利润-9.44亿元。业绩符合市场预期。
信创景气度波动导致业绩承压：2023年Q3，公司实现营收30.42亿元，同比下降1.58%；归母净利润-1.98亿元；扣非归母净利润-2.23亿元。受信创市场阶段性转换、国际业务全球需求萎缩、系统装备行业周期及政策调整三大因素影响，公司订单需求下降，加之投资收益同比下降，导致公司业绩承压。",1.2521794
2023-11-07,66,中国长城,研发投入持续提升，飞腾加速产品迭代,"公司发布2023年三季报。公司2023年前三季度实现营业收入80.54亿元，同比下降15.15%；归母净利润-8.31亿元；扣非归母净利润-9.44亿元。
受宏观环境影响收入承压，保持高水平研发投入。2023年Q3，公司实现营收30.42亿元，同比下降1.58%；归母净利润-1.98亿元；扣非归母净利润-2.23亿元，亏幅同比扩大。受到信创市场阶段性转换、国际业务全球需求萎缩及系统装备行业周期及政策调整等三大因素影响，公司订单需求下降导致收入同比下降。同时，公司保持高研发投入，前三季度研发费用共计10.35亿元，研发费用率同比提升3.7pct，叠加投资收益大幅下降，导致利润承压。",1.1140385
2024-05-02,66,中国长城,2023年年报及2024年一季报点评：核心业务稳步推进，国产化“长城”未来成长可期,"事件概述：公司发布了2023年年报及2024年一季报。2023年，公司实现营业收入134.20亿元；归母净利润-9.77亿元；扣非归母净利润-11.80亿元。2024年一季度，公司实现营业收入26.63亿元，同比增长21.13%；归母净利润-2.50亿元；扣非归母净利润-2.67亿元。
布局多个产品线，培育核心竞争力打开长期增长空间。1）服务器：加速布局一主多辅的服务器产品线，完成多线产品的认证；成功推出新一代高性能自主服务器产品，打造首台AI服务器；重构长城2U2P服务器整机架构；实现BMC模块和主板解耦。2）个人终端产品：导入飞腾D2000战斗版、兆芯笔记本等产品，并全部上架销售。3）工控机：已在交通、电力行业形成典型销售案例。3）文印设备：发布“烽火”“雄关”系列29款文印产品，场景覆盖个人家庭、中小工作室、大中小企业和党政等市场，公司正在成为国内打印机厂商中产品线最丰富、最完整的厂商之一。4）系统装备领域：参与多项重要型号、重点科研生产任务；特种能源产品形成多个客户市场全面进入的新格局。",0.05044478
2024-05-09,66,中国长城,业绩恢复增长，静待行业信创市场成长,"事件：公司发布2023年年报，收入134.20亿元，同比减少4.33%；归母净利润-9.77亿元，同比减少895.98%。
公司发布2024年一季报，收入26.63亿元，同比增加21.13%；归母净利润-2.50亿元，同比增加18.15%。",0.6931006
2024-09-03,66,中国长城,2024年半年报点评：二季度业绩持续改善，国产算力龙头业务加速回暖,"事件概述：公司2024年8月30日发布2024年半年度报告，2024年上半年，公司实现营业总收入60.76亿元，同比增长21.23%；归母净利润亏损4.22亿元，上年同期亏损6.33亿元；扣非净利润亏损4.24亿元，上年同期亏损7.21亿元。
Q2收入稳健增长，单季度归母净利润明显减亏。根据公司半年报，上半年公司持续聚焦主责主业，持续推进改革举措，着力加强经营管理，持续实施降本控费增效，保持科技创新投入强度，营业收入实现稳步增长，归母净利润同比改善，发展质量进一步提升。从2024Q2看，公司收入同比增速达到21%，归母净利润明显减亏，回暖态势明显。",0.041056275
2024-11-03,66,中国长城,2024年三季报点评：营收稳步增长，静待党政信创重启,"事件：2024年10月30日，公司发布2024年三季报，2024年前三季度，公司实现营收96亿元，同比增长19%；归母净利润-6.88亿元，同比增长17%；扣非归母净利润-7.12亿元，同比增长25%。业绩符合市场预期。投资要点
2024年Q3营收持续增长：2024年Q3，公司实现营收35亿元，同比增长16%；归母净利润-2.66亿元，同比减少34%；扣非归母净利润-2.88亿元，同比减少29%。公司营收连续三个季度同比增长，主要系下游景气度逐步恢复，信创和军工业务营收增速逐步回暖。",0.12729198
2025-03-02,66,中国长城,公司事件点评：DeepSeek一体机的“国家队”,"事件概述：根据飞腾官方公众号，由中国石油化工股份有限公司华东油气分公司联合中国电子研发的基于飞腾CPU的全国产化数据采集与监视控制系统（简称SCADA），在中石化页岩气开采现场安全稳定运行超一年，同时双方联合开展的《SCADA系统模块及芯片国产化》课题也顺利通过评审验收。
飞腾路线的工控系统在工业自动化控制领域取得重大技术突破。该信创SCADA系统由中国电子所属华大智宝、中电智能联合中国石化华东油气分公司基于飞腾芯片联合研发，系统以基于飞腾FT-2000+/64CPU的服务器、飞腾腾锐D2000CPU的台式机和飞腾FT-2000/4CPU的PLC等硬件产品为底座，配合麒麟操作系统等，实现了100%国产化，在安全性和稳定性方面表现出色。研发团队还通过技术攻关实现了产品整体的撬装化，使得新系统更加便于运输、安装和维护，能够实现快速部署和高效运行，灵活性和适用性得到了显著提高。现场应用的结果表明，全国产化SCADA系统的采购成本较传统进口系统降低了30%，现场施工周期缩短了41%，施工成本节约了35%。飞腾是中国长城旗下的重要公司，其技术实力的不断提升将为公司长期发展奠定重要基础。",0.95204854
2025-04-30,66,中国长城,2024年年报及2025年一季报点评：产品、生态持续完善，AI算力“国家队”潜力可期,"事件概述：2025年4月27日公司发布2024年年报和2025年一季报，2024年公司实现营业收入142.03亿元，同比增长5.83%；归母净利润-14.79亿元；2025年一季度营业收入28.58亿元，同比增长7.32%；归母净利润-1.60亿元，同比减亏。
业绩短期承压不改长期预期，一季度业绩呈现向好趋势。2024年，公司利润大幅下滑主要有以下几点原因：一是受市场竞争加剧、行业政策和产业周期调整等因素影响，导致公司毛利率下降，整体盈利空间受到进一步挤压。二是为进一步聚焦主责主业，加快推动转型升级，公司主动调整业务结构，致使阶段性成本费用较上年同期增加。三是根据公司业务发展情况和外部经济形势，按照企业会计准则及公司会计政策等相关规定，公司基于谨慎性原则对各类资产进行全面检查和减值测试，计提相关资产减值准备。",1.1786146
2025-05-02,66,中国长城,利润暂时承压，推出AI训推一体机,"事件：公司发布2024年年报及2025年一季报。2024年公司实现营业收入142.03亿元，同比增长5.83%；归母净利润-14.79亿元，同比下51.29%。2025年一季度，公司实现营业收入28.58亿元，同比增长7.32%；归母净利润-1.6亿元，同比增长36.15%。
行业信创实现突破，系统装备需求承压。1）计算产业实现收入107.02亿元，同比+29.15%。其中，信创业务实现在银行、保险行业方面的重大突破，在党政信创市场保持优势；整机部件业务方面，抓住服务器电源市场需求增长机会，业务规模达到阶段性新高。2）系统装备业务实现收入26.83亿元，同比-37.60%，公司系统装备业务中占比较大的信息化装备业务因主要市场需求持续下降，对系统装备业务订单产生影响。",1.2853882
2025-08-31,66,中国长城,2025年半年报点评：AI算力“国家队”持续发力，核心业务竞争力持续增强,"事件概述：2025年8月28日公司发布2025年半年度报告，实现营业收入63.66亿元，同比增长4.78%；实现归母净利润1.38亿元，同比扭亏为盈；扣非后归母净利润-4.27亿元，去年同期为-4.24亿元。
计算产业稳健增长，系统装备业务订单回暖。1）计算产业为增长主引擎：上半年计算产业实现收入51.48亿元，同比增长9.62%，占总收入比重提升至80.86%。其中，计算终端业务受益于党政及关键行业市场需求恢复，实现重大项目突破；整机部件业务受益于AI服务器市场需求持续增长，业务规模和盈利水平再创新高。2）系统装备业务承压但现复苏迹象：系统装备业务实现收入8.61亿元，同比下降12.62%。但公司积极加大市场拓展力度，通信、特种计算等传统业务订单实现同比增长，为后续业绩恢复奠定基础。",0.14466351
2025-11-02,66,中国长城,2025年三季报点评：单季度业绩明显改善，聚焦主业助力业绩回暖,"事件概述：2025年10月29日公司发布2025年三季度报告，前三季度营收为102.95亿元，同比增长7.18%；净利润为1606.67万元，同比扭亏。
单季度亏损缩窄，持续聚焦主业助力业绩回暖。2025年第三季度营收为39.29亿元，同比增长11.31%；净利润亏损1.22亿元（去年同期亏损2.66亿元），亏损收窄。2025年前三季度，公司持续聚焦主责主业并把握市场机遇，同时推进降本控费与产品业务结构优化，带动营业收入稳定增长，毛利额同步提升。公司持续优化资源使用效率和资产配置，积极落地产业项目，投资收益和其他收益增加，保障整体业务稳定发展，实现同比扭亏为盈。",0.014545739
2020-11-24,69,华侨城A,销售持续向好，文旅逐步恢复,"销售持续向好，文旅同步复苏。10月份公司实现合同销售面积33.4万平，合同销售金额78.6亿元；1-10月份公司累计实现合同销售面积284.8万平，达2019年全年销售面积的113%,销售金额687亿元,达2019年全年销售金额79.5%。文旅方面，随着疫情放缓，公司举办多种活动吸引消费者，游客接待量处于持续向好、逐月改善的过程中。“十一”期间，华侨城旅游共接待游客近650万人次，为2019全年接待总量的12.5%，同时，南京欢乐谷已于11月11日正式开业，有望进一步增强公司盈利能力。",0.025917947
2020-12-17,69,华侨城A,华侨城的跨越与迭代,"作为我国文旅产业的排头兵和先行者，华侨城的辉煌过去毋庸置疑。然而到了2010-2015年，华侨城的利润增长出现疲态，净利润增速逐年下滑。随着新一任领导的到任，华侨城提出了“文化+旅游+城镇化”的战略，公司在产品、土地储备等多个方面进行调整，而华侨城也开始了跨越式发展的历程。
华侨城提出了文化+旅游+城镇化的战略，即以华侨城擅长的文化旅游产业为主要业务，通过导入文化相关新兴产业，提升城镇公共文化和公共服务水平，带动人口集聚和产业集聚,并反哺公司的文旅业务。在产品上，华侨城积极地对原有文旅产品进行迭代升级，创造性的打造了深圳欢乐海岸项目，并取得了不菲的租金收入，盈利能力较强。2019年，公司在顺德的欢乐海岸顺利开业，标志着欢乐海岸突破了过去欢乐谷项目仅布局于核心一、二线城市的藩篱。未来随着欢乐海岸的异地复制，公司未来仍有较大的成长空间。",1.0645096
2021-03-16,69,华侨城A,文旅业务量质齐升，独特模式铸造龙头,"推荐逻辑： （1]） 公司“文化+旅游+新型城镇化”的独特模式，造就国内文旅龙头低位， 疫情后业务加速恢复，规模持续放量； （2） 多元化拿地保持低地价优势，周转提速叠加城市布局增加，助力公司销售大幅增至千亿，充沛土地资源保证公司持续竞争力。 （3）央企背景负债状况健康，融资成本位居行业低位。
财务状况健康，文旅地产双轮驱动。 公司业务由文旅地产双轮驱动， 2020H1 公司文旅业务和地产业务分别贡献营收 58%和 40%， 2020Q1-Q3 公司营收逆势增长 12%至 334 亿元， 归母净利润微降 13%至 52 亿元。作为央企，公司负债状况健康，截止 2020Q3 现金短债比/扣预资产负债率/净负债率分别为1.1/96%/70%， 三道红线全部达标， 公司融资成本仅 4.6%， 位居行业低位。",0.07440269
2021-03-31,69,华侨城A,2020年年报点评：经营业绩逆势提升，产品迭代文旅复苏,经营业绩逆势提升，文旅地产双轮驱动。2020年公司实现营业收入818.7亿元（+36%），实现利润总额219.0亿元（+14%），归母净利润126.9亿元（+3%）。公司的毛利率和净利率略有下滑，毛利率下降6.7pp至49.9%，净利率下降4.7pp至19.2%，主要原因是结算项目的区域和结构影响，未来有望回升。公司业务形成文旅地产双轮驱动，房地产业务营收372亿元（+27.8%），营收占比达45.5%；旅游综合业务营收432亿元（+42.7%），营收占比达52.7%。,0.73038435
2021-04-01,69,华侨城A,文旅业务基本恢复，三道红线全部翻绿,"2021年3月29日，华侨城发布2020年全年业绩公告。公告显示，秉持“文化+旅游+城镇化”的发展模式，坚持“以收定投”原则，不断对产品推陈出新，销售业绩也顺利突破千亿，三道红线全部翻绿，核心指标相对亮眼。
一、以量补价，销售业绩突破千亿，",1.081241
2021-08-26,69,华侨城A,投资重回一二线，文旅业务明显恢复,"一、销售额同比增长41%，凭文旅低成本拿地
2021上半年，随着疫情影响消退，华侨城加大推盘力度和推盘量，实现合约销售额447.4亿，同比增长41.3%。新增土地储备315.1万平米，凭借其文旅业务优势，与政府合作低价获取土地储备。其中，一线、新一线及二线城市占比较高，将有力支撑其文旅业务和地产销售业务未来发展。",0.7461525
2021-08-29,69,华侨城A,2021年中报点评：盈利表现有所承压，文旅业务强劲恢复,营收大幅提升，毛利率和少数股东损益压制盈利表现。2021H1公司实现营收230.1亿元（+34.4%），实现利润总额23.6亿元（+15.1%），归母净利润15.8亿元（-25.9%），增收不增利原因在于：第一、受结算结构及行业利润下行影响，公司毛利率同比下降21.6pp至33.3%；第二、合作项目结算放量，少数股东损益由2020H1的-0.8亿元大幅增至7.8亿元，净利润占比达33%。从结构上看，公司旅游综合业务营收189亿元，同比增加90%，毛利率为24.8%（-12.9pp）；房地产业务营收40亿元，同比下降41%，毛利率为73.1%（-7.6pp）。,0.84650326
2022-04-02,69,华侨城A,坚持稳健经营，文旅持续创新,归母净利润下滑 ，资本结构稳中向好。2021 年公司实现营业收入 1026 亿元（+25%），实现归母净利润 37.99亿元（-70%），公司归母净利润的下滑主要因为结算毛利率的下降和少数股东损益占比的提高。公司文化旅游业务营收 433亿元，较往年基本持平，业务毛利率 32%，同比下降 10pp，房地产业务营收590 亿元（+58%），业务毛利率 21%，同比下降 38pp。公司“三道红线”指标保绿向优，账面货币资金 676 亿元，资金流动性充裕，融资成本 4.46%，保持行业低位水平。,1.2784492
2022-09-01,69,华侨城A,营业收入降幅明显，大量结转位于下半年,".SZ)
2021年华侨城销售业绩有所下降，但仍保持相对稳定，文旅与地产的结合是公司打造差异化价值的基础。基于稳定的债务结构和融资优势，有利于保证公司利用产融结合方式在土地市场上保持拿地力度，推动稳健发展。
一、H1销售额降幅接近百强均值，强化营销缓解去化压力",1.172506
2021-01-07,70,特发信息,特发信息点评报告：收到20亿中标项目款，业绩有望迎来改善,"一、事件概述
公司于2020年10月29日公告，公司作为牵头人与深圳市智慧城市科技发展集团有限公司（下称“深智城”）组成的联合体中标鹏城云脑Ⅱ扩展型项目信息化工程第一阶段项目，中标金额为28.18亿元，项目在2023年12月31日之前完工；2021年1月3日公司公告，公司与深智城签署了补充协议，补充协议确认公司将从项目合同共取得24.97亿元；2021年1月4日，公司公告此次项目已经实施，公司收到项目款20.20亿元。",0.9984718
2022-12-12,88,盐田港,优质资产注入与产能利用率持续提高，共驱业绩大幅改善,"优质港口资产注入，23年、24年利润总额改善幅度达70%、147%
假如资产重组于2023年上半年顺利完成，公司将获得盐田港中港区3期35%股权，该部分股权有望在2023H2和2024年为公司带来约3.7亿元和7.8亿元税前利润，相当于2021年利润总额的69.7%和146.9%。",0.56818074
2025-11-06,88,盐田港,2025年三季报点评：引战中远加强港航协同，公路改扩建疏港再提速,"事件：盐田港发布2025年三季报。前三季营业收入6.16亿元，同比增长0.49%，归属于上市公司股东的净利润10.71亿元，同比增长6.66%，归属于上市公司股东的扣除非经常性损益的净利润10.71亿元，同比增长6.83%。
利润扩张，投资布局战略成果显现。公司近年来加强港口投资布局，推进常德港、小漠港等项目并成立合资公司运营。2023年底完成重大资产重组，收购盐港运营公司100%股权（标的公司拥有盐田港三期35%股权及深汕投资100%股权），2024年完成重大资产重组配套募资，助力公司扩大业务和资产规模，盈利能力大幅提升。",0.7294334
2022-08-02,89,深圳机场,国际线潜力有望释放，期待疫后复苏,深圳机场历史运营平稳：深圳机场位于中国深圳市宝安区、珠江口东岸。深圳机场上市公司运营深圳机场A、B航站楼、T3航站楼及T3卫星厅、深圳机场飞行区资产、货运区资产及地面交通中心等资产，历史运营平稳，2019年营业收入38.1亿，实现归母净利润5.94亿，受疫情影响，近两年公司经营出现一定压力，2021年公司营业收入33.06亿，实现归母净利润-0.34亿。,1.1779492
2023-01-13,89,深圳机场,免税店新合同落地，扣点调整至24%-30%，业绩修复在即,"事件：23年1月公司公告签署T3航站楼进出境免税店项目租赁合同：
1）深免、珠免、王府井参与竞标，其中深免报价为价格上限，并获得综合得分第一名，中标深机T3进出境免税店经营权；",0.22092605
2023-04-03,89,深圳机场,2022客流量因疫情走低，全年亏损11.4亿,"深圳机场披露2022年年报。2022全年营收26.7亿元（-19.2%），归母净利润-11.4亿元，其中四季度单季营收6.2亿元（-34.0%），归母净利润-2.53亿元。整体来看，因疫情影响，公司收入下滑，因T3卫星厅投产公司成本显著提升，亏损幅度符合预期。
疫情影响客流下滑，公司营收下降。2022年疫情影响贯穿全年，公司实现保障航班起降架次23.6万，同比下降25.8%，相比2019年降36.3%，旅客吞吐量2156万，同比降40.7%，相比2019年下降59.3%，货邮吞吐量150.7万吨，同比降3.9%，相比2019年增17.5%。受制于业务量整体下滑，公司各项收入均出现下降，其中航空主业、航空物流、航空广告、航空增值服务收入同比分别下降22.2%、15.2%、1.2%、23.1%。",0.040266216
2023-05-17,89,深圳机场,疫情消散产能爬坡，业绩有望触底回升,"事件：深圳机场发布2023年一季报。2023Q1公司实现营业收入9.1亿元，同比+40%；实现归母净亏损1.1亿元，同比减亏1.9亿元。收入和盈利同比大幅增长主因公司旅客吞吐量和航班起降架次的迅速恢复，本期公司旅客吞吐量同比增长166.1%，航班起降架次同比增长69.9%。
疫情出行限制基本取消，居民需求迅速恢复。与疫情挂钩的出行限制基本取消，居民出行的意愿有望得到加强。随着宏观经济形势稳中向好，航空运输市场出现快速恢复，今年以来民航客运量回升明显，相比疫前2019年的恢复程度由1月的74.5%持续上升至3月的85.4%，预计民航客运市场将恢复至较高水平。",0.10510051
2023-05-25,89,深圳机场,拟与深免成立合资公司，强强联合助力免税店发展,"事件：深圳机场拟与深免集团投资设立深圳市鹏盛空港免税品有限公司，双方将共同经营T3进出境免税店和福永码头免税店，并拟于近期办理合资公司工商注册事宜，深圳机场将持股49%，深免集团将持股51%，共出资1亿元，合资期限8年。
23年1月深免中标T3进出境免税店经营权，保底租金单价和提成比例有所下调，此次合资不改变租金合同，T3进境与出境免税店月营业额提成比例分别为30%和24%，年保底租金共约8642万元，免税店面积共计2,195.73平方米，其中进境免税店面积共计377平方米，包含2个经营网点；出境免税店面积共计1,818.73平方米，包含6个经营网点。",0.6999121
2023-05-25,89,深圳机场,设立合资公司扩大免税业务获利空间，枢纽机场议价能力不改,"公司公告：根据公司全资子公司航空城公司与深免前期签订的T3航站楼进出境免税店合同，公司可与深免集团成立合资公司经营T3航站楼进出境免税店，现公司拟与深免集团投资设立深圳鹏盛空港免税品有限公司，共同经营深圳机场T3航站楼进出境免税店和福永码头免税店，其中公司持股比例为49%。国信交运观点：
类似于上海机场投资收购日上免税股权，深圳机场与深免集团成立合资公司共同运营机场免税业务，可在三个维度实现共赢。",0.7887486
2023-08-25,89,深圳机场,客流持续恢复，二季度重回盈利区间,"深圳机场披露2023年中报。2023年上半年公司营业收入19.47亿，同比增长47.5%，实现归母净利润-5510万，同比大幅减亏，其中2023年二季度公司营业收入10.40亿，同比增长54.6%，实现归母净利润5278万。
民航需求复苏，深圳机场上半年客流显著增长。2023年民航需求迅速复苏，深圳机场上半年航班起降架次18.73万人次，同比增长68.4%，相比2019年提高3.5%，旅客吞吐量2436.4万人次，同比增长159.4%，恢复至2019年同期的94.3%。二季度公司客流进一步恢复，整体客流、国内线客流、国际线客流、地区线客流分别恢复至2019年同期的102.2%、109.7%、41.0%、57.7%。",0.06799489
2023-10-27,89,深圳机场,处置收益改善业绩，静待客流持续复苏,"深圳机场披露2023年三季报
深圳机场披露2023年三季报，前三季度公司实现营业收入30.42亿元，同比增长48.6%，实现归母净利润1.64亿元，同比扭亏，其中第三季度公司实现营业收入10.95亿元，同比增长50.6%，实现归母净利润2.19亿元，同比扭亏。",0.084462225
2025-04-28,89,深圳机场,2024年年报及2025年一季报点评：年报业绩落于预告上沿，非航业务步入新阶段,2025年4月24日公司发布2024年年报：2024年公司营业收入47.4亿元，同比+14%，归母净利润4.4亿元，同比+12%，落于业绩预告上沿（公司预告2024年归母净利润4.0-4.4亿元），扣非归母净利润3.5亿元（上年同期扣非归母净亏1.6亿元）；4Q24公司营业收入12.7亿元，同比+13%，归母净利润1.2亿元，同比-50%，扣非归母净利润1.1亿元（4Q23扣非归母净亏0.2亿元）。公司发布2025年一季报：1Q25,0.18800485
2025-08-27,89,深圳机场,2025H1点评：业绩快速增长，迎接第三跑道,"事件
近期，深圳机场披露2025半年报。本报告期内，实现营业总收入25.28亿，同比增+12.32%；归母净利3.12亿，同比增+79.13%；扣非归母净利2.61亿，同比增+114.2%；半年度的基本每股收益0.15元，加权ROE为2.74%，经营活动产生的现金流量净额为11.08亿元。",0.03963989
2025-10-27,89,深圳机场,2025年三季报点评：国际客货布局释放红利，盈利延续逐季同比增长,2025年10月24日公司发布2025年三季报：2025年前三季度公司营业收入38.4亿元，同比+10.8%，归母净利润4.68亿元，同比+43%，扣非归母净利润4.03亿元，同比+62%；25Q3公司营业收入13.1亿元，同比+8.0%，归母净利润为1.56亿元，同比+2.2%，扣非归母净利润1.42亿元，同比+12.3%。前三季度公司盈利同比高增长，主要与2024年公司生产经营仍在修复阶段有关，上半年公司盈利高增长低基数原因明显，25Q3公司盈利仍同环比增长但增速回归至温和水平，往后看公司盈利一方面受益于国际客货运布局提升盈利能力，一方面仍需消化卫星厅运行成本。,0.029445648
2020-11-04,90,天健集团,业绩持续增长，城市服务深耕,业绩总结：公司发布 2020 年第三季度报告，截至报告期实现营业收入 99.6 亿元，同比增长 64.4%；实现归母净利润 13.7 亿元，同比增长 451.4%； 加权 ROE为 13.20%， 同比提升了 10.42pp。 公司盈利表现优秀， 每股净利润达到 0.6833元，同比增加 670.35%，存货周转天数持续两年下降，2020 第三季度同比下降7.6%，应收账款周转天数同比下降 26.2%，资本运转速度显著提升。,0.016683877
2022-05-11,90,天健集团,深圳旧改排头尖兵，建筑全产业链协同,"推荐逻辑：1）开发业务销售逆势同比增长121%，积极推进城市更新项目，其中南岭村项目货值预计超2000亿，优质资源储备充足；2）基建转型EPC总包商，毛利率稳步提高；3）财务稳健，净负债率持续下降，现金短债比连续5年大于1，ROE水平持续提高至16.3%。
业绩再创新高，盈利能力持续增强。1）营收利润创新高：2021年公司实现营收233亿元，同比增长35.9%，归母净利润19.3亿元，同比增长30.1%。2）ROE水平持续提高：公司近五年杠杆比率、净利率稳定，存货及应收账款周转率提高明显，带动ROE持续提高，2021年提升至16.3%；3）地产销售毛利率高于行业平均：2021年行业平均毛利率为16.3%，公司综合开发毛利率为36%，远高于行业平均水平，地产业务毛利占比73%。",0.9641049
2022-07-20,90,天健集团,公司首次覆盖报告：城建提速，旧改落子，特区天健整装再出发,"深圳城市综合运营商，国资控股体制持续优化
公司扎根深圳，致力于为重大基础设施建设、民生工程和公共服务提供一揽子解决方案。公司作为深圳特区建工集团旗下核心企业，城市建设业务未来将充分受益深圳持续的基建项目落地；同时住宅开发业务预计下游需求稳定，旧改项目有望带动长期规模增长。我们预计2022-2024年归母净利润分别为23.4、29.6、36.5亿元，EPS分别为1.25、1.59、1.95元，当前股价对应P/E估值分别为4.7、3.7、3.0倍。首次覆盖给予“买入”评级。",0.9648702
2022-08-24,90,天健集团,加大投资业绩稳健，城建业务稳健拓展,"业绩点评：2022年上半年公司实现营业收入82.8亿元，同比增长6.7%；实现归母净利润为12.8亿元，同比下降1.4%。期内公司毛利率为33.1%，同比下降了4.2pp，净利率为15.4%，同比下降1.27pp，利润率下滑主要由于建筑施工业务和物业租赁业务毛利率的下降。
市场下行压力下地产销售保持平稳，逆势加大投资力度。2022年上半年，公司综合开发板块销售收入37.9亿元，同比下降6.8%；其中深圳区域项目销售结算金额占主要项目77.9%，城市深耕成效显著。上半年公司在售楼盘20个，实现认购金额43.4亿元，同比下降54.2%。拿地方面，公司上半年竞得成都、深圳、苏州三宗土地，土地面积合计约28万方，总权益地价56.2亿元。截至期末公司累计土地储备总建筑面积102万平米，公司有望通过南岭村旧改项目大幅扩充土储，中长期发展有保障。",0.47584885
2022-08-25,90,天健集团,业绩变化平稳，拿地力度同比增强,"事件
天健集团(000090)发布2022年中报，主要内容如下：",1.0184544
2022-10-26,90,天健集团,业绩微幅增长，稳健积极拿地,"事件
天健集团(000090)发布2022年三季报，主要内容如下：",1.0850962
2022-10-27,90,天健集团,投资力度逆势提升，经营业绩稳健增长,业绩点评：2022Q3公司实现营业收入46.1亿元，同比增长17.2%；实现归母净利润为1.4亿元，同比增加33.9%。前三季度累计实现营业收入128.9亿元，同比上升10.2%，实现归母净利润为14.2亿元，同比增加1.2%。期内公司毛利率为26.5%，同比下降了3.1pp，净利率为11.0%，同比下降1.0pp，利润率下滑主要由于高毛利项目结算比例的降低。期末合同负债115.3亿元，较年中增加10.8%，可结转资源充足。,0.100518346
2022-10-31,90,天健集团,公司信息更新报告：业绩稳健增长，拿地保持强度,"业绩稳健增长，结算利润率边际下滑
公司发布 2022 年三季报，前三季度公司累计实现营业收入 128.88 亿元，同比增长 10.19%，归母净利润 14.19 亿元，同比增长 1.21%；归母净利润率 11.01%，同比下降 0.98 个百分点。 利润增速不及收入增速的主要原因是公司前三季度结算毛利率 26.47%较 2021 年同期下降 3.08%，主要受高毛利率项目结算占比下降影响。 维持 2022-2024 年公司归母净利润预测为 23.4、 29.6、 36.5 亿元， EPS 分别为 1.25、 1.59、 1.95 元。 当前股价对应 P/E 估值分别为 4.1、 3.3、 2.7 倍。维持“买入”评级。",0.2242226
2023-08-22,90,天健集团,公司信息更新报告：上半年营收同比高增，服务创新探索新的增长点,"上半年营收同比高增，服务创新探索新的增长点，维持“买入”评级
天健集团发布2023年半年度报告，公司上半年营收及新签订单方面同比均大幅增长。公司城建开发业务质效双增，积极聚焦城市服务，依托公司全产业链优势及科技创新赋能寻找利润增长点。受房地产销售市场回暖不及预期影响，我们下调公司2023-2024年并新增2025年盈利预测，预计公司2023-2025年归母净利润为20.65、22.78、24.59亿元（2023-2024年原值29.6、36.5亿元），对应2023-2025年EPS为1.11、1.22、1.32元，当前股价对应PE为5.6、5.0、4.7倍，公司新签合同高速增长，业绩有望持续释放，维持“买入”评级。",0.051481247
2023-08-23,90,天健集团,各业务板块稳步发展，营收逆势提升,"业绩总结：2023H1公司实现营业收入128.0亿元，同比增长54.7%；实现归母净利润9.3亿元，同比降低27.0%。
城建业务平稳发展，创新创优持续推进。2023H1公司城市建设板块实现营收62.2亿元，同比增长34.8%。公司新承接PPP、EPC、代建、总承包等各类工程项目，H1新开工项目105个，合同金额达88.1亿元；期末在建项目271项，合同造价632.4亿元，同比增加27.2%。同时公司积极推进各项科研创新与工程创优工作，报告期内取得省部级工法2项、市级工法2项，专利28项；并获得省级工程优质结构奖1项、市级优质工程奖7项以及10项省、市安全生产与文明施工优良工地。",0.029763103
2023-11-20,90,天健集团,公司信息更新报告：营收规模稳健增长，多业务板块协同发展,"营收规模稳健增长，多业务板块协同发展，维持“买入”评级
天健集团发布2023年三季度报告，公司前三季度业绩整体表现良好，营收及经营性现金流同比增长，归母净利润受结转项目利润水平下降同比有所降低。公司致力于打造城市综合运营商，多元业务协同发展，物业销售情况保持韧性，未售资源充裕。城市建设及服务业务稳中有进，依托公司全产业链优势及科技创新赋能，探索成为未来业绩增长点。我们维持盈利预测不变，预计公司2023-2025年归母净利润为20.65、22.78、24.59亿元，EPS分别为1.11、1.22、1.32元，当前股价对应PE为4.8、4.3、4.0倍，维持“买入”评级。",0.07581085
2024-08-27,90,天健集团,公司信息更新报告：营收利润同比下降，服务创新探索新的增长点,"营收利润同比下降，服务创新探索新的增长点，维持“买入”评级
天健集团发布2024年半年度报告，2024上半年公司实现营业收入58.69亿元，同比下降54.1%；实现归母净利润2.47亿元，同比下降73.6%；基本每股收益0.12元。其中城市建设业务实现营业收入45.24亿元，同比下降27.32%；结算毛利率5.64%，同比下降1.87个百分点。截至2024上半年末，公司在建项目263项，剩余合同金额258.49亿元。受项目结转进度影响，我们下调公司2024-2025年并新增2026年盈利预测，预计公司2024-2026年归母净利润为8.32、11.56、15.06亿元（2024-2025年原值22.78、24.59亿元），对应EPS为0.45、0.62、0.81元，当前股价对应PE为7.7、5.5、4.2倍，我们看好公司服务创新探索新的增长点，维持“买入”评级。",1.2176092
2025-08-27,90,天健集团,公司信息更新报告：营业收入同比增长，毛利率下行影响利润,"营业收入同比增长，毛利率下行影响利润，维持“买入”评级
天健集团发布2025年半年度报告，公司实现营业收入同比增长，受毛利率下行影响归母净利润大幅下降，公司整体业务运行稳健，城市服务业务进展顺利。受项目结转进度影响，我们下调公司2025-2026年并新增2027年盈利预测，预计公司2025-2027年归母净利润为1.6、8.3、10.1亿元（2025-2026年原值11.6、15.1亿元），对应EPS为0.08、0.44、0.54元，当前股价对应PE为44.0、8.3、6.8倍，我们看好公司服务创新探索新的增长点，维持“买入”评级。",0.87449694
2025-08-27,99,中信海直,2025年半年报点评：通航主业稳健增长，低空经济布局打开新局面,2025年8月25日公司发布2025年半年报：2025H1公司实现营业收入10.38亿元，同比+7.9%；实现归母净利1.53亿元，同比增长15.9%；扣非归母净利为1.54亿元，同比增长16.3%；毛利率23.3%，同比+2.9pcts。2Q25公司营业收入5.42亿元，同比+7.5%，归母净利0.62亿元，同比+27.3%，扣非归母净利0.62亿元，同比27.8%。,0.063824415
2026-01-29,99,中信海直,国内通用航空运输领导者，增量探索低空经济运营服务,公司作为国内通用航空运输龙头，有望受益于全球油气勘探开发投资回暖及国内低空经济政策的双重驱动。财务层面，伴随运营效率提升及机队结构优化，公司盈利能力有望进一步改善。主营业务方面，其传统优势的海上石油直升机服务预计将保持稳健增长，为业绩提供坚实基础；同时，公司逐步探索低空经济相关业务，或将为公司未来发展打开增量成长空间。首次覆盖，给予公司增持评级。,0.84333146
2020-04-02,100,TCL科技,聚焦半导体显示，蓄势下一轮行业成长,"近日，公司发布2019年年报：报告期内实现营收749.33亿元，同比下滑33.90%；实现归属于上市公司股东的净利润26.18亿元，同比下滑24.52%。TCL科技备考口径完成营收572.7亿元，同比增长18.7%；归属于上市公司股东净利润26.2亿元，同比下降17.0%。
支撑评级的要点",0.3103025
2020-10-29,100,TCL科技,面板量价齐升，三季度业绩改善明显,"2020年10月28日晚，公司发布2020年三季报，业绩表现远超预期。2020年前三季度，公司实现净利润20.25亿元，同比下降21.42%。剔除一次性重组收益后，归属上市公司股东净利润同比增长28.9%。其中三季度净利润8.17亿元，同比增长68.48%，扣非后三季度业绩同比增168.13%。
资产重组效果显著，营业收入增长迅速",0.021942317
2020-10-29,100,TCL科技,三季度超悲观预期，内生外延共助业绩成长,事件：2020年10月28日，TCL科技发布三季报，2020年前三季度，公司实现实现营收487.1亿元，同比增长18.4%（重组后同口径）；归母净利润17.9亿元，同比增长28.9%（剔除资产重组收益后同口径）。Q3单季度，公司实现营收193.8亿元，同比增长28.9%，环比增长24.2%；归母净利8.2亿元，同比增长68.5%，环比增长2.1%；扣非净利6.8亿元，同比增长168.1%，环比增长232.2%。,0.12557507
2020-10-30,100,TCL科技,Q3受益面板涨价业绩改善明显，行业格局向好,业绩总结： 公司披露 2020 年三季报业绩， 以重组后同口径计算公司 2020 前三季度营收 487.1 亿元，同比增长 18.4%； 剔除资产重组收益后同口径归母净利润 17.9 亿元，同比增长 28.9%；其中 Q3 单季营收 193.8 亿元，同比增长 28.9%，环比增长 24.2%，归母净利润 8.2 亿元，同比增长 68.5%，环比增长 2.1%，扣非归母净利润 6.8 亿元，同比增长 168.1%，环比增长 232.2%。,0.0539608
2020-11-02,100,TCL科技,TCL科技三季报点评：Q3营收净利大幅增长，面板龙头快速扩张,"Q3营收净利同口径下实现较快增长
公司前三季营收为487亿元，同口径下同比增18.4%；归母净利20.3亿元，扣除2.3亿资产重组受益后，同口径下归母净利同比增28.9%。口径的变化，源自2019H1的重大资产重组。Q3单季营收194亿元，同比增29.1%，环比增24.2%；扣非归母净利6.8亿元，同比增长168.1%。前三季度毛利率为10.68%，同比减少2.24pct；Q3单季毛利率为13.47%，同比增加5.65pct。",0.02078408
2020-11-02,100,TCL科技,Q3业绩环比改善，行业地位进一步夯实,[Table_Summary]一、事件概述10 月 28 日，公司发布 2020 年三季报：前三季度营收 487 亿元，同比-17%，归母净利润 20 亿元，同比-21%，扣非后归母净利润 8.6 亿元，同比+71%。Q3 营收 194 亿元，同比+29%，环比+24%，归母净利润 8.2 亿元，同比+68%，环比+2%，扣非后归母净利润6.8 亿元，同比+168%。 、 二、分析与判断? Q3 业绩高增长，毛利率同比改善1、 20Q3 毛利率 13.47%，同比+5.65pct，净利率 5.12%，同比+0.13pct， 销售/管理/财务分别为 1.15%/7.02%/2.77%，同比分别-0.17/+0.27/+0.89/+0.9pct，其中研发费用 9.18 亿元，同比增长 27%。Q3 业绩增长受益于：（1）大尺寸面板价格上涨+降本增效带来盈利能力上升；（2）新产能爬坡顺利，供应链环比改善，海外需求复苏，收入规模扩大。Q3资产减值损失 3.79 亿元（Q2 为 0.96 亿元）， Q3 单季 TCL 华星的折旧费用环比增加 5.73亿元，若剔除该影响，实际业绩更佳。? 受益面板涨价，TCL 华星 Q3 业绩环比大幅改善 1、Q3 面板供需格局改善+新产线产能顺利满产，第三季度 TCL 华星净利润 7 亿元，同比增长 152%，环比增加 6.59 亿,0.06237769
2020-12-14,100,TCL科技,外延并购与内生增长并进，公司步入收获期,TCL科技：发力面板核心业务，业绩释放进行时。公司是全球半导体显示龙头企业之一。近年来，公司不断进行架构调整：2019年剥离终端业务，明确以半导体显示为核心业务；2020年收购苏州三星进一步扩张面板产能；同期，公司积极布局未来发展新引擎，通过摘牌收购中环集团，进军硅片领域。至此，公司形成以半导体显示、半导体及半导体光伏、产业金融与资本三大业务板块为基础的主体架构。其中以TCL华星为代表的半导体显示业务为公司核心业务。随着产能的持续扩张，TCL华星营收持续增长。2020年前三季度，TCL华星实现营收323.8亿元，同比增长31.9%。此外，伴随面板价格回升，TCL华星已于3Q20进入业绩释放期，单三季度净利润6.99亿元，环比增长6.58亿元。由于涨价在三季度中逐月实现，华星主要利润仅来自9月份单月，因此公司盈利能力还未充分体现在利润当中，预计公司业绩将于四季度开始充分释放。,0.08028692
2021-01-12,100,TCL科技,四季度业绩亮眼，面板高景气持续,"一、事件概述
2021/1/11 公司公告，预计 2020 年全年归母净利润 42-44.6 亿元，同比增长 60%-70%。",0.06417239
2021-01-12,100,TCL科技,Q4业绩超市场预期，内生外延助龙头腾飞,"事件：2021年1月11日晚，TCL科技发布2020年年度业绩预告，预计2020年全年实现归母净利42-44.6亿元，同比增长60%-70%；对应单四季度归母净利润21.75-24.35亿元，环比增长13.58-16.18亿元。
TCL华星方面，2020年全年营收超458.86亿元，同比增长超35%；净利润超23.15亿元，同比增长超140%。其中，单四季度营收超135.11亿元，同比增长超43.23%；净利润超17.49亿元，环比增长超10.5亿元；华星单四季度净利率达到约13%。",0.049295545
2021-01-14,100,TCL科技,Q4业绩超预期，2021更可期,"2021年1月11日晚，公司发布2020年业绩预告，业绩表现远超预期。公司预计2020年实现归母净利润42.0-44.6亿元，同比增长60%-70%；单四季度归母净利润21.75-24.35亿元，环比增长13.58-16.18亿元。
面板均价提升助力Q4净利润超预期",0.059891343
2021-01-15,100,TCL科技,TCL科技点评报告：Q4超预期带来爆发起点，景气依旧2021高增长可期,"公司发布2020年年度业绩预告，预计2020年实现归母净利润42.0-44.6亿元，同比增长60%-70%；对应Q4归母净利润21.8-24.4亿元，环比增长166%-198%。
行业供需关系大幅改善，面板涨价带来面板业务业绩爆发",0.025706291
2021-03-11,100,TCL科技,全年业绩亮眼，面板高景气持续,"一、事件概述
3月10日，公司发布2020年度报告：2020年实现重组后同口径营业收入766.8亿元，同比增长33.9%；重组后同口径归母净利润43.9亿元，同比增长67.6%。",0.040667355
2021-03-12,100,TCL科技,公司信息更新报告：供给紧张持续，面板龙头有望延续业绩高增长,"2020年业绩符合预期，原材料供给紧张限制面板产能，维持“买入”评级。
2020年，以重组后口径计算，公司实现营收767亿元，同比增长33.9%，归母净利润43.9亿元，同比增长67.6%。其中，四季度归母净利润23.6亿元，环比+189.2%。2020年业绩处于预告区间中值偏上。基于1、2月面板价格上涨超预期，以及上游原材料供给紧张带来的面板供给受限，我们上调2021-2023年归母净利润至102.21/113.39/126.74亿元（前值31.94/62.46/88.75亿元），EPS为0.73/0.81/0.90元（前值0.24/0.46/0.66元），当前股价对应PE为12.4、11.2、10.0倍，维持“买入”评级。",0.16065127
2021-03-12,100,TCL科技,业绩高增蓄势2021，加码半导体助产业协同,事件：2021 年 3 月 10 日晚，TCL 科技发布 2020 年年度报告，按 2019 年重组后同口径下，公司全年实现营收 768.3 亿元，同比增长 33.9%，实现归母净利 43.9 亿元，同比增长 67.6%。其中， Q4 单季营收 280.0 亿元，环比增长 73.1%，归母净利 23.6 亿元，环比增长 15.46 亿元。TCL 华星方面，20 年全年营收 467.7 亿元，同比增长 37.6%；净利润 24.2亿元，同比增长 151.1%。其中， Q4 单季营收 143.9 亿元，环比增长 1 1.8%，净利润 18.6 亿元，环比增长超 10.5 亿元；华星单四季度净利率达到约 13%。,0.35558462
2021-03-15,100,TCL科技,TCL科技年报点评：面板行业周期向上，战略布局半导体及光伏新赛道,"公司发布 2020 年年度报告， 按重组后同口径， 2020 年公司实现营业收入 766.8亿（同比+33.9%），归母净利润 43.9 亿（同比+67.6%） ，其中第四季度单季归母净利润 23.63 亿（同比+5743.90%）；资产负债率 65.1%，经营性净现金流入 167 亿。
面板供需偏紧，行业周期向上，景气度持续提升",0.24405396
2021-03-15,100,TCL科技,面板行业高景气，公司迎来周期拐点,"公司发布2020年年报：公司实现营业收入766.8亿，同比增长33.9%；实现净利润50.7亿，同比增长42.1%；实现归属于母公司净利润43.9亿，同比增长67.6%。
显示业务历史底部迎来周期拐点。TCL华星实现营业收入467.7亿元，同比增长37.6%，实现净利润24.2亿元，同比增长151.1%。受惠于远程办公、远程教学兴起，大屏化趋势及体育赛事的拉动，下游面板需求持续上升，但芯片和玻璃供应短缺及新产能开工延误，使得LCD面板供应持续偏紧，考虑到韩厂战略性退出，预计2021年面板价格将维持上行趋势，并带动公司业绩继续上涨。",0.031727433
2021-04-12,100,TCL科技,募投8.6代新型面板产线，加速中尺寸战略布局,"一、事件概述
4月9日，公司发布公告拟定增募集不超过120亿元，其中90亿投向广州华星第8.6代氧化物半导体新型显示器件生产线项目（t9项目），30亿用于补充流动资金。",0.14117295
2021-04-12,100,TCL科技,公司点评报告：定增新建IT产线，点燃未来发展新引擎,"报告要点：
完成LCD业务领域最后一块拼图",0.75671107
2021-04-12,100,TCL科技,定增加码IT产线，开拓高端市场,"事件： 4 月 9 日晚， TCL 科技发布公告称， 公司拟非公开发行不超过 140.31亿股， 募资不超过 120 亿元， 用于投资第 8.6 代氧化物半导体新型显示器件生产线项目及补充流动资金。
点评：",0.9549177
2021-04-14,100,TCL科技,面板业绩保持高增，多点开花接力成长,"事件：4月12日晚，TCL科技发布2021年一季度业绩预告，公司预计实现净利润30.5-34.2亿元，同比增长10.3-11.6倍；实现归母净利润23.2-25.5亿元，同比增长470%-520%。
点评：",0.06352705
2021-04-14,100,TCL科技,盈利持续提升，收购整合稳步推进,"事件：公司发布21年一季报预告，2021Q1预计实现归母净利润23.2~25.5亿元，同比增长470%~520%。
面板价格持续上涨，行业高景气度仍将持续。2021Q1以来面板价格仍维持上涨趋势，当前预期面板价格上涨或将持续到2020Q3，其中TCL华星净利润同比增长15倍，环比提升近30%。大尺寸领域，t1、t2、t6产线满销满产，t7按计划爬坡，出货面积同比增长15%，主要尺寸产品价格持续上涨，大尺寸业务净利润较2020年第四季度环比增长超50%。小尺寸领域，t3产线满销满产，t4柔性AMOLED产线按计划扩产。",0.026479065
2021-04-14,100,TCL科技,公司点评报告：LCD行业高景气度，面板龙头迎业绩腾飞,"公司4月12日晚发布2021年一季度业绩预告，报告期内预计实现净利润30.5亿元-34.2亿元，同比上升10.3倍-11.6倍；实现归母净利润23.2亿元-25.5亿元，同比上升470%-520%。
报告要点：",0.093382895
2021-04-26,100,TCL科技,Q1业绩大增，收购整合顺利推进,"近期，公司发布2021一季度业绩预告，预计一季度净利润区间为30.5-34.2亿元，同比上升10.30倍-11.60倍，归母净利润区间为23.2-25.5亿元，同比上升470%-520%。
支撑评级的要点",0.07414323
2021-04-28,100,TCL科技,公司点评报告：行业周期性减弱，龙头估值有望,"公司4月28日发布2021年一季度业绩报告，报告期内实现营业收入321.44亿元，同比增长133.91%；实现归母净利润24.04亿元，同比增长488.97%。
报告要点：",1.0044999
2021-04-28,100,TCL科技,Q1业绩符合预期，两大产业表现亮眼,"事件：4月28日，TCL科技发布2021年一季报，公司实现营收321.44亿元，同比增长133.91%；实现归母净利润24.04亿元，同比增长488.97%；实现扣非净利21.23亿元，同比大幅扭亏。
点评：",0.5611708
2021-04-30,100,TCL科技,公司信息更新报告：涨价提升华星利润弹性，投资T9加速布局IT市场,"2021Q1 年业绩符合预期，维持“买入”评级。
2020Q1， 公司实现营收 321.44 亿元， 同比+133.9%， 环比 14.9%(备考口径收入同比增长 76%； 归母净利润 24.04 亿元， 同比+489.0%，环比基本持平；扣非净利润 21.23 亿元，同比+2023.1%，环比+2.4%。 业绩位于业绩预告中值附近，符合预期。 基于 4、 5 月 TV 面板价格上涨超预期， 以及上游原材料供给紧张带 来 的 面 板 供 给 受 限 ， 我 们 上 调 2021-2023 年 归 母 净 利 润 至127.32/131.87/146.28 亿 元 （ 前 值 102.21/113.39/126.74 亿 元 ）， EPS 为0.91/0.94/1.04 元（前值 0.73/0.81/0.90 元）， 当前股价对应 PE 为 9.9/9.6/8.6 倍，维持“买入”评级。",0.27689672
2021-05-10,100,TCL科技,企业研究：TCL科技联手中环股份能否在光伏领域携手共进,"开拓还是融合，TCL光伏领域业务布局深度洞察
2020年7月，TCL科技确定摘牌收购中环集团100%股权，成为中环股份间接控股股东，正式入局新能源光伏领域。而早在2018年起，集团就开始了针对现有业务的重大资产重组，通过剥离终端业务及配套业务，聚焦于产业链中上游的半导体显示及材料业务，并在完成业务重整后正式由TCL集团更名为TCL科技，重新出发。自此，TCL科技业务范围较重组前发生了重大变化，现有业务涵盖半导体显示、半导体光伏及半导体材料、产业金融及投资三大板块。",0.13765848
2021-07-13,100,TCL科技,公司研究报告：深化布局+周期减弱，面板龙头迈入收获期,"报告要点：
横向纵向发展，完善产业链布局",0.17418712
2021-07-15,100,TCL科技,上半年业绩亮眼，t9项目进入投建阶段,"一、事件概述
7月14日，公司发布2021年中报业绩预告，预计21H1实现营收730-750亿元，同比+149%-156%；实现归母净利润65-69亿元，同比+438%-471%。按中值测算，预计21Q2实现营收418亿元，同比+168%，环比+30%；实现归母净利润43亿元，同比+437%，环比+79%。",0.8395656
2021-07-15,100,TCL科技,业绩超预期，双轮驱动未来成长,"事件：7月14日，TCL科技发布2021年半年度业绩预告，公司预计实现营收730-750亿元，同比增长149%-156%；实现归母净利65-69亿元，同比增438%-471%。
点评：",0.04617697
2021-07-16,100,TCL科技,公司点评报告：新线并表量价齐升，公司业绩大幅增长,"公司发布2021上半年业绩预告，报告期内预计实现净利润91-95亿元，同比上升751%-789%；实现归母净利润65-69亿元，同比上升438%-471%。
报告要点：",0.09674406
2021-08-10,100,TCL科技,公司信息更新报告：双主业驱动 2021Q2业绩高增长,"2021Q2业绩符合预期，维持“买入”评级
2021Q2，公司实现营收421.6亿元，同比+170.4%，环比31.1%；归母净利润43.8亿元，同比+447.6%，环比+82.2%；扣非净利润33.75亿元，同比+1056.8%，环比+59.0%。二季度业绩位于业绩预告中值偏上，符合预期，我们维持之前盈利预测，预计2021-2023年归母净利润至127.32/131.87/146.28亿元，EPS为0.91/0.94/1.04元，当前股价对应PE为8.6/8.3/7.5倍，维持“买入”评级。",0.2163037
2021-08-10,100,TCL科技,利润率创新高，双引擎接力成长,"事件：8月9日，TCL科技发布2021年半年度业绩，公司上半年实现营收742.99亿元，同比增长153.29%；实现归母净利67.84亿元，同比增长461.55%。
点评：",0.07525045
2021-08-12,100,TCL科技,业绩亮眼，两大核心产业协同发展,"业绩总结：2021H1，公司实现营业收入743.0亿元，同比增长153.3%；实现归母净利润67.8亿元，同比增长461.5%。
两大核心产业齐头并进，业绩表现亮眼。2021H1：1）从营收端来看，公司半导体显示产业供需关系改善，行业集中度提升，作为该行业头部企业，公司该业务营收实现同比增长108.9%；2020年开展半导体及半导体光伏业务，占21年上半年营收比重为23.8%；电子产品分销业务营收实现同比增长58.3%。2）从利润端来看，2021年公司归母净利润同比增长461.5%，公司毛利率为22.0%，较去年同期下降0.7pp，主要系业务规模增长及并购中环电子、茂佳及苏州华星所致；净利率为12.5%，较去年同期增长8.9pp。3）从费用端来看，公司销售费用率为1.2%，同比上升0.1pp；管理费用率为2.7%，同比上升0.1pp；研发费用率为4.6%，同比下降1.8pp。",0.07289922
2021-10-28,100,TCL科技,收入新高、利润承压，长期成长动力仍足,"事件：10月26日，TCL科技发布2021年三季报，公司前三季度实现营收1210.42亿元，同比增长147.87%；实现归母净利91.02亿元，同比增长349.44%。
点评：",0.095143974
2022-01-29,100,TCL科技,大尺寸面板龙头，步入两大业务驱动新阶段,事件：公司发布2021年度业绩预告，预计营业收入为1616.0-1650.0亿元，比上年同期增长111.0%-115.0%；净利润为150.0-153.5亿元，比上年同期增长196.0%-203.0%；归属于上市公司股东的净利润为100.0-103.0亿元，比上年同期增长128.0%-135.0%；扣除非经常性损益的净利润为93.5-95.5亿元，比上年同期增长219.0%-226.0%。公司业绩同比高速增长，符合预期。,0.7705758
2022-05-06,100,TCL科技,21年营收、利润高增收官，TCL中环、中尺寸面板接力成长,"事件：2022年4月28日，公司发布2021年报和2022年一季报。2021年公司实现营收1636.91亿元，同比增长113.05%，实现归母净利润100.57亿元，同比增长129.20%。2022年一季度，公司实现营收405.98亿元，同比增长26.18%，实现归母净利润13.53亿元，同比下降43.73%。
2021年半导体显示、新能源光伏及半导体材料双轮驱动，营收、利润高增收官。2021年分产品看，半导体显示业务实现营收881.0亿元，同比增长88.39%，毛利率为24.62%，新能源光伏及半导体材料业务实现营收411.0亿元，同比增长623.30%，毛利率为21.69%。半导体显示业务的快速增长主要受益于行业高景气度、公司产能规模增长及结构不断优化。新能源光伏业务则受益于新能源光伏行业发展机遇，8-12英寸抛光片、外延片出货量加速攀升。",0.22018474
2023-04-12,100,TCL科技,2022年净利润承压，2023年LCD面板有望迎来温和复苏,"2022 年营收同比增长 1.8%， 归母净利润同比下降 97.4%。 公司 2022 年营收1666.32 亿元(YoY +1.8%)， 归母净利润 2.61 亿元(YoY -97.4%)， 毛利率8.8%(YoY -11.1pct)； 其中 4Q22 营收 400.56 亿元(YoY -6.1%)， 归母净利润-0.19 亿元(YoY -102.0%)， 毛利率 7.7%(YoY -8.7pct, QoQ -0.8pct)。22 年净利润大幅下滑主要系面板行业处于景气度下行周期所致， 22 年末32/43/55/65英寸LCD电视面板价格分别较21年末下降了29%/33%/29%/44%，LCD 面板价格大幅下跌导致公司 22 年营收及毛利率同比大幅下滑。",1.2208989
2023-05-17,100,TCL科技,显示见底修复业绩，光伏高景气贡献利润,业绩总结：公司发布2022年年度报告与2023年一季度报告：2022年，公司实现营业收入1666.3亿元，同比+1.7%；归母净利润2.6亿元，同比-97.4%；扣非归母净利润-94.4亿元，同比-128.6%。2023Q1单季度，公司实现营业收入394.7亿元，同比-2.8%，环比-1.5%；归母净利润-5.5亿元，同比-140.6%，环比-2789.5%；扣非归母净利润-7.3亿元，同比-219.3%，环比+10.1%。,0.39762324
2023-09-22,100,TCL科技,大尺寸面板价格稳定上涨，半导体显示业务2Q23环比减亏,2Q23营收及归母净利润环比增长。1H23公司营收851.49亿元（YoY0.74%），归母净利润3.40亿元（YoY-48.68%）。其中2Q23营收457.24亿元（YoY4.01%，QoQ15.86%），归母净利润8.89亿元，同环比扭亏为盈。受益于供给侧格局向好，主流产品价格稳步上涨，公司半导体显示业务营收及利润显著改善；新能源光伏和半导体材料业务营收及利润高速增长。,0.19373024
2024-02-26,100,TCL科技,2023年净利润同比大幅改善，半导体显示业务有望进入稳定盈利阶段,2023年公司归母净利润预计同比增长704%-857%。公司发布2023年业绩预告，2023年营收预计同比增长4%-6%至1735.5-1773.5亿元，归母净利润预计同比增长704%-857%至21-25亿元。扣非后归母净利润预计同比增长133%-148%至9-13亿元。公司净利润同比大幅增长主要得益于半导体显示业务的主要产品LCD TV面板价格在3-4Q23保持在较高水平。,0.031615734
2024-03-04,100,TCL科技,显示业务盈利修复，光伏业务静待触底,事件：2月27日公司发布《关于推动“质量回报双提升”行动方案的公告》，制定了“质量回报双提升”行动方案，具体举措包含：1）坚持战略定力，聚焦资源于高端科技制造业发展；2）以技术创新为核心驱动，实现从追赶、超越到领先的跨越式发展；3）以精益管理和智能制造提升企业效率效益，打造行业相对竞争优势；4）重视投资者回报，实施稳健分红政策；维护广大投资者利益，积极回购股票；5）进一步扎实信息披露工作，多渠道加强与投资者沟通交流。该行动方案有望将在增强聚焦主业意识、提高创新发展能力、提升信息披露质量和强化规范运作水平等方向上推动提升上市公司质量。,1.0026803
2024-04-30,100,TCL科技,2023年年报&2024年一季报点评：显示业务进入盈利新阶段，光伏业务静待修复,事件：TCL科技4月29日晚发布2023年年报和2024年一季报，2023年，公司实现营收1743.67亿元（YoY+4.69%），归母净利润22.15亿元（YoY+747.6%），扣非归母净利润10.21亿元（同比扭亏）。对应4Q23单季度，公司实现收入412.8亿元（YoY+3.05%，QoQ-13.96%），归母净利润6.04亿元（同比扭亏，QoQ-52.51%），扣非归母净利润5.14亿元（同比扭亏，QoQ-53.63%）。2024年Q1，公司实现收入399.46亿元（YoY+1.22%，QoQ-3.23%），归母净利润2.4亿元（同比扭亏，QoQ-60.24%），扣非归母净利润0.71亿元（同比扭亏，QoQ-86.23%）。,0.5229322
2024-05-31,100,TCL科技,大尺寸供给格局改善，中小尺寸稳步布局,"事件
4月30日，公司发布2024年一季报，2024年Q1实现营业收入399.08亿元，同比+1.18%，环比-3.27%；实现归母净利润2.40亿元同比增长7.89亿元；实现扣非归母净利润0.71亿元，同比增长8.01亿元，环比-86.23%；销售毛利率11.53%，同比+1.17pcts，环比+11.47pcts。",0.47316694
2024-07-09,100,TCL科技,显示面板周期上行，光伏业务静待回暖,TCL科技：面板行业双领军之一，半导体显示盈利拐点在望：23年及24Q1公司盈利能力大幅提升，盈利拐点已现。2023年公司营收1744.5亿元，同比增长4.7%，24Q1公司营收399.5亿元，同比增长1.2%。在盈利能力方面，公司23年归母净利润22.1亿元，同比增长747.6%，24Q1归母净利润2.4亿元，同比大幅增长143.7%。23年半导体显示业务实现营业收入836.55亿元，同比增长27.26%；全年净利润-0.07亿元，同比减亏76.18亿元，其中23H2实现盈利34.41亿元；全年实现经营性净现金流201.20亿元。,1.0638621
2024-08-30,100,TCL科技,2024年半年报点评：显示业务盈利大幅提升，光伏业务静待修复,"事件：TCL科技8月26日晚发布2024年半年报，2024年上半年TCL科技实现营业收入802.24亿元，归母净利润9.95亿元，同比增长192.28%。对应2Q24，公司实现营业收入403.57亿元（YoY-11.74%，QOQ+1.03%），归母净利润7.55亿元（YOY-15.09%，QoQ+214.72%）。
半导体显示业务盈利大幅提升，拟收购LG广州产线增强行业竞争力。2024",0.024722874
2024-09-02,100,TCL科技,2024年中报点评：面板业务盈利大幅改善，光伏业务静待修复,"面板行业供需关系改善，2024年中报归母净利润同比增长192%：2024年上半年，面板行业供需改善，主要产品价格稳步提高，公司积极优化商业策略和业务结构，盈利能力显著改善。2024年上半年，TCL科技实现营业收入802.2亿元，归母净利润9.95亿元，同比增长192.3%，经营现金流净额126.3亿元，符合市场预期。
Q2价格上涨推动面板业务净利润大幅提升，长期供给格局进一步集中：2024年上半年，公司半导体显示业务实现营业收入498.8亿元，同比增长40.4%，净利润27.0亿元，同比改善61.5亿元，其中第二季度实现盈利21.6亿元，环比增长300.2%。1）大尺寸领域：受体育赛事备货需求和高涨价预期的影响，终端客户订单提前释放，大尺寸LCD产线二季度价格环比提升。公司持续发挥G8.5和G11制造效率和制程优势，24H1公司电视面板业务平均尺寸较去年同期增长1.2寸，持续保持在大尺寸领域份额优势。2）中尺寸领域：公司加快与IT及车载等新业务客户的深度合作，t9产线按计划进行产品开发和品牌客户导入，IGZO氧化物产品实现量产出货，6代LTPS产线加快产品结构升级，产品组合更加丰富。3）小尺寸领域：24H1公司LTPS手机面板出货量全球第二，柔性OLED手机面板出货量达到3900万片，同比增长180%，市占率提升至全球第三，折叠屏出货量第四。此外，公司参",0.13558549
2024-11-17,100,TCL科技,供需改善+份额提升，进入业绩收获期,"主要观点：
聚焦半导体显示主业，布局半导体光伏&材料开辟第二增长曲线",0.8377348
2025-05-01,100,TCL科技,面板盈利持续改善，期待光伏业务回暖,"主要观点：
事件",1.0401301
2025-08-30,100,TCL科技,2025年半年报点评：半导体显示业务地位稳固，积极布局新兴产业,"事件：8月29日，TCL科技发布2025年半年度报告。公司25H1实现收入856.62亿元，同比增长6.67%；实现归母净利润18.83亿元，同比增长89.26%；实现扣非归母净利润15.59亿元，同比增长178.96%。
其中，公司2Q25单季度实现收入455.42亿元，同比增长12.85%，环比增长13.52%；归母净利润8.71亿元，同比增长15.32%，环比下降13.99%；扣非归母净利润6.01亿元，同比增长23.16%，环比下降37.24%。",0.06602973
2025-09-01,100,TCL科技,聚焦三大核心业务，强化经营韧性,"主要观点：
事件",0.7975479
2025-10-31,100,TCL科技,核心业务多点突破，新兴领域全面开花,"主要观点：
事件",1.0514271
2026-02-04,100,TCL科技,领先科技，和合共生,盈利增速彰显强劲增长动能。2025年前三季度，公司实现营业收入1360.65亿元，同比增加10.50%；实现归母净利润30.47亿元，同比增加99.75%；实现扣非归母净利润24.29亿元，同比增加233.33%。2025年三季度单季，公司实现营业收入504.03亿元，同比增加17.69%；实现归母净利润11.63亿元，同比增加119.44%；扣非后归属母公司股东的净利润为8.70亿元，同比增加412.11%。,0.9824678
2020-11-16,155,川能动力,业务整合稳步推进，未来发展可期,"事件：公司公告1）拟出资9.27亿元收购川能锂能基金持有的能投锂业62.75%股权；2）暂缓收购鼎盛锂业51%股权；3）投资设立控股子公司，向新设公司转让所持四川省能投风电开发有限公司70%股权。
受让大股东优质资产，坐拥优质锂矿稀缺资源。川能锂能基金系公司控股股东四川省能源投资集团控制的合伙企业，主要从事锂电产业上游锂矿资源、基础锂盐产品、金属锂等产品的开发、生产和销售。截至5月31日，能投锂业经审计的总资产为5.4亿元，负债1500.2万元，净资产合计5.2亿元。1-5月能投锂业实现营业收入288.9万元，净利润亏损187.6万元。其坐拥李家沟矿区现已经勘探查明矿石储量为4036万吨，氧化锂（Li2O）储量51万吨，平均品位1.30%，属于我国少有的储量巨大、品位优良、矿石加工选冶性能良好，资源综合利用价值高的稀有金属锂矿，在建的李家沟锂辉石矿105万吨/年采选项目，是目前国内投资最大的锂矿采选项目，规划日处理4200吨原矿，年处理原矿105万吨，年生产精矿18万吨。本次受让是落实锂电产业布局的具体举措，目前项目正在建设过程中，在新能源汽车行业高速发展下，公司培育发展锂电产业链有望助力公司二次飞跃。",0.28523344
2021-07-13,155,川能动力,首次覆盖报告：风光发电筑底，“锂电+固废”赋能新机遇,稳步推进新能源发电业务，项目储备丰富。公司原名为川化股份，于2000年9月在深圳证券交易所上市，原是一个以生产化肥和化工原料为主的综合性特大型化工企业。因受到国内化肥行业供给侧改革以及国家产业政策调整，公司2017年进行资产重组，引入四川能投集团作为控股股东，并且以现金方式购买了能投集团持有的能投风电55%股权，由此公司主营业务增加了风力发电和光伏发电。截止2020年年底，实现投产的总装机容量为76.923万千瓦前（其中凤电装机容量74.7万千瓦），公司已投产电站项目均享受可再生能源补贴。目前，公司在建风电项目2个，总装机容量17.5万千瓦。根据公司公告，除已投产和在建项目外，公司在四川省还有约100万千瓦优质风电资源待开发建设，电力业务业绩具备持续增长的动力。,0.8997753
2021-09-01,155,川能动力,2021年半年报点评：风光发电贡献稳定增长，能投锂业并表，锂矿建设持续推进,"事件
公司公布2021年半年度报告，公司上半年实现营业收入约20.44亿元，同比增长107.15%；归属于上市公司股东的净利润约2.25亿元，同比增长19.78%；归属于上市公司股东的扣除非经常性损益的净利润约2.17亿元，同比增长23.41%；基本每股收益0.18元/股。",0.040081143
2022-06-17,155,川能动力,新能源发电业务筑底，锂电赋能新机遇,"做大做强新能源发电主业，能源产业多领域拓展
公司致力于做大做强新能源发电业务，为公司提供稳定现金流。公司新能源发电业务涉及风力发电、光伏发电和垃圾焚烧发电，业务向能源产业多领域拓展。公司风电场所在四川省属于风能资源的四类区，大规模多能互补是四川能源体系的主要发展方向。在风光大基地规模超预期推进，分布式光伏发电需求爆发的背景下，行业装机需求有望继续维持高增长。公司风力发电项目储备丰富，公司电力业务业绩具备持续增长的动力。除已投产和在建项目外，公司在四川省还有约100万千瓦优质风电资源待开发建设，项目开发有序推进，发展潜力较大。2021年，公司完成对川能环保51%股权收购，公司主营业务增加垃圾处置、环卫清运以及环保设备销售等业务。其中，川能环保的垃圾焚烧发电项目所带来的电力销售收益正式并入新能源发电业务收入中，为公司新能源发电业务提供新的收入来源。未来四川省垃圾焚烧发电行业存在较大增长空间，垃圾焚烧发电项目有望继续为公司新能源发电业务提供利润增量。",0.7134969
2022-07-13,155,川能动力,风光发电效率突出，锂电布局再造增长,推荐逻辑：1）]唯一国资背景锂矿上市公司，全面布局锂电产业链，李家沟项目锂精矿年产量高达 18万吨，预计 22年投产并大幅增厚公司利润；2）实现绿电及环卫业务转型，21 年风光装机 944MW，利用小时数 2984h，远超全国平均水平；3）随着业务结构调整，盈利能力持续提升，17-21 年公司净利率由 5.9%增至 15.2%。同时公司 22Q1 资产负债率 56.6%，在行业中处于较低水平。,0.040998697
2022-08-22,155,川能动力,绿电主业稳步增长，锂电全链有序推进,"业绩总结：2022年上半年，公司实现营业收入14.6亿元，同比下降56.1%；归母净利润3.3亿元，同比上涨12.4%；扣非归母净利润2.6亿元，同比下降8.8%。公司营收下降，主要由于主动停止占比高但盈利能力差的新能源综合服务业务，加速优化业务结构，由于鼎盛锂业并表，利润得到提升。
鼎盛锂业资产并表助推业绩增长，加大研发投入公司布局长远。22年上半年公司锂电业务销售收入2.4亿元，同比增长5.3%。鼎盛锂业于2022年6月29日完成股权交割，将纳入公司合并报表范围，由鼎盛锂业开展的锂盐业务上半年共生产锂盐产品3348吨，同比增长59.4%。鼎盛锂业并表将助力公司完善锂电池上游配套产业，提升持续经营能力。同时，公司上半年研发投入5.4亿元，同比增长170.4%，主要用于碳酸锂、氢氧化锂产品产销。",0.050734997
2022-08-30,155,川能动力,发电+锂电双轮驱动，李家沟进展迅速,公司公布2022年半年度报告，2022H1公司实现营收14.60亿元，同比下降56.12%；归母净利润为3.32亿元，同比上涨12.44%；22Q2实现营收7.26亿元，同比下降56.88%，环比下降0.01%，归母净利润为1.13亿元，同比下降0.26%，环比下降48.40%。公司业绩下降的主要原因在于上半年公司终止了新能源综合服务业务，目前公司业务结构得到优化，发展势头强劲。,0.45671105
2022-10-27,155,川能动力,2022年三季报点评：新能源发电业务增长稳定，李家沟锂矿项目建设加速,"事件
川能动力发布2022年三季度报告，2022年1-9月，公司实现营业收入23.62亿元，较上年同期减少39.09%；实现归属于上市公司股东的净利润4.35亿元，较上年同期增长36.01%。公司资产总额为192.69亿元，较上年度末增加4.94%；实现归属于上市公司股东的所有者权益为51.24亿元，较上年度末增加6.47%。2022年第三季度实现营业收入9.02亿元，同比增长63.57%；实现归母净利润1.03亿元，同比增长321.15%。",0.04425156
2023-04-03,155,川能动力,2022年年报点评：业绩超预期增长，李家沟锂矿项目投产在即,"事件
川能动力发布2022年年度报告，公司2022年实现营业收入38.01亿元，较上年同期减少21.88%；实现归属于上市公司股东的净利润7.1亿元，较上年同期增长104.12%。2022年第四季度，公司实现营业收入14.39亿元，较上年同期减少44.84%；实现归属于上市公司股东的净利润2.75亿元，较上年同期增长130.57%。",0.16170496
2024-02-28,155,川能动力,新能源发电优势明显，李家沟锂矿稳步推进,Q4净利润环比好转，风电业务持续增长。公司发布业绩预告，2023年归母净利润7.0-7.8亿元，同比变化-1.38%至9.89%，扣非归母净利润为6.6-7.4亿元，同比变化-0.02%至12.10%。2023Q4公司归母净利润为1.36-2.16亿元，同比下降50.48%-21.37%，环比增长26.85%-101.40%，扣非归母净利润为1.15-1.95亿元，同比下降62.03%-35.73%，环比增长15.92%-96.22%。公司业绩相较于Q3有着大幅改善，主要原因系公司装机规模16万千瓦会东小街风电项目陆续建成投运，公司风力发电量较上年同期增长。,0.031969488
2024-03-27,156,华数传媒,重视AI及资产注入，价值有望重估,"事件：华数传媒（000156.sz）3月25日于杭州举办了投资者交流会其中公司副总裁兼董事会秘书洪方磊、证券事务代表蒋丽文出席会议。
点评：",0.7117965
2020-03-17,157,中联重科,工程机械精准复产的优秀样本，后周期龙头全年业绩高增长可期,"近期，受全球疫情冲击及外资持续流出影响，公司及工程机械相关标的均出现较大幅度下调，我们认为此次调整更多是交易层面，实际上近几天下游复工节奏明显加快、公司发货水平及订单也快速上涨，行业已开始积极向好，对公司一季度及全年业绩我们继续乐观，持续强烈推荐。
支撑评级的要点",0.030558527
2020-03-31,157,中联重科,经营质量续创历史最佳，全球疫情冲击无碍公司高速发展步伐,"公司发布2019年年报：全年共实现营收433.1亿元，同比增长50.9%，归母净利润43.7亿元，同比增长116.4%，经营性现金流62.2亿元，同比增长22.8%。
支撑评级的要点",0.04723108
2020-04-13,157,中联重科,核心产品一季度销售一枝独秀，公司有望持续引领行业价值攀升的新时代,"在疫情冲击的背景下，公司混凝土机械突破困难，逆势上扬，2020 年一季度产品销量增长明显，持续保持市场领先地位，其中泵车产品销量同比增长 25%，3 月更是达到近年来销售最高峰，稳坐行业头把交椅，充分彰显了公司混凝土产品强大的市场竞争力，也凸显公司持续引领行业创新发展的卓越实力。
支撑评级的要点",0.054926693
2020-07-06,157,中联重科,定增66亿元加码挖掘机等，管理层认购10亿显信心,"事件
公司发布定增预案，向怀瑾基石、太平人寿、海南诚一盛和宁波实拓共4名特定对象募集资金不超过66亿元，用于挖掘机械智能制造项目和关键零部件智能制造项目等。公开发行12.5亿股，增发价格为5.28元/股。",0.15742165
2020-07-15,157,中联重科,半年报业绩超市场预期，公司市场地位持续提升,"事件：公司发布2020年半年报业绩预告，公司上半年盈利38-42亿，同比增长47.5%-63.03%。
半年报业绩超市场预期，后周期品种发力：2020H1公司盈利38-42亿，同比增长47.5%-63.03%，二季度单季度盈利27.74亿-31.74亿，同比增长76.24%-101.65%，业绩增长超市场预期，主要是上半年基建、新能源等下游行业需求保持高景气，公司核心产品混凝土泵车、塔式起重机、工程起重机订单和销量持续增长。同时，公司严控各项费用，随着销售规模增长，平均生产成本和费用率同比显著下降。",0.014895976
2020-11-01,157,中联重科,Q3业绩保持强劲增长，后周期龙头业绩确定性强,"事件：公司Q1-Q3实现营收452.44亿（+42.48%），归母净利润56.86亿（+63.41%），扣非净利49.56亿（+79.16%）。其中Q3单季实现收入164.17亿（+72.94%），归母净利润16.68亿（+84.51%），扣非净利14.51亿（+122.55%）。
行业需求旺盛+市占率提升，公司Q3业绩保持强势增长",0.020558417
2020-11-02,157,中联重科,"盈利持续提升,新品全面发力","事件：公司发布2020年三季报，2020年前三季度公司实现营收452.44亿元，同比增长42.48%；实现归母净利润56.86亿元，同比增长63.41%。实现扣非后归母净利润49.56亿元，同比增长79.16%。
点评：",0.040309608
2020-11-03,157,中联重科,季报点评报告：业绩持续高质量增长，后周期龙头业绩弹性强,"事件:
近日中联重科公布了2020年三季报。公司2020年前三季度实现营业收入452.44亿元，同比增长42.5%；实现归母净利润56.86亿元，同比增长63.4%；销售毛利率、净利率分别为28.5%、12.7%。",0.029884994
2020-11-03,157,中联重科,Margin risk priced in; Good buying opportunity,"Zoomlion’s 3Q20 profit is solid (+85% YoY) and management’s post-resultscomments on demand (+10% QoQ in 4Q20E) and margin (to improvesequentially) suggest that the business outlook remains favourable. We believethe recent share price pullback on concerns over margin was overdone and wesee this as good buying opportunity. We slightly took our 2020E-22E earningsforecast down by 2-4% after modelling higher sales volume but moreconservative margins. We fine-tuned our TP from RMB10.2 to RMB9.56, afterrolling over our base year to 2021E with a target multiple of 10x (previously 12x2020E",0.1268102
2020-11-03,157,中联重科,聚焦工程机械，业务经营实现质的飞跃,"主要观点：
事件： 公司发布三季报， 1-9 月份，实现营收 452.44 亿元，同比增长42.48%， 归母净利润 56.86 亿元，同比增长 63.41%； 单 Q3， 实现营收164.17 亿元，同比增长 72.94%， 归母净利润 16.68 亿元，同比增长84.61%。",0.10512495
2020-11-03,157,中联重科,多梯次产品打造成长型工程机械龙头，新业务板块齐发力有望再造一个中联,"公司发布 2020 年三季报： 前三季度累计实现营业收入 452.4 亿元，同比增长 42.5%，归母净利润 56.9 亿元，同比增长 63.4%，扣非归母净利润 49.6 亿元，同比增长 79.2%，经营净现金流 40.2 亿元，同比下降 19.1%。
支撑评级的要点",0.4927318
2020-11-04,157,中联重科,股价已反映毛利率风险；良好的买入机会,中联重科第三季度利润强劲（同比增长85%），管理层对需求的展望（第四季度环比增长10%）和对毛利润率的展望（环比改善）表明业务前景仍然良好。我们认为最近因担心利润率而导致的股价回调过度，为良好的买入机会。我们将2020E-22E的盈利预测略微下调了2-4%，以反映更高的销量但更保守的毛利率预测。我们将基年延展至2021年，目标倍数为10倍P/E（之前为2020年12倍P/E），目标价从10.2人民币微调至9.56人民币。维持买入评级。,0.14947635
2020-11-04,157,中联重科,业绩继续高增长，未来成长性依旧,"公司动态事项
公司发布2020 年三季报，2020 年前三季度实现收入452.44 亿元，yoy+42.48%；归母净利润56.86亿元，yoy+63.41%",0.36992443
2020-12-08,157,中联重科,定增方案过审，后周期龙头面临估值修复,"事件：公司发布公告称，非公开发行A股股票的申请获得证监会审核通过。
定增方案过审，主要压制股价因素消除",0.23077422
2020-12-10,157,中联重科,定增补短板获审核通过，公司有望打造成可持续增长的工程机械龙头,"公司非公开发行 A 股股票的申请已获得证监会审核通过，本次 A 股定增方案为向不超过 35 名特定投资者发行不超过 10.6 亿股，合计募资 51.99 亿元，锁定期 6 个月。
支撑评级的要点",0.4531532
2021-01-21,157,中联重科,受益行业需求保持高景气，核心业务板块持续高增长,"事件：公司发布2020年年报预告，全年实现净利润70-75亿元，同比增长60.13%-71.57%。
受益行业需求保持高景气，业绩实现高增长：2020年公司预计实现净利润70-75亿元，同比增长60.13%-71.57%，业绩符合市场预期，主要是受益于国内基建、新能源等下游行业需求保持高景气，产品迭代和环保升级拉动设备需求，公司核心板块产品订单和销量持续高增长。另外，公司严控各项费用支出，随着销售规模增长，平均生产成本和费用率同比显著下降。",0.07427722
2021-01-21,157,中联重科,业绩预增60%-72%略超预期，后周期龙头确定性强,"事件：公司发布2020年业绩预告：预计2020年实现归母净利润70-75亿元，同比增长60.13%-71.57%，略超市场预期；扣非后净利润61-68亿元，同比增长73.58%-93.50%。投资要点
工程机械下游需求旺盛，公司业绩高增确定性强",0.012709856
2021-01-22,157,中联重科,三大核心产品产销两旺，新业务板块发力助力穿越行业周期,"公司发布 2020 年度业绩预告：预计 2020 年全年实现归母净利润 70-75 亿元，同比增长 60.1%-71.6%，扣非归母净利润 61-68 亿元，同比增长 73.6%-93.5%。
支撑评级的要点",0.053669274
2021-01-22,157,中联重科,中联重科2020年业绩预告点评：业绩预告同比大增，新老业务齐发力,"一、事件概述
1月21日公司发布2020年度业绩预告，预计2020年实现归属于上市公司股东的净利润为70-75亿元，同比增长60.13%-71.57%，扣除非经常损益后净利润61-68亿元，同比增长73.58%-93.50%。",0.060189784
2021-02-04,157,中联重科,H股增发快速落地彰显管理层信心，多产品及国际化战略下再造一个中联可期,"公司完成H股增发：2021年2月3日，公司完成向长沙合盛全资子公司香港诚一盛发行H股普通股1937.57万股，发行价格为每股5.863港元，发行所得款项总额及净额均为11.36亿港元。
支撑评级的要点",0.24022585
2021-02-08,157,中联重科,A+H股定增落地，产业链布局贡献新增长极,"A+H 股定增落地， 产业链布局贡献新增长极
公司完成 A+H 股非公开定增： 其中 H 股增发 1.94 亿股，管理层平台以 5.863 港元/股认购 11.36 亿港元； A 股增发 5.11 亿股，以 10.17 元/股的发行价合计募资约 51.99 亿元，发行对象包括基石资本、摩根大通、瑞银等 8 家机构， 上市日为 2021 年 2 月 10 日， 限售期为 6 个月。",0.99940085
2021-03-31,157,中联重科,公司各产品线市场地位持续提升，2021Q1业绩取得高增长,"事件：公司发布2020年年报，全年实现收入651.09亿，同比增长50.34%，归母净利润72.81亿，同比增长66.55%，经营性现金流净额74.22亿，同比增长19.33%。同时，公司发布了2021年一季报预告，2021Q1实现盈利22-26亿，同比增长114.41%-153.39%。
受益行业需求保持高景气，业绩实现高增长：2020年公司实现收入651.09亿，同比增长50.34%，归母净利润72.81亿，同比增长66.55%，主要是受益于国内基建、新能源等下游行业需求保持高景气，产品迭代和环保升级拉动设备需求，公司核心板块产品订单和销量持续高增长。另外，公司严控各项费用支出，随着销售规模增长，平均生产成本和费用率同比显著下降。2021Q1公司实现盈利22-26亿，同比增长114.41%-153.39%，主要系去年一季度受疫情影响基数较低，今年需求仍保持高景气影响。",0.016035676
2021-04-01,157,中联重科,2020年报点评：业绩同比+67%，21年仍有望延续高增长,"事件1：公司2020年营收651亿，同比+50.3%，归母净利润72.8亿，同比+66.6%；扣非后归母净利润63.1亿，同比+79.5%。
事件2：公司2021Q1预计归母净利润22-26亿，同比+114.4%-153.4%；扣非后归母净利润20.7-25.2亿，同比+137.9-189.6%，业绩延续上行走势。",0.07794583
2021-04-02,157,中联重科,中联重科2020年年报点评：新老业务双轮驱动，公司业绩快速增长,"一、事件概述
3月31日，公司发布2020年年报。2020年公司实现营业收入651.09亿元，同比增长50.34%，实现归母净利润72.81亿元，同比增长66.55%；另外，公司发布2021年一季度业绩预告，预计公司一季度有望实现归母净利润22~26亿，同比增长114.4%~153.4%。",0.049666703
2021-04-02,157,中联重科,业绩高增，多点开花,"事件：公司发布2020年年报和2021年一季度业绩预告，2020年公司实现营收651.09亿元，同比增长50.34%；实现归母净利润72.80亿元，同比增长66.55%；预计2021年一季度公司实现归母净利润22亿元-26亿元，同比增长114.41%-153.39%。
点评：",0.07618266
2021-04-02,157,中联重科,2020年年报点评：净利润大幅增长，产品市占率与竞争力全面提升,"公司发布 2020 年年报及一季度业绩预告， 2020 年实现营收 651.09 亿元，同比增长 50.34%； 归母净利润 72.81 亿元，同比增长 66.55%。 2021 年一季度实现归母净利润 22 亿至 26 亿元，同比增长 114.41%至 153.39%。
点评：",0.02356708
2021-04-05,157,中联重科,主打产品高韧性，新兴板块扬帆起航,事件：2020年，公司实现营业收入651.09亿元，同比增长50.34%；归母净利润72.81亿元，同比增长66.55%，经营活动净现金流74.21亿元，同比增加19.33%；单看Q4，公司收入198.65亿元，同比增长71.96%，归母净利润15.94亿元，同比增长78.74%。2021年Q1，公司预计实现归母净利润22-26亿元，同比增长114.4%-153.4%。,0.828315
2021-04-06,157,中联重科,业绩高增长，行业景气持续,"事件描述
公司发布2020年年报，公司2020年实现营业收入651.09亿元，同比增长50.34%；归母净利润72.81亿元，较上年同期增长66.55%。",0.025850952
2021-04-08,157,中联重科,2020年报点评：推进“本土化”战略，突破海外市场,"事件： 中联重科发布2020年报， 2020年实现营收651.08亿元，同比增长50.34%；归母净利润72.8亿元，同比增长66.55%；扣非后净利润63.08亿元，同比增长79.51%。
点评：",0.15534258
2021-04-20,157,中联重科,出售融资租赁资产聚焦主业，深化产业与金融融合护航高质量发展,"日前，公司拟将持有的北京租赁公司 45%的股权、 36%的股权分别以人民币 90386.3万元、 72309.0 万元的价格转让给湖南国资集团、湖南迪策投资公司，本次股权转让完成后，公司将持有北京融资租赁公司 19%股权。
支撑评级的要点",0.18505526
2021-04-30,157,中联重科,2021年一季报点评： 净利润同比+135%，降本增效贡献业绩弹性,"事件： 2021Q1 公司单季营收 190.50 亿，同比+ 110.11%，归母净利润 24.16 亿，同比+ 135.41%，靠业绩预告上限；扣非后归母净利润 22.43 亿，同比+ 157.79%；经营性现金流净额 26.60 亿，回款情况较好。
受益行业高景气，后周期机种+新兴战略板块保持高速增长",0.085776925
2021-05-19,157,中联重科,高机公司获高管及核心人员增资扩股，中后周期行业龙头再次迎布局时间窗口,"日前，公司发布关于子公司湖南中联重科智能高空作业机械有限公司增资扩股暨关联交易的公告，中联重科母公司管理团队、高机公司管理团队拟参与高机公司本次增资扩股事项，本次增资扩股完成后，母公司团队、高机公司团队分别通过增资平台持有的高机公司股份不超过10%。
支撑评级的要点",0.38425124
2021-09-01,157,中联重科,中联重科21年中报点评：业绩稳步增长，多元业务布局打开成长空间,"一、事件概述
8月31日，公司发布2021年半年，21年上半年公司实现营业收入424.5亿元，同比增长47.3%，实现归母净利润48.5亿元，同比增长20.7%。",0.02408266
2021-09-01,157,中联重科,2021年半年报点评：利润率短期承压，不改长期提升趋势,"事件：2021H1公司营收424.49亿元，同比+47.25%，归母净利润48.50亿元，同比+20.70%，基本符合市场预期；扣非后归母净利润45.42亿元，同比+29.57%。
多元布局夯实发展前景，潜力业务贡献新增长极",0.7424514
2021-09-01,157,中联重科,2021年中报业绩点评：业绩符合预期，公司经营稳健,"事件：8月31日，公司发布半年报，2021年上半年，实现营收424.49亿元，同比增长47.25%，归母净利润48.50亿元，同比增长20.70%；单Q2，公司实现营收233.99亿元，同比增长18.41%，归母净利润24.35亿元，同比下滑18.64%。
核心观点：业绩符合预期。公司业务结构稳定，拳头产品起重机和混凝土机械是工程机械后周期品种，增长韧性强，有望支撑公司达成全年业绩目标；新兴业务产品谱系持续完善，增长势头强劲。短期看，公司为应对工程机械行业波动，采取稳健经营策略，积极调整产品结构，严控客户风险，盈利能力、收入质量有望同步提升；长期看，公司业务布局持续完善，研发、制造、管理全方位数字化升级，增强公司市场竞争力，价值属性凸显，维持“买入”评级。",0.53285265
2021-09-01,157,中联重科,拳头产品持续发力，潜力业务取得突破,"事件：公司发布2021年半年报，2021年上半年公司实现营收424.49亿元，同比增长47.25%；实现归母净利润48.50亿元，同比增长20.7%；实现扣非后归母净利润45.42亿元，同比增长29.57%。
点评：",0.03698361
2021-09-02,157,中联重科,2021H1业绩点评：拳头产品处领先地位，潜力业务持续突破,"事件： 中联重科发布2021年半年报，公司2021H1实现营业收入424.49亿元，同比增长47.25；实现归属于上市公司股东的净利润48.50亿元，同比增长20.70%；实现归属于上市公司股东的扣除非经常性损益的净利润45.42亿元，同比增长29.57%。
点评：",0.021989942
2021-09-02,157,中联重科,中标点评：拳头产品继续做优做强，潜力业务与海外市场取得突破,"事件：报告期内，公司实现营业收入424.49亿元，同比增长47.25%；归属于母公司净利润48.50亿元，同比增长20.70%。
拳头产品继续做优做强，潜力业务取得突破。公司坚持高质量经营，上半年工程机械产品销售收入404.26亿元，同比增长47.80%。1）混凝土机械、工程起重机械和建筑起重机械等核心产品订单和销量持续增长，具体来看，报告期内混凝土机械业务营业收入为114.74亿元，同比增长32.85%，起重机械业务收入为226.77亿元，同比增长47.84%。2）潜力业务方面，土方机械结构件自制降本效果明显，产品型谱覆盖更加全面，市场份额稳步提升，报告期内实现收入20.03亿元，同比增长75.65%；公司高空作业机械已实现4-68米全覆盖，作业高度行业最广，报告期内实现收入17.36亿元，同比大幅增长397.95%。",0.023665965
2021-11-01,157,中联重科,2021年三季报点评：行业需求波动+原材料成本上涨，三季度业绩短期承压,"事件：公司发布2021年三季报，2021年前三季度公司收入544.27亿元，同比+20.30%；归母净利润57.51亿元，同比+1.13%；扣非后归母净利润53.01亿元，同比+6.95%。基本EPS为0.70元/股。
Q3拳头业务受国六法规切换影响，市场波动较大",1.3336946
2021-11-01,157,中联重科,2021年三季报点评：下游行业走弱，三季度业绩承压,"事件：中联重科发布2021年三季报，公司2021年前三季度实现营业收入544.27亿元，同比增长20.30%；实现归属于上市公司股东的净利润57.51亿元，同比增长1.13%；实现归属于上市公司股东的扣除非经常性损益的净利润53.01亿元，同比增长6.95%。
点评：",1.257026
2022-02-10,157,中联重科,点评：拟7.8亿收购路畅科技控股权，实现产业协同，加码智能化转型,"事件：2022年2月7日公司公告：拟使用自有资金7.8亿元收购路畅科技（002813.SZ）29.99%股份。本次股份转让完成后，中联重科将成为路畅科技的控股股东，后续将视情况向路畅科技全体股东发起部分要约，拟收购股份的比例不低于路畅科技总股本的18.83%（合计48.82%）。
拟7.8亿收购路畅科技控股权，收购价格公允",0.13334364
2022-03-15,157,中联重科,拟回购公司H股、股息率超7%，价值属性凸显,"事件：2022年3月14日公司公告，拟回购公司H股股份。
拟回购公司H股彰显信心，有望增厚EPS",0.3191201
2022-03-31,157,中联重科,2021年业绩承压，看好公司长期发展,"事件：公司发布2021年年报，全年实现收入671.31亿元，同比增长3.11%；实现归母净利润62.70亿元，同比增长-13.88%。
受多重不利因素影响，致使2021年公司业绩承压。2021年公司全年实现收入671.31亿元，同比增长3.11%；实现归母净利润62.70亿元，同比增长-13.88%。业绩下滑主要因素为：1）从去年4月份开始，工程机械行业增速回落，主要原因为房地产行业的政策调控叠加专项债投放不及预期导致基建项目开工量下滑，而公司主营业务中，工程机械行业占比95%；2）原材料价格上行，增加企业成本压力；3）研发投入持续增加，公司2021年研发费用达到38.65亿元，同比增长15.56%，研发费用率达到5.76%，同比上升0.62pct。",0.76374537
2022-03-31,157,中联重科,2021年年报点评：核心产品地位稳固，新兴业务与海外业务持续突破,"事件：公司发布2021年年度报告，2021年公司实现营收671.3亿元，同比增长3.11%，归母净利润62.7亿元，同比下降13.88%。
行业需求波动，原材料成本上涨，业绩短期承压。2021年四季度房地产、基建增速放缓，工程机械行业受较大影响，但全年内，公司营收继续保持增长，实属不易。业绩方面，受2021Q４高基数，以及原材料价格上涨影响，导致公司业绩短期承压。但从持续时间和需求强度看，本轮行业景气度均显著高于前两轮周期，环保与人力替代使行业周期波动性更加平滑。分产品看，起重机、混凝土机械作为后周期品种，未来两年将持续处于更新替换高峰期，有望接力挖机，拉长行业景气周期。盈利能力方面，随着原材料价格回落，公司经营质量持续提升，毛利率有望逐渐回升。",0.05576098
2022-04-01,157,中联重科,2021年报点评：公司业绩承压，盈利能力下滑,"事件：中联重科发布2021年报，公司2021年实现营业收入671.31亿元，同比增长3.11%；归属于上市公司股东的净利润62.70亿元，同比下降13.88%；归属于上市公司股东的扣除非经常性损益的净利润58.28亿元，同比下降7.61%。
点评：",0.16138351
2022-04-01,157,中联重科,2021年报点评：计提减值轻装上阵，多元化+国际化有望迎价值重估（勘误版）,"事件： 公司发布 2021 年报， 2021 年实现营业收入 671.31 亿元，同比增长3.11%；归母净利润 62.7 亿元，同比减少 13.88%，略低于我们预期，主要系公司计提。 公司拟每 10 股派发现金红利 3.20 元，按前一日收盘价计算股息率为 4.76%。
拳头业务受行业周期波动影响，计提减值轻装上阵",1.2018744
2022-04-28,157,中联重科,2022年一季报点评：Q1高基数下符合预期，看好稳增长背景下行业回暖,"事件： 公司披露 2022 年一季报。
Q1 行业高基数下滑幅度较大，业绩基本符合预期",0.9301193
2022-07-21,157,中联重科,拟最高40亿大手笔回购提振市场信心，看好下半年行业拐点转正,"事件：公司发布回购公司 A 股股份方案。
拟最高 40 亿大手笔回购提振信心，业绩短期触底",0.56231236
2022-07-24,157,中联重科,事件点评：发布大额股份回购计划，坚定长期发展信心,"事件：2022 年 7 月 21 日，公司发布公告，拟使用自有资金以集中竞价方式回购公司 A 股股份, 全部用于员工持股计划。本次回购股份的数量占公司已发行总股本的 2.5%-5%，回购股份的价格不超过人民币 9.19 元/股，预计回购资金总额不超过 39.9 亿元，资金来源为自有资金。
大额回购用于员工持股，坚定长期发展信心。公司拟在未来 12 个月内，以集中竞价方式回购公司 A 股股份, 全部用于员工持股计划。本次回购股份的数量占公司已发行总股本的 2.5%-5%，回购股份的价格不超过人民币 9.19 元/股，回购金额较大。公司通过制定和实施 A 股回购方案，体现其对长期内在价值的坚定信心，回购股票将全部用于实施员工持股计划，有利于进一步调动团队积极性，有效地将股东、公司和员工利益相结合，促进公司长期、健康的发展。",0.09512204
2022-07-24,157,中联重科,大手笔回购彰显长期发展信心，多元化、国际化、电动化齐发力平抑周期波动,2022 年 7 月 20 日，公司发布《关于回购公司 A 股股份》的公告，拟使用自有资金以集中竞价方式回购公司 A 股股份， 回购数量不低于公司已发行总股本的 2.5%，不超过截止已发行总股本的 5%，回购价格不超过人民币 9.19 元/股，本次回购的股份将全部用于员工持股计划。我们认为公司作为工程机械龙头通过此次大手笔回购彰显长期发展信心，维持买入评级。,0.30902064
2022-09-04,157,中联重科,2022年中报点评：业绩符合预期，看好下半年增速回暖,"事件： 公司发布 2022 年中报。 2022 上半年公司实现营业总收入 212.99 亿元，同比下滑 49.82%；归母净利润 17.16 亿元，同比下滑 64.62%， 位于此前业绩预告 16-18 亿元中值， 符合市场预期。
Q2 业绩符合预期，看好下半年增速回暖",0.6208531
2022-09-05,157,中联重科,2022年中报点评：疫情影响需求，稳增长政策下有望边际改善,事件： 公司披露《2022 年半年度报告》， 2022H1 实现营收 212.99 亿元（yoy-49.82%），归母净利润 17.16 亿元（yoy-64.62%），毛利率 20.78%（yoy-4.23pct），净利率 8.26%（yoy-3.33pct）； 2022Q2 实现营收 112.88 亿元（yoy-51.76%），归母净利润 8.09 亿元（yoy-66.75%），毛利率 21.41%（yoy-1.84pct），净利率 7.29%（yoy-3.37pct）。,1.0164351
2022-10-30,157,中联重科,2022年三季报点评：Q3业绩符合预期，盈利能力有望逐渐修复,"事件：公司披露 2022 年三季报。
Q3 业绩符合预期，降幅环比收窄",0.07611376
2023-02-06,157,中联重科,拟将中联高机分拆上市，工程机械龙头业绩有望底部回暖,"事件：公司于2月5日发布预案，拟分拆中联高机重组上市。方案为子公司路畅科技（002813.SZ）向中联高机股东发行股份，收购中联高机100%股权，发行价为23.89元/股，并向不超过35名特定投资者非公开发行股份募集配套资金。分拆完成后，中联高机成为路畅科技全资子公司，中联重科仍为路畅科技的控股股东。
拟分拆中联高机注入路畅科技，板块有望迎价值重估",0.90397495
2023-03-31,157,中联重科,2022年报点评：业绩符合预期，多元化、全球化快速铺开,"事件：公司披露 2022 年年报， 业绩接近预告中值，符合市场预期。
业绩符合预期， 出口高速增长",0.2164396
2023-03-31,157,中联重科,2022年报点评：持续推进国际化战略，加快智能化升级进程,"事件：中联重科发布2022年报，公司2022年实现营业收入为416.31亿元，同比下降37.98%；归属于上市公司股东的净利润为23.06亿元，同比下降63.22%；归属于上市公司股东的扣除非经常性损益的净利润为12.93亿元，同比下降77.82%。
点评：",1.2914333
2023-04-03,157,中联重科,2022年年报点评：行业需求底部渐显，业绩拐点将现,多重因素影响下，公司2022年业绩下滑：公司发布2022年度报告，2022年营业收入约416.31亿元，同比下降37.98%，其中Q4营业收入约103.84亿元，同比下滑13.55%，降幅收窄；归属于母公司净利润23.06亿元，同比下降63.22%，其中Q4归属母公司净利润1.37亿元，同比下滑73.53%；期间费用率15.49%，同比上涨2.03%。我们认为公司业绩下滑主要原因系：（1）国际形式复杂严峻导致钢材、原油等原材料价格上行；（2）房地产行业下行叠加自身运行出现“保交楼”等事件，施工量下滑，国内工程机械需求减少；（3）国内疫情多发、散发影响冲击下，基建与房地产项目开工下降，国内工程机械市场需求收缩，销售下滑。,1.2143542
2023-04-28,157,中联重科,2023年一季报点评：业绩表现优于行业，海外收入同比高增123%,"事件：公司披露2023年一季报：2023年一季度公司实现营收104亿元，同比增长4%，归母净利润8亿元，同比减少11%。
业绩表现优于行业，出口同比高增123%",0.020358741
2023-07-12,157,中联重科,拟分拆中联高机重组上市，彰显加速发展决心,"事件：公司发布公告，拟分拆子公司中联高机重组上市，方案包括（1）路畅科技发行股份购买中联高机100%股权，（2）路畅科技向不超过35名（含）对象定增募资33.5亿元，用于补流和墨西哥生产基地建设。
拟分拆中联高机注入路畅科技重组上市，板块有望价值重估",0.5550332
2023-07-31,157,中联重科,行业筑底、出口高增，行业巨头再启航,"投资逻辑：
国内：国内工程机械板块正处于筑底阶段，部分领域拐点或已到。1）起重机：23年M2-M6中国起重机国内市场销量连续四个月正增长，其中随车起重机销量连续4个月内销同比增速超30%，起重机板块部分品类或已进入上行期；2）挖机、混凝土机械：两类产品与地产、基建相关性较高，目前仍处筑底阶段；但随着行业更换周期逐步启动后，挖机、混凝土机械等有望迎来新一轮复苏。公司核心主业为起重机械板块（22年收入占比超45%），有望在国内工程机械上行周期实现率先复苏。",0.08403885
2023-08-31,157,中联重科,2023年中报点评：业绩略超预期，海外市场翻倍增长,"事件：公司披露2023年半年报，略超市场预期。
业绩略超预期，海外市场翻倍增长",0.009563923
2023-08-31,157,中联重科,出口保持高增长，业绩超预期,"业绩简评
8月30日，公司发布23年中报，23H1公司实现收入240.75亿元（同比+13.03%）、归母净利润20.40亿元（同比+18.90%）；其中Q2单季度实现收入136.50亿元（同比+20.93%），实现归母净利润12.30亿元（同比+51.96%），超出市场预期。",0.041268945
2023-09-04,157,中联重科,2023年中报点评：2023Q2业绩高增，毛利率提升明显,"事件：中联重科发布2023年中报，公司2023年上半年实现营业收入为240.75亿元，同比增长13.03%；归母净利润为20.40亿元，同比增长18.90%；扣非后归母净利润为16.88亿元，同比增长40.31%。
点评：",0.022994041
2023-10-25,157,中联重科,公司半年报：降本增效成果显著，海外业务持续突破,公司发布2023年半年度报告。公司2023年上半年营业收入为240.75亿元，同比+13.03%，归母净利润为20.40亿元，同比+18.90%，扣非归母净利润为16.88亿元，同比+40.31%。其中，2023Q2营收为136.50亿元，同比+20.93%；归母净利润为12.30亿元，同比+51.96%，扣非归母净利润为10.38亿元，同比增长222.56%。,0.05486673
2023-10-31,157,中联重科,2023年三季报点评：出口翻倍增长，盈利能力大幅提升,"事件：公司披露2023年三季报。
Q3归母净利润同比+80%，受益于出口高速增长",0.024876416
2023-10-31,157,中联重科,出口保持高增，业绩超预期,"业绩简评
10 月 30 日，公司发布 23 年三季报， 23Q1-Q3 公司实现收入 355.14亿元（同比+15.87%）、归母净利润 28.55 亿元（ 同比+31.65%）；其中 Q3 单季度实现收入 114.39 亿元（同比+22.35%），实现归母净利润 8.15 亿元（同比+79.98%）， 超出市场预期。",0.03974843
2023-11-03,157,中联重科,2023年三季报点评：2023Q3业绩高增，盈利能力持续提升,"事件：中联重科发布2023年三季报，公司2023年前三季度实现营业收入为355.14亿元，同比增长15.87%；归母净利润为28.55亿元，同比增长31.65%；扣非后归母净利润为23.62亿元，同比增长51.10%。
点评：",0.022325039
2024-01-25,157,中联重科,出口保持高增，业绩符合预期,"业绩简评
1月24日，公司发布23年全年业绩预告，23年全年公司实现归母净利润33.8～36.2亿元（同比+46.6%～57.0%）、扣非后归母净利润为22.7～24.2亿元（同比+75.6%～87.2%）；其中Q4单季度实现归母净利5.25～7.65亿元（同比+283%～458%），符合市场预期。",0.56807613
2024-01-26,157,中联重科,2023年业绩预告点评：阿尔法属性彰显，海外市场高速拓展,"事件：公司发布2023年业绩预告。
2023年归母净利润预增46%-57%，略超市场预期",0.041573167
2024-03-01,157,中联重科,发布“质量回报双提升”行动方案，纵深推进全球化,"事件：公司发布公告，为践行“以投资者为本”发展理念，增强全体股东信心，公司发布“质量回报双提升”行动方案，具体措施包括全球化、高端研发及智造升级、投资者关系及股东回报等。
发布“质量回报双提升”行动方案，纵深推进全球化，重视股东回报",0.48525238
2024-03-28,157,中联重科,2023年报点评：业绩同比大增52%，分红超市场预期,"事件：公司发布年报，2023年实现营收470.75亿元，同比增长13.08%；归母净利润为35.06亿，同比增长52.04%，位于此前业绩预告中值。公司拟10股派发现金红利3.20元（含税），合计分红金额超过27亿元，分红率高达约80%，按当前股价股息率达4%，分红超市场预期。
2023年业绩同比大增52%，出口高速增长，行业阿尔法属性凸显公司传统优势板块市场地位稳中有升，海外市场竞争力不断上升，彰显行业阿尔法属性：（1）分产品看：2023年公司混凝土机械实现收入86亿元，同比增长1.6%；起重机械收入192.9亿元，同比增长1.6%，传统优势产品混凝土机械、工程起重机械、建筑起重机械市场地位稳步上升，其中混凝土机械长臂架泵车、搅拌站市场份额仍稳居行业第一，搅拌车市场份额保持行业第二。新兴战略土方机械收入66.5亿元，同比增长89.3%，高空机械57.1亿元，同比增长24.2%，增速显著高于行业。（2）分区域看：2023年公司境内收入291.70亿元，同比下滑7.81%，境外收入179.05亿元，同比增长79.2%，境外收入占比进一步提升至38%。",0.014186323
2024-03-29,157,中联重科,产品矩阵持续完善，全球化加快推进,"事件描述
公司发布2023年年度报告，全年实现营收470.75亿元，同增13.08%；实现归母净利润35.06亿元，同增52.04%；实现扣非归母净利润27.08亿元，同增109.51%。",0.03016454
2024-03-29,157,中联重科,2023年年报点评：深耕“一带一路”，迎来公司发展新机遇,事件：公司披露《2023年年度报告》，2023年实现营收470.74亿元（yoy+13.08%），归母净利润35.06亿元（yoy+52.04%），毛利率27.54%（yoy+5.71pct），净利率8.01%（yoy+2.28pct）；2023Q4实现营收115.61亿元（yoy+5.26%），归母净利润6.51亿元（yoy+375.18%），毛利率26.89%（yoy+2.66pct），净利率6.13%（yoy+0.93pct）。,0.7532737
2024-03-31,157,中联重科,出口高增长，盈利能力大幅改善,"业绩简评
3月29日，公司发布23年全年年报，23年全年公司实现营业收入470.75亿元，同比+13.08%；实现归母净利润35.06亿元，同比+52.04%。其中单Q4实现收入115.61亿元，同比+5.26%；归母净利润6.51亿元，同比+373.72%，符合市场预期。",0.9705006
2024-03-31,157,中联重科,公司事件点评报告：盈利能力大幅提升，海外业务加速放量,"事件
中联重科发布2023年报：公司2023年1-12月实现营业收入470.75亿元（同比+13.08%）；归母净利润35.06亿元（同比+52.04%）；扣非归母净利润27.08亿元（同比+109.51%）；销售毛利率27.54%（同比+5.71pct）；销售净利率8.01%（同比+2.28pct）。",0.73979425
2024-04-01,157,中联重科,2023年报点评：海外营收创新高，盈利能力提升明显,"事件：中联重科发布2023年报，公司2023年实现营业收入为470.75亿元，同比增长13.08%；归母净利润为35.06亿元，同比增长52.04%；扣非后归母净利润为27.08亿元，同比增长109.51%。
点评：",0.02490282
2024-04-01,157,中联重科,年报点评报告，归母净利润同比大增52.04%，新业务与海外布局共驱成长,"公司于3月29日发布2023年年报，2023年全年实现营业收入470.75亿元，同比+13.08%；实现归母净利润35.06亿元，同比+52.04%。其中Q4单季度，实现营收115.61亿元，同比+5.26%；实现归母净利润6.51亿元，同比大增373.71%。另外，公司公布了2023年分红预案：拟10派3.2元。
观点：",0.03369236
2024-04-30,157,中联重科,出口保持高增长，盈利能力持续改善,"业绩简评
4 月 29 日，公司发布 24 年一季报， 24Q1 公司实现营业收入 117.73亿元，同比+12.93%；实现归母净利润 9.16 亿元，同比+13.06%；扣非后归母净利润为 7.77 亿元，同比+19.45%， 符合市场预期。",0.9680009
2024-04-30,157,中联重科,公司事件点评报告：海外业务持续突破，盈利能力显著提升,"事件
中联重科发布2024年一季度报告：公司各项业务稳步发展，2024年一季度实现营业收入117.73亿元（同比+12.93%）；归母净利润9.16亿元（同比+13.06%）；扣非归母净利润7.77亿元（同比+19.45%）。",0.067857504
2024-05-01,157,中联重科,2024年一季报点评：阿尔法属性彰显，盈利能力持续回升,"事件：公司发布2024年一季报，业绩符合预期。
24Q1业绩同比增长13%高于行业，阿尔法属性彰显",0.4691968
2024-05-06,157,中联重科,2024年一季报点评：海外营收保持高增，盈利能力明显改善,"事件：近日，中联重科发布2024年一季报。
点评：",1.0683428
2024-06-07,157,中联重科,国际化成果显著，新兴业务高速发展,"主要观点：
重要事件",1.0800272
2024-08-30,157,中联重科,2024年中报点评：海外结构收入均向好，农机业务表现亮眼,事件：公司披露2024年中报报告，2024H1年公司实现营收245.35亿元，yoy+1.91%，归母净利润22.8亿元，yoy+12.15%，扣非归母净利润14.8亿元，yoy-12.35%；毛利率28.31%，yoy+0.41pct；净利率10.36%，yoy+1.14pct。其中2024Q2公司实现营收127.6亿元，yoy-6.50%，归母净利润13.7亿元，yoy+11.56%，扣非归母净利润7.0亿元，yoy-32.29%，毛利率27.99%，yoy-1.05pct，净利率11.92%，yoy+1.95pct。,0.9525931
2024-08-30,157,中联重科,2024年中报点评：Q2业绩符合预期，海外延续高增,"国内需求较弱拖累收入，海外增长阿尔法显著
2024H1公司实现营业收入245.4亿元，同增1.9%，其中Q2公司实现营业收入127.6亿元，同降6.5%。分产品看，（1）传统主业：2024H1公司起重机械/混凝土机械实现营收82.7/42.1亿元，同降17.7%/7.6%，我们判断主要系国内需求较弱形成拖累；（2）新兴产业：2024H1公司土方机械/高空机械/农业机械分别实现营收35.2/39.6/23.4亿元，同增19.9%/17.8%/112.5%，主要系海外增速高拉动正增长，拓品类逻辑持续兑现。分地区看，2024H1公司国内/海外收入分别为125/120亿元，同比分别-20.5%/+43.9%，海外收入增速大幅高于行业增速，α属性显著。",0.425054
2024-08-30,157,中联重科,出口持续增长，产品多元化推进,"业绩简评
8月29日，公司发布24年中报，24H1公司实现营业收入245.35亿元，同比+1.91%；实现归母净利润22.88亿元，同比+12.15%；扣非后归母净利润为14.80亿元，同比-12.35%；其中单Q2来看，公司实现收入127.62亿元，同比-6.50%；实现归母净利润13.72亿元，同比+11.56%。",1.1151203
2024-08-31,157,中联重科,全球化+多品类拓展，24H1海外营收同比+43.9%,"事件：公司发布2024年半年报，2024H1，实现营收245.4亿元，同比+1.9%；归母净利润22.9亿元，同比+12.2%；扣非归母净利润14.8亿元，同比-12.4%；单2024Q2，实现营收127.6亿元，同比-6.5%；实现归母净利润13.7亿元，同比+11.6%；扣非归母净利润7.0亿元，同比-9.7%。
产品结构持续优化，海外业务占比提升，公司盈利能力提升。2024H1公司综合毛利率为28.3%，同比+0.4pp，毛利率提升主要系业务结构优化、高毛利海外业务占比提升；净利率为10.4%，同+1.2pp；期间费用率为18.4%，同比+1.6pp；其中，销售、管理、研发和财务费用率分别为7.8%、4.7%、5.3%、0.6%，销售、管理、研发和财务费用率分别同比+0.7pp、+1.2pp、-1.3pp、+1.0pp，管理费用率提升主要系报告期与员工持股计划相关的股份支付费用增加，财务费用率提升主要系汇率波动、汇兑收益减少。单2024Q2来看，公司毛利率为28.0%，同比-1.1pp；净利率为11.9%，同比+2.0pp；期间费用率为18.8%，同比+2.5pp。2024H1，公司股权支付费用为4.8亿，2023H1为0.5亿，剔除股权支付费用后归母净利润、扣非归母净利润分别约同比+32%、+13%。",0.107096136
2024-09-01,157,中联重科,公司事件点评报告：海外业务体系持续推进，助力营收利润双增长,"事件
中联重科8月29日发布2024年半年度业绩报告:2024年H1实现营业收入245.35亿元(同比+1.91%)，归母净利润22.88亿元(同比+12.15%)，扣非归母净利润14.80亿元(同比减少12.35%)。其中2024年Q2实现营业收入127.62亿元(同比减少6.50%)，归母净利润22.57亿元(同比+83.50%)，扣非归母净利润14.50亿元(同比减少39.83%)。归母净利润增长主要系2024年H1公司产生资产处置收益6.36亿元，较2023年同期大幅增加。",0.14572138
2024-09-02,157,中联重科,2024半年报点评：2024Q2归母净利润环比高增,"事件：近日，中联重科发布2024半年报。
点评：",1.0479075
2024-09-03,157,中联重科,海外+新兴业务持续拓展，盈利能力提升,"主要观点：
公司发布2024年中报",1.0985582
2024-09-10,157,中联重科,经营业绩稳健增长，出口+农机表现亮眼,"事件描述
公司发布2024年半年度业绩报告，2024H1实现营收245.35亿元，同增1.91%；实现归母净利润22.88亿元，同增12.15%；实现扣非归母净利润14.80亿元，同减12.35%。",0.09385276
2024-10-20,157,中联重科,发布回购计划，彰显业绩长期增长信心,"事件
10 月 17 日，公司发布《关于回购部分 H 股一般性授权的议案》，该议案提出在合适时机回购部分 H 股，且回购股份全部予以注销，增厚公司的每股收益。",0.13486022
2024-10-21,157,中联重科,拟回购H股股份予以注销，增强投资者投资信心,"事件：2024年10月17日，中联重科发布关于回购部分H股一般性授权的公告。
拟回购H股不超过10%股份予以注销，增厚每股收益、提升投资者回报",0.060148
2024-10-31,157,中联重科,资产质量提升，盈利能力维持高位,"公司2024年10月30日发布24年三季报，实现营业收入343.86亿元，同比下滑3.18%；实现归母净利润31.39亿元，同比增长9.95%。其中3Q24实现营业收入98.50亿元，同比下滑13.89%；实现归母净利润8.51亿元，同比增长4.42%，业绩符合我们预期。
经营分析",0.73148155
2024-10-31,157,中联重科,2024年三季报点评：经营质量稳步提升，全球化+多元化降低周期影响,事件：公司披露2024年三季度报告，2024Q1-Q3年公司实现营收343.85亿元，yoy-3.18%，归母净利润31.39亿元，yoy+9.95%，扣非归母净利润21.90亿元，yoy-7.25%，销售毛利率28.37%，同比+0.61pct；销售净利率10.16%，同比+1.54pct。其中2024Q3公司实现营收98.50亿元，yoy-13.89%，归母净利润8.51亿元，yoy+4.42%，扣非归母净利润7.10亿元，yoy+5.53%，销售毛利率28.52%，同比+1.06pct，环比+0.53pct，销售净利率9.65%，同比+2.28pct，环比-2.27pct。,0.9299244
2024-11-01,157,中联重科,2024年三季报点评：Q3业绩超预期，盈利能力、质量持续提升,Q3业绩超预期，扣除股权支付费用后Q3归母净利润同增29.5%2024年Q1~Q3公司实现营收343.9亿元，同比-3.2%；归母净利润31.4亿元，同比+9.9%；扣非归母净利润21.9亿元，同比-7.3%。单Q3来看，公司实现营收98.5亿元，同比-13.9%；归母净利润8.5亿元，同比+4.4%；扣非归母净利润7.1亿元，同比+5.5%。剔除股份支付费用后，公司归母净利润/扣非归母净利润24Q1~Q3同比+30.3%/+17.1%，单Q3同比+29.5%/+35.9%，实现较高增长。展望未来，随着国内业务筑底回升、海外业务和新兴板块的持续拓展，我们判断公司收入规模&盈利能力有望持续增长。,0.015309095
2024-11-01,157,中联重科,公司事件点评报告：国际市场持续突破，海外业务表现亮眼,"事件
中联重科10月20日发布2024年前三季度业绩报告:2024年Q1-Q3实现营业收入343.86亿元(同比-3.18%)，归母净利润31.39亿元(同比+9.95%)，扣非归母净利润21.90亿元(同比-7.25%)。其中2024年Q3单季实现营业收入98.50亿元(同比-13.89%)，归母净利8.51亿元(同比+4.42%)，扣非归母净利润7.10亿元(同比+5.53%)。",1.096128
2024-11-04,157,中联重科,2024年三季报点评：2024Q3经营质量提升，海外业务表现亮眼,"事件：近日，中联重科发布2024年三季报。
点评：",1.0667434
2024-11-11,157,中联重科,中联重科：盈利能力提升，海外+新兴板块持续向好,"主要观点：
公司发布2024年三季报",1.095838
2025-03-25,157,中联重科,海外收入占比超五成，全球化战略推进,"业绩简评
公司2025年3月24日发布24年年报，实现营业收入454.78亿元，同比下滑3.39%；实现归母净利润35.20亿元，同比增长0.41%。其中4Q24实现营业收入110.92亿元,同比下滑4.05%；实现扣非后归母净利润8.51亿元,同比增长4.42%，业绩符合我们预期。",0.3691215
2025-03-25,157,中联重科,2024年报点评：扣除股份支付费用后净利润同比+18%，新兴板块成长性凸显,"事件：2025年3月24日，公司发布2024年年度报告。
2024年扣除股份支付费用后净利润同比+18%，高机、农机增速亮眼2024年公司实现营业收入454.8亿元，同比-3.4%，实现归母净利润35.2亿元，同比+0.4%，剔除股份支付费用后净利润同比增长18.4%；单Q4实现营业收入110.9亿元，同比-4.1%，归母净利润3.8亿元，同比-41.4%，主要系23年资产处置收益集中于23Q4导致基数较高，而24年主要集中于24Q2导致季度间波动。分区域来看，2024年公司国内收入为221.0亿元，同比-24.2%，海外收入为233.8亿元，同比+30.6%，海外收入占比提升至51.4%，同比+13.4pct，海外拓展进展顺利。分产品看，①传统优势产品：2024年公司混凝土机械实现收入80.1亿元，同比-6.8%，起重机械实现收入147.9亿元，同比-23.4%，其中整体出口收入同比+35%。②土方机械：2024年实现收入66.7亿元，同比+0.3%，其中海外收入同比+27%。③高机：收入68.3亿元，同比+19.7%。④农业机械：收入46.5亿元，同比+122.3%。展望2025年，公司传统优势板块有望企稳回升，新兴板块国内外拓展继续加速，周期性减弱、成长性凸显。",0.018858433
2025-03-26,157,中联重科,境外收入占比已超五成，新兴业务快速成长破局,"事件描述
公司发布2024年年度报告，2024年实现营收454.78亿元，同减3.39%；实现归母净利润35.20亿元，同增0.41%；实现扣非归母净利润25.54亿元，同减5.70%。",0.80595994
2025-03-26,157,中联重科,2024 results below expectation; Still positive on the structural overseas growth trend,"Zoomlion’s2024results were weaker than our expectation,due to a slowdownof overseas revenue growth(14%)in4Q24,reduction of other income,andincrease in inventory turnover days.While we revise down our2025E/26Eearnings forecast by7%/8%,after incorporating lower sales volume growth andhigher distribution expenses due to overseas expansion,we remain positiveon Zoomlion’s structural overseas growth strategy with priorities on emergingeconomies.On inventory,management is confident of a reduction of theinventory level in2025E.Our TP for Zoomlion A/H is revised down/up toRMB9.9/HK$7.4,bas",0.10056704
2025-03-26,157,中联重科,盈利能力持续提升，看好公司全球化、多元化发展,"事件：公司发布2024年年报，全年实现收入454.78亿元，同比下降3.39%，实现归母净利润35.20亿元，同比增长0.41%。
传统产业稳健发展，新兴产业快速成长。公司混凝土机械、工程起重机械、建筑起重机械三大传统优势产品线稳健发展，国内市场地位稳固，海外业务规模与市场地位持续提升，三大产品线整体出口销售规模同比增长超过35%。新兴产业发展壮大，贡献新的增长极，其中：1）土方机械快速补齐超大挖、微小挖产品型谱，实现1.5-400吨产品型谱全覆盖，国内市场聚焦矿山开采场景深度开发，100吨以上矿用挖机市场份额跃居行业前三，海外市场，2024年出口销售规模同比增幅超27%。2）高机2024年销售规模同比增长超过19%。3）农机2024年销售规模同比增幅超122%。4）矿山机械、应急装备、中联新材料等新兴业务持续加大研发投入，2024年销售规模同比增长超12%。",0.03338909
2025-03-26,157,中联重科,2024年年报点评：盈利能力稳中有升，海外结构持续优化,"事件：公司披露2024年年报，2024年公司实现营业收入454.78亿元，同比下滑3.39%；归母净利润35.2亿元，同比增长0.41%；扣非归母25.54亿元，同比下滑5.7%。2024Q4实现营业收入110.82亿元，同比下滑4.05%；归母净利润3.81亿元，同比下滑41.42%；扣非归母3.64亿元，同比增长4.86%。
分产品来看，起重机、混凝土略有下滑，高空机械、农机稳步增长。2024年公司起重机械实现营业收入147.86亿元，同比-23.35%，毛利率32.41%，同比+1.37pct；混凝土机械实现营业收入80.13亿元，同比-6.8%，毛利率22.68%，同比-0.24pct；高空机械实现营业收入68.33亿元，同比+19.74%，毛利率29.71%，同比+7.05pct；土方机械实现营业收入66.7亿元，同比+0.34%，毛利率30.18%，同比+2.25pct；农业机械实现营业收入46.5亿元，同比+122.29%，毛利率12.25%，同比+0.51pct。",0.800652
2025-03-27,157,中联重科,海外占比持续提升，新兴业务板块发展强劲,"主要观点：
公司发布2024年年报",1.0865636
2025-03-28,157,中联重科,2024年年报点评：全球化转型高效推进，海外营收占比超50%,"事件：公司发布2024年年报，2024年公司实现营收454.8亿元，同比-3.4%；归母净利润35.2亿元，同比+0.4%，扣非归母净利润25.5亿元，同比-5.7%；单2024Q4，实现营收110.9亿元，同比-4.1%；实现归母净利润3.8亿元，同比-41.4%，扣非归母净利润3.6亿元，同比+4.9%。
海外业务拉动盈利能力提升，期间费用率受股份支付、汇率波动影响短期承压。2024年，公司综合毛利率为28.2%，同比+0.6pp，毛利率提升主要系业务结构优化、高毛利海外业务占比提升至51%；净利率为8.8%，同比+0.8pp；期间费用率为19.3%，同比+1.0pp；其中，销售、管理、研发和财务费用率分别为8.2%、4.9%、6.1%、0.1%，销售、管理、研发和财务费用率分别同比+0.6pp、+0.9pp、-1.2pp、+0.7pp，管理和财务费用率提升主要系报告期内员工持股计划相关的股份支付费用增加、巴西雷亚尔、欧元等汇率波动汇兑收益减少。",0.30080217
2025-04-08,157,中联重科,2024年报点评：国际化助盈利能力提升，新兴产业高速发展,"事件：中联重科发布2024年报。
点评：",1.0832083
2025-04-29,157,中联重科,2025年一季报点评：外销持续内销改善，新兴业务潜力凸显,"事件：公司披露2025年一季报，2025年一季度实现营业收入121.17亿元，同比增长2.92%，环比增长9.24%；归母净利润14.1亿元，同比增长53.98%，环比增长270.08%；扣非归母8.74亿元，同比增长12.4%，环比增长140.11%。
经营管理提质增效，盈利能力持续提升。2025年一季度公司毛利率28.67%，yoy+0.02pct，净利率12.51%，yoy+3.84pct，主要系高毛利的海外业务占比持续提升&内销复苏盈利改善。期间费用率方面，2025年一季度公司销售、管理、研发、财务费用率分别为8.37%、4.06%、6.03%、-0.72%，yoy分别+1.01pct/-0.42pct/+0.38pct/-1.18pct，费用率显著降低。2025Q1公司经营性现金流净额7.4亿，同比+141%，实现大幅改善。",0.015261829
2025-04-30,157,中联重科,2025年一季报点评：25Q1归母净利润同比+54%超预期，全球化&多元化构建第二增长曲线,"事件：2025年4月29日，公司发布2025年一季报。
25Q1归母净利润同比+54%，全球化&多元化构建第二增长曲线",0.43556195
2025-04-30,157,中联重科,业绩超预期，看好利润持续释放,2025年4月29日，公司发布2025年一季报，25Q1公司实现收入121.17亿元，同比+2.92%，归母净利润14.10亿元，同比+53.98%，扣非后归母净利润8.74亿元，同比+12.40%；25Q1公司毛利率为28.67%，同比提升0.02pct，环比提升1.14pct，净利率为12.51%，同比提升3.84pct，环比提升7.85pct。,0.062327445
2025-08-31,157,中联重科,利润释放亮眼，看好业绩加速增长,"2025年8月29日，公司发布2025年中报，25H1公司实现营业收入248.5亿元，同比+1.3%，归母净利润27.6亿元，同比+20.8%，扣非归母净利润19.3亿元，同比+30.1%；其中25Q2实现营业收入127.4亿元，同比-0.2%，归母净利润13.5亿元，同比-1.3%，扣非归母净利润10.5亿元，同比+49.6%。
经营分析",1.024411
2025-09-01,157,中联重科,2025年中报点评：Q2扣非归母净利润同比+50%超预期，新兴业务板块开拓卓有成效,Q2扣非归母净利润同比+50%超预期，看好下半年公司收入增速加快2025H1收入248.5亿元，同比+1.3%，归母净利润27.6亿元，同比+20.8%，扣非归母净利润19.3亿元，同比+30.1%。单Q2公司收入127.4亿元，同比-0.2%，归母净利润13.5亿元，同比-1.3%，扣非归母净利润10.5亿元，同比+49.6%，超市场预期。分国内外来看，2025H1国内收入110.4亿元，同比-11.6%，出口收入138.1亿元，同比+14.7%，出口收入占比提升6.5pct至55.6%。分产品来看，土方机械/混凝土机械/起重机收入分别为42.9/48.7/83.7亿元，同比分别+22.1%/+15.7%/+1.2%，贡献主要业绩增量；高空机械/农业机械收入分别为25.9/19.9亿元，同比分别-34.5%/-15.2%，主要系高机&农机国内景气度下行影响短期承压。展望下半年，我们认为国内外土方产品景气度有望维持，非挖产品加速回暖，公司收入增速有望加快。,0.015467107
2025-09-03,157,中联重科,2025半年报点评：海外营收占比持续提升，机器人助迎新增长点,"事件：中联重科发布2025半年报。
点评：",1.0057235
2025-09-08,157,中联重科,扣非归母净利润高增，具身智能机器人研发提速,"事件描述
公司发布2025年中报，2025H1实现营收248.55亿元，同增1.3%；实现归母净利润27.65亿元，同增20.84%；实现扣非归母净利润19.25亿元，同增30.08%。",0.022531271
2025-10-31,157,中联重科,内外销共振，拟发行港股可转债,2025年10月30日，公司发布2025年三季度报，25Q1-Q3公司实现营业收入371.6亿元，同比+8.1%，归母净利润39.2亿元，同比+24.9%，扣非归母净利润26.4亿元，同比+20.7%；其中25Q3实现营业收入123.0亿元，同比+24.9%，归母净利润11.6亿元，同比+35.8%，扣非归母净利润7.2亿元，同比+1.1%。,0.3018155
2025-11-01,157,中联重科,2025年三季报点评：Q3归母净利润同比+35.8%，港股可转债彰显信心,"Q3收入同比+25%，收入出现向上拐点
2025年前三季度公司实现营业总收入371.6亿元，同比+8.1%；归母净利润39.2亿元，同比+24.9%；扣非归母净利润26.4亿元，同比+20.7%。单Q3公司实现营业总收入123.0亿元，同比+24.9%，归母净利润11.6亿元，同比+35.8%，扣非归母净利润7.2亿元，同比+1.1%。",0.19214964
2025-11-04,157,中联重科,拟发行港股可转债，充分彰显未来业绩增长信心,"拟发行60亿元可转债，聚焦全球化&智能化
10月30日公司召开董事会审议通过了《关于建议根据特别授权发行H股可转换公司债券的议案》，公司拟发行不超过人民币60亿元H股可转债。本次可转债发行用途中，约50%将用于支持公司全球化发展战略的落地，用于在海外进行生产基地、物流、研发、营销、后市场服务等项目建设。另外50%将用于智能化研发，用于机器人、新能源、智能化等前沿新技术的研发和应用，即开发新能源农业机械、新能源矿山机械、具身智能机器人等一批新产品及相关核心零部件的研发投入。预计随着本次发行落地，公司在全球化、智能化布局进一步完善，为提升国际竞争力奠定关键基础。",0.13190913
2025-11-04,157,中联重科,2025年三季报点评：25Q3业绩快速增长，加速推动全球化战略,"事件：中联重科发布2025年三季报。
点评：",0.98454905
2025-11-23,157,中联重科,公司动态研究报告：业务结构优化，新业务打开长期成长空间,"业务结构多元协同，新兴业务多点突破
传统工程机械主业巩固领先地位，高空机械、矿山机械等新兴业务高增，具身智能机器人落地推进，形成“传统+新兴”双轮驱动格局，分散行业周期波动风险。工程机械主业稳增：混凝土机械、工程起重机械、建筑起重机械三大传统产品线稳固，混凝土板块电动化渗透率提升较快，电动搅拌车三年内市场规模预计8万台、渗透率超90%；起重机受风电、核电等高端吊装需求拉动，公司千吨级履带吊和大吨位汽车吊市占率行业领先。高空机械远销全球100多个国家和地区，在欧洲和“一带一路”沿线主要国家的占有率较高。直臂72米高端电动产品在欧洲市场实现批量上市，直臂超高米段产品成功进入英国市场。矿山机械聚焦“大型化、绿色化、智化”，形成一体化解决方案，具备全栈交付能力，可满足不同矿区、不同智能化等级的定制需求。具身智能机器人，已开发4款全尺寸双足人形机器人，数十台进入工厂作业，覆盖机械加工、物流、装配等环节，搭建具身智能运营中心，形成“数据采集-模型训练-应用迭代”全流程闭环。农业机械逆势增长，围绕“高端、国际、新能源”战略，海外收入占比提升。混动拖拉机首次出口海外高端市场，下线大马力轮式混合动力拖拉机，初步形成高端化、新能源产品体系。",0.20310414
2026-03-31,157,中联重科,海外增速表现优异，利润加速释放,"业绩简评
2026年3月30日，公司发布2025年报，25年公司实现营业收入521.1亿元，同比+14.6%，归母净利润48.6亿元，同比+38.0%，扣非归母净利润33.7亿元，同比+31.9%；其中25Q4实现营业收入149.5亿元，同比+34.8%，归母净利润9.4亿元，同比+146.0%，扣非归母净利润7.3亿元，同比+99.7%。",0.7211906
2026-03-31,157,中联重科,First take: 2025 earnings +36% in-line;overseas revenue surged 60% in 4Q25,"Zoomlion’s net profit in 2025 grew 36% YoY to RMB4.8bn, which is 2% aboveour estimates and in-line with Bloomberg consensus. The result implies netprofit growth of >1.2x YoY in 4Q25. Overseas revenue in 4Q25 surged 60%YoY to RMB9.2bn (accelerated from 34% YoY in 3Q25), which accounted for~62% of total revenue. Zoomlion proposed final dividend of RMB0.2/share.This, together with the interim dividend of RMB0.2/share, implies a full-yearpayout ratio of 72%. We continue to like Zoomlion’s aggressive overseasexpansion plan on the back of full range of products. Our TP for Zoomlion A/Ha",0.10042918
2021-02-18,301,东方盛虹,DTY龙头，打造新型高端纺织产业链,打造“原油炼化-PX/乙二醇-PTA-聚酯-化纤”一体化产业链。公司2018年重组，核心业务变更为民用涤纶长丝的研发、生产及销售，形成“PTA—聚酯化纤”的产业链结构。2019年进行产业链纵向整合，预期2021年末炼化一体化项目投产，届时公司将打通“原油炼化-PX/乙二醇-PTA-聚酯-化纤”产业链，其核心竞争力、整体盈利能力和抗风险能力得到提升。,0.64330935
2021-05-26,301,东方盛虹,首次覆盖报告：内核持续升级，炼化切换估值逻辑,盛虹炼化万事俱备，全面布局只欠东风。盛虹炼化项目于2018年12月14日开工建设，预计2021年末建成投产。子公司虹港石化（主营PTA）与集团子公司斯尔邦化学与炼化项目在同一园区内，公司拥有园区内产业链协同效应的优势。公司炼化项目调整后的投资额为676.64亿元。盛虹炼化单线规模是目前我国最大的单线产能，降油增化将成为未来民营大炼化项目的主要发展方向，盛虹炼化项目将化工品产量提升至69%。目前公司依托大炼化的生产装置、公用工程及系统配套设施，新增建设2个项目，其下游配套苯酚和丙酮的装置与荣盛石化下游装置类似。并在丙酮、苯及乙烯的基础上继续深加工扩展产业链，未来大炼化项目和配套项目均投产后，公司将在一体化更高、多样化越高的产业链上获取更加丰厚的利润。,0.78135824
2021-07-08,301,东方盛虹,聚酯业绩大幅反弹，大炼化核心装置中交,"事件：2021年7月7日，东方盛虹发布《2021年半年度业绩预告》，2021年半年度，公司预计实现归属于上市公司股东的净利润为11-12亿元，与上年同期相比增加1645.02%-1803.65%；预计基本每股收益为0.23元/股-0.25元/股。
点评：",0.19043988
2021-07-12,301,东方盛虹,143.6亿收购斯尔邦，精细化工版图扩张,"事件：2021年7月9日，东方盛虹发布《发行股份及支付现金购买资产并募集配套资金暨关联交易报告书》，公司拟以发行股份及支付现金方式购买盛虹石化、博虹实业、建信投资、中银资产所持有的斯尔邦100%股权。经各方协商一致，本次交易的标的资产的最终交易价格确定为143.6亿元。上市公司本次发行股份购买资产的发行价格为11.04元/股。
点评：",0.50231206
2021-07-26,301,东方盛虹,东方盛虹深度研究报告：炼化投产及收购斯尔邦，业绩将迈入新台阶,"报告摘要：
本文主要目的在于梳理东方盛虹的未来的业绩增长点我们认为，东方盛虹未来2年的业绩增长点主要来源于三个方面：（1）涤纶长丝景气度回暖，公司化纤产品有望迎来量价齐升。（2）1600万吨炼化项目投产：根据测算，1600万吨炼化项目满产后可贡献近102亿元的净利。（3）收购斯尔邦，投建二期下项目：公司将深度受益于光伏EVA需求高增长带来的量价齐升及二期项目投产带来的业绩增长。",0.07791567
2021-08-25,301,东方盛虹,东方盛虹2021年半年度业绩点评：受低基数及长丝高景气影响，业绩高增长,"一、事件概述
2021 年 8 月 24 日，公司发布 2021 年半年度业绩公告， 2021 年上半年实现营业收入 156.9亿元，同比增长 65.4%；归母净利润 11.5 亿元，同比增长 1720.3 %；扣非归母净利润11.7 亿元，同比增长 2260.8 %。 其中， 21Q2 单季度实现营收 92.3 亿元，同比增长 75.6%；实现归母净利润 5.5 亿元，同比增长 507.5%。",0.032518804
2021-08-25,301,东方盛虹,大炼化即将投产，斯尔邦打开格局,事 件 ：2021年8 月 24 日， 东方盛虹发布《 2021 年半年度报告》， 2021 年上半年， 公司实现营业收入 156.91 亿元， 同比增加 65.43%； 归属于上市公司股东的净利润为 11.47 亿元， 同比增加 1720.30%； 实现基本每股收益0.24 元。 其中 2021 年 2 季度单季实现营业收入 92.26 亿元， 同比增加75.62%，环比上升 42.71%； 实现归母净利润 5.46 亿元，同比增加 507.54%，环比下滑 9.15%， 实现扣非后归属母公司股东净利润 5.40 亿元， 同比增加488%， 环比下滑 14.15%。 与公司 2021 年 7 月 8 日发布的《 2021 年半年度业绩公告》 相比， 2021 年半年度业绩符合预期。,0.38422132
2021-08-29,301,东方盛虹,上半年业绩跨越式增长，斯尔邦注入赋能腾飞,"事件： 公司发布 2021 年半年度报告，上半年共实现营业收入 156.9 亿元，同比增长 65.4 %，实现归母净利润 11.5 亿元，同比大幅增长 1720.3 %。Q2 单季度实现营收 92.3 亿元，同比+75.6 %，环比+42.7%；实现归母净利润 5 .5 亿元，同比扭亏为盈，环比-9.2%。
主营业务盈利能力高位，减值损失计提增加，Q2 业绩小幅回落。 涤纶长丝产品价格上行带动收入增长，上半年公司化纤行业产品共实现营收 92.5 亿元，同比增长 41.5 %。价差方面， 2021 年上半年 POY 平均价差高达 1635.4 元/ 吨，同比增长 19.5 %。 POY、 FDY、 DTY 三种主要产品毛利率分别达到 14.1 %、 14.9%、23.6%，分别较 2020 年增长 13.0 、9 .3 、14.1 个百分点。主要产品价差高企带动公司整体盈利能力上行，上半年公司整体毛利率达到 13.5 %，较 2020 年增长7.6 个百分点。 Q2 归母净利润环比下行 9 .2%，主要是由于投资损失加大以及计提了部分减值损失，其中由于期货交易造成投资损失 9877.1 万元，由于存货减值计提资产减值损失 4096.6 万元，计提应收账款预期信用损失 2055 万元。",0.07802558
2021-10-27,301,东方盛虹,炼化项目即将投产，静待光伏EVA资产注入,"公司深耕聚酯产业链，坚持差别化及绿色生态路线发展。炼化一体化项目将于2021年底投产，预计将大幅增厚公司业绩。公司对斯尔邦石化的重大资产重组有序推进中，完成后公司将成为C2/C3综合龙头企业。
支撑评级的要点",1.1075097
2021-11-01,301,东方盛虹,炼化一体化投产在即，斯尔邦注入积极推进,事件：2021年10月29日，东方盛虹发布《2021年第三季度报告》，2021年前三季度，公司实现营业收入250.77亿元，同比增长60.28%；实现归母净利润14.31亿元，同比增长506.65%；实现基本每股收益0.30元，同比增长500%。其中2021年第三季度实现营业收入93.86亿元，同比增长52.36%，环比增长1.73%；实现归母净利润2.83亿元，同比增长63.94%，环比下降48.12%；实现扣非后归母净利润1.98亿元，同比增长50.19%，环比下降63.29%；实现基本每股收益0.06元，同比增长50.00%。,0.12463808
2021-11-01,301,东方盛虹,聚酯产业链价格齐涨，炼化及斯尔邦有序推进,"前三季度公司实现营业收入 250.77 亿元，同比增长 60.28%；归母净利润14.31 亿 元 ， 同 比 增 长 506.65% 。 第 三 季 度 公 司 营 收 93.86 亿 元（YOY52.36%），归母净利润 2.83 亿元（YOY63.94%）。
支撑评级的要点",0.090097904
2021-12-24,301,东方盛虹,斯尔邦顺利过会，优质资产注入在即,"事件
公司发布公告：公司拟以发行股份及支付现金方式购买斯尔邦100%股权并募集配套资金的议案获得中国证监会审核并无条件通过。",0.89699495
2022-04-19,301,东方盛虹,斯尔邦带动业绩大幅增长，大炼化打通一体化发展链条,"2021年业绩符合预期，斯尔邦带动整体业绩大幅提升。2021年公司实现营业收入517.22亿元，同比+53.48%；归母净利润45.44亿元，同比+492.66%。公司年初完成了斯尔邦的收购，斯尔邦在2021年实现净利润37.76亿元，带动公司业绩的大幅提升。
EVA粒子涨价是业绩增长的主要因素。受下游光伏行业的需求拉动，2021年EVA粒子均价20269元/吨，同比增长55%。目前华东地区国产发泡料价格约24500-24800元/吨，线缆料价格约26500-27500元/吨，今年以来上涨幅度约3000-4000元/吨以上，卓创资讯测算，目前行业税前毛利约10000元/吨。考虑到2022年光伏新增装机容量的乐观需求，我们认为2年内EVA行业仍然处于高景气周期，EVA价格仍将持续上涨。目前斯尔邦EVA年产能30万吨，约占国内总产能的20.38%，其中光伏级EVA年产能超20万吨，约占全球光伏级EVA产量28%。后续公司还将规划70万吨EVA装置，其中光伏级占60万吨，继续巩固龙头地位。",0.0357098
2022-05-07,301,东方盛虹,大炼化项目投产在即，新材料领域持续发力,"2021 年公司实现营业收入 517.22 亿元，同比增长 53.48%；归母净利润45.44 亿元，同比增长 492.66%，为历史最高业绩。2022 年第一季度营收137.73 亿元，同比增长 23.58%，归母净利润 6.89 亿元，同比下降 53.72%。
支撑评级的要点",0.105783165
2022-05-11,301,东方盛虹,斯尔邦、大炼化为公司发展再添双翼,事件 1：2022 年 4 月 18 日， 东方盛虹发布《2021 年年度报告》， 2021 年，公司实现营业收入 517 亿元，同比增长 53.48%；实现归母净利润 45 亿元，同比增长 492.66%；实现基本每股收益 0.76 元，同比增长 443%。其中 2021年第四季度实现营业收入 124.47 亿元，同比增长 74.55%，环比下降 1.15%；实现归母净利润 6.28 亿元，同比增长 675.31%，环比下降 38.67%；实现扣非后归母净利润-1.32 亿元，同比下降 71.43%，环比下降 271.43%；实现基本每股收益 0.64 元，同比增长 966.67%。,0.21844888
2022-06-14,301,东方盛虹,公司深度报告：大炼化即将发力，EVA持续高景气，聚酯盈利中枢上升，看好未来成长,炼化投产稳步推进，盛虹项目即将贡献业绩。双碳目标为石化行业提出了更高的挑战和要求，我们认为，在供给侧发展受限的环境下，炼化一体化装置凭借其更高的能源利用率及更低的单位能耗强度助推产业链实现低碳发展，协同化、一体化结构也将是未来我国石化行业的发展趋势。对于主营业务为中下游聚酯的民营石化企业来说，向上游炼化项目发展并且最终实现全产业链一体化布局使得企业从成本、产品种类和生产效率等各方面均优势完备，彻底改变了行业的竞争力要素和投资逻辑。一体化炼化项目可以获取整个“炼化-PX-PTA-涤纶长丝”全产业链利润，一体化布局的产业链整体利润水平高于单个产品竞争状态，同时可加强公司上下游议价权和抗风险能力，告别过去单个产品高度竞争的格局，提高业绩的稳定性。在民营大炼化纷纷落地的环境下，我们认为盛虹炼化有三大可竞争优势：1）降油增化改善盈利。随着国家政策方向的发展和实际运营过程中不断发掘出来的下游化工品的精细化和差异化的价值，东方盛虹对其装置配套按照“降油增化”的目标进行了改良，其成品油收率只有31%。在双碳大背景下，国内成品油过剩现象未来日益严峻，向下游化工材料延伸、走小油头大化工路径的炼厂具有更强的竞争力和抗风险能力。2）市场区位优势及产业园协同效益。项目位于江苏和山东两省交汇处，江苏省和山东省的中小型下游企业多，对芳烃、烯烃等大宗原料有较大需求量，同时江苏、山东两省化,0.026224196
2022-08-21,301,东方盛虹,光伏EVA持续高景气，大炼化平台形成在即,事件：2022年8月19日晚，东方盛虹发布2022年度中期报告。2022年上半年公司实现营业总收入302.42亿元，同比增长15.66%，环比增长18.25%；实现归母净利润16.36亿元，同比下降44.06%，环比增长1.06%；扣非净利润15.96亿元，同比增长32.79%，环比增长4626.90%；经营活动产生的现金流量净额为61.07亿元，同比增长78.95%，环比增长217.86%；基本每股收益为0.28，同比下降42.86%，加权平均资产收益率为5.83%，同比下降5.37%。,0.06825745
2022-08-22,301,东方盛虹,EVA景气度高涨，大炼化投产有序推进,"2022年上半年公司实现营业收入302.42亿元，同比增长15.66%；归母净利润16.36亿元，同比减少44.06%。其中，2022年第二季度实现营收164.69亿元，同比增长9.77%，归母净利润9.48亿元，同比下降40.11%。公司业绩基本符合市场预期，基于公司EVA产品景气度延续，炼化业务有序扩张，维持买入评级。
支撑评级的要点",0.36280864
2022-08-22,301,东方盛虹,PTA、EVA明显增长，“1+N”多元化产业链新格局,"公司披露2022年半年报。2022年上半年实现营业收入302.42亿元，同比增长15.66%，归属净利润16.36亿元，同比下滑44.06%，加权平均ROE为5.83%。其中，公司2022年Q2实现营业收入164.69亿元，同比增长9.77%，归属净利润9.48亿元，同比下降34.06%，公司业绩符合预期。
炼化一体化项目顺利投产，一体化战略发展符合行业趋势。2022年5月，盛虹炼化一体化项目1600万吨/年常减压蒸馏装置等首批核心主装置成功投料开车，正式进入投产阶段。预计2022年内项目实现全流程打通，全面达产。2022年4月，斯尔邦石化70万吨/年丙烷脱氢（PDH）装置一次性开车成功。在建如盛虹炼化2#乙二醇+苯酚/丙酮项目，设计乙二醇装置规模10/90万吨/年、苯酚/丙酮装置规模40/25万吨/年；虹威化工POSM及多元醇项目，设计乙苯装置规模50.8万吨/年、环氧丙烷/苯乙烯装置规模20/45万吨/年、聚醚多元醇装置规模11.25万吨/年、聚合物多元醇装置规模2.5万吨/年；虹港石化240万吨/年PTA三期项目等，公司以“少油多化，分子炼油”为理念，完全符合目前石油炼化行业的发展趋势。",0.8251547
2022-08-24,301,东方盛虹,EVA带动业绩上行，大炼化及新材料值得期待,EVA带动业绩环比提升。2022年上半年公司实现营收302.42亿元，同比+15.66%；归母净利润16.36亿元，同比-44.06%。其中二季度单季度实现营收164.69亿元，环比+19.57%；归母净利润9.48亿元，环比+37.69%，我们认为业绩环比提升主要因为EVA产品在二季度涨价，盈利大幅提升。子公司方面，上半年斯尔邦实现净利润13.4亿，国望高科实现净利润3.01亿，虹港石化实现净利润2.95亿,0.06891066
2022-10-31,301,东方盛虹,短期业绩承压，炼化+新材料带来全新机遇,事件：2022年10月28日晚，东方盛虹发布2022年度三季度报告。2022年前三季度公司实现营业总收入467.08亿元，同比增长16.17%；实现归母净利润15.77亿元，同比下降59.99%；扣非净利润11.33亿元，同比下跌19.04%；经营活动产生的现金流量净额为32.00亿元，同比下降10.89%；基本每股收益为0.26元/股，同比下降60.61%，加权平均资产收益率为5.42%，同比变化为-9.50pct。,0.23227149
2022-11-14,301,东方盛虹,短期业绩承压，大炼化+新材料推动未来成长,业绩短期承压。2022年前三季度公司实现营收467.08亿元，同比+16.17%；归母净利润15.77亿元，同比-59.99%。其中三季度单季度实现营收164.66亿元，环比持平；归母净利润-0.59亿元，环比出现亏损，扣非净利润-4.63亿。我们认为业绩环比下降主要原因在于公司传统业务板块在三季度表现不佳，并且公司核心盈利产品EVA在三季度也处于淡季，短期业绩有一定压力。E VA处在淡季，四季度需求有望改善。目前华东地区国产发泡料价格约20000元/吨，线缆料价格约21000-23700元/吨，光伏料价格约28800元/吨。考虑到2022年光伏新增装机容量的乐观需求，2022年光伏料新增需求量有望较2021年超过40万吨，如果按照400GW新增装机量测算，2025年全球光伏料需求量可达200万吨以上，因此高端光伏料供需紧张格局进一步加剧，我们认为2年内EVA行业仍然处于高景气周期，近两月国内主力装置检修频繁，同时四季度光伏组件需求有望环比明显改善，我们看好EVA价格未来中长期的继续上涨。,0.14974529
2022-11-24,301,东方盛虹,炼化投产在即，EVA景气向上,"事件描述
10月28日晚间，东方盛虹发布2022年三季度报告，公司2022年前三季度实现收入467.08亿元，同比增加16.17%；归母净利润15.77亿元，同比减少59.99%；实现扣非净利润11.33亿元，同比减少19.04%，基本每股收益0.26元。",1.1853471
2022-12-04,301,东方盛虹,入局锂电材料赛道，布局POE加码光伏材料,"事件描述
（1）11月29日晚，东方盛虹发布公告，二级控股子公司湖北海格斯新能源股份有限公司拟投资建设配套原料及磷酸铁、磷酸铁锂新能源材料项目，项目总投资186.84亿元，建设期为2年。",0.12716132
2022-12-29,301,东方盛虹,大炼化项目全面投产，公司发展迈上新台阶,"公司公告，盛虹炼化（连云港）有限公司1600万吨炼化一体化项目全面投产。
国信化工观点：1）大炼化全面投产，将为下游新能源新材料、高性能化学品生产提供规模化、低成本、丰富的原材料，增强公司竞争优势；2）EVA当前处在淡季，看好中长期迎来上涨通道；3）聚酯板块表现不佳，明年或将迎来拐点；4）在建新材料项目提升综合竞争力；5）维持22-24年归母净利润为20/72/135亿元，摊薄EPS=0.22/0.79/1.46元/股，当前股价对应PE=60/17/9x。维持“买入”评级。",0.07089752
2023-02-16,301,东方盛虹,22年盈利承压，大炼化+新材料高速布局,事件：公司披露年度业绩预告，2022年预计实现归母净利润5-7.5亿元，同比下降83.61%-89.07%；扣非归母净利润0.2-2.7亿元，同比下降78.85%-98.43%。2022年Q4预计实现归母净利润-10.77亿元到-8.27亿元，环比下降1507%-1932%；扣非净利润-11.13亿元到-8.63亿元，环比下降287%-341%。,0.9040524
2023-02-27,301,东方盛虹,公司事件点评报告：22年业绩承压，复苏带动业绩修复，新材料布局助力长期成长,"事件
公司发布2022年度业绩预告：预计归属于上市公司股东的净利润为5亿元-7.5亿元，同比下降83.6%-89.1%；扣除非经常性损益后的净利润0.2-2.7亿元，同比下降78.9%-98.4%。2022年Q4预计实现归母净利润-10.8亿元到-8.3亿元，环比下降1302%-1725%。",1.2834811
2023-04-18,301,东方盛虹,公司短期业绩承压，大炼化有望迎来修复,"事件：2023年4月17日晚，东方盛虹发布2022年年度报告。2022年，公司实现营收638.22亿元，同比+21.13%；实现归母净利润5.48亿元，同比-88.02%；扣非后归母净利润0.85亿元，同比-93.33%；实现基本每股收益0.09元，同比-88.16%。
其中，2022年Q4单季度，公司实现营收171.14亿元，同比-38.02%，环比+3.94%；实现归母净利润-10.29亿元，同比-133.05%；扣非后归母净利润-10.48亿元，环比-126.35%；实现基本每股收益-0.16元，同比-130.77%。",1.0962089
2023-04-19,301,东方盛虹,2022年年报点评：盈利短期承压，项目全面投产业绩反弹在即,事件： 2022 年，公司实现营业收入 638.22 亿元，同比上升 21%； 归母净利润 5.48 亿元，同比下降 88%；扣非归母净利润 0.85 亿元，同比下降 93%。 2022 年 Q4 实现归母净利润-10.29 亿元， 同比下降 263%， 环比下降1744%； 扣非净利润-10.48亿元， 同比下降695%， 环比下降126%。,0.5611322
2023-04-21,301,东方盛虹,宏观波动导致业绩承压，需求有望触底回暖,"主要观点：
事件描述",0.89726514
2023-04-21,301,东方盛虹,2023年一季报点评：业绩明显改善，产能持续扩张,事件：2023Q1，公司实现营业收入295.34亿元，同比上升114%，环比上升73%；归母净利润7.17亿元，同比上升5%，环比上升170%；扣非归母净利润6.97亿元，同比上升1%，环比上升167%；毛利率14.32%，同比上升2.06pct；净利率2.42%，同比下降2.56pct。公司业绩同比上升，环比大幅改善，疫后复苏进程迅速推进。2023Q1，公司经营性现金流23.37亿元，同比上升374%，在手资金充足，可持续发展能力优异。,0.023418128
2023-04-21,301,东方盛虹,一季度盈利修复，大炼化未来可期,事件：2023年4月20日晚，东方盛虹发布2023年一季度报告。2023年一季度，公司实现营收295.34亿元，同比114.44%，环比72.57%；实现归母净利润7.17亿元，同比4.75%，环比169.68%；扣非后归母净利润6.97亿元，同比1.26%，环比166.51%%；实现基本每股收益0.11元，同比1.26%，环比166.51%。,0.40586674
2023-04-23,301,东方盛虹,业绩底部反转，需求回暖可期,2022年业绩承压，但23Q1底部反转。2022全年实现营收638.22亿元，同比+21.13%；归母净利润5.48亿元，同比-88.02%。其中四季度单季度营收171.14亿元，环比+3.94%；归母净利润-10.29亿元，环比-1650.32%。2023年一季度实现营收295.34亿元，环比+72.57%；归母净利润7.17亿元，环比扭亏为盈。2023年以来在需求修复带动下，公司业绩改善较为明显。EVA仍然维持较高利润水平。2022年公司EVA产品实现收入65.71亿元，同比+2.73%；毛利27.52亿，同比-2.52%。目前华东地区国产发泡料价格约16500元/吨，线缆料价格约16000-16500元/吨，光伏料价格约18000元/吨。卓创资讯测算，目前行业税前毛利约6000-7000元/吨，仍然维持较好的利润水平。考虑到2023年硅料投产后光伏新增装机容量的乐观需求，高端光伏料供需紧张格局进一步加剧，我们认为2年内EVA行业仍然处于高景气周期，近期硅料价格稳定下行，有望进一步刺激下游组件环节需求，保障公司EVA产品的利润。,0.04813063
2023-04-24,301,东方盛虹,炼化项目顺利投产，行业景气度回暖上行,"2022年公司实现营业收入638.22亿元，同比增长21.13%；归母净利润5.48亿元，同比减少88.02%。2023年第一季度实现营收295.34亿元，同比增长114.44%，归母净利润7.17亿元，业绩由负转正。2023年以来业绩持续回暖，基于公司EVA产品景气度延续，炼化业务投产顺利，维持买入评级。
支撑评级的要点",0.064662576
2023-08-11,301,东方盛虹,炼化盈利增效显著，公司业绩增长可期,事件：2023年8月10日晚，东方盛虹发布2023年度中期报告。2023年上半年公司实现营业总收入659.00亿元，同比增长117.91%，环比增长96.25%；实现归母净利润16.80亿元，同比增长3.21%，环比增长254.41%；扣非净利润15.60亿元，同比下降2.26%，环比增长203.24%；经营活动产生的现金流量净额为75.85亿元，同比增长24.20%，环比增长260.84%；基本每股收益为0.25元/股，同比下降7.41%，加权平均资产收益率为4.61%，同比下降1.2pct。,0.05959475
2023-08-11,301,东方盛虹,2023年半年报点评：炼化景气回升，新材料构筑第二增长极,"事件1：2023年8月10日，公司发布23H1业绩，实现营业收入659亿元，同比上涨118%；实现归母净利润16.8亿元，同比上涨3%；实现扣非净利润15.6亿，同比下降2%。其中23Q2单季度，实现归母净利润9.6亿元，同比上涨2%、环比上涨34%，已连续两个季度实现环比增长。
事件2：2023年6月14日，公司发布第四期员工持股计划，拟筹集资金总额不超过12.8亿元，其中员工自筹资金不超过6.4亿元。",0.102873504
2023-08-13,301,东方盛虹,公司事件点评报告：炼化增厚业绩，新材料布局助力长期成长,"事件
东方盛虹发布2023年中报：上半年公司实现营业收入659亿元，同比增长117.91%；净利润16.8亿元，同比增长3.21%。其中Q2单季度实现营收363.65亿元，同比增长120.81%，环比增长23.13%，实现归母净利润9.63亿元，同比增长1.58%，环比增长34.31%。",0.05400163
2023-08-14,301,东方盛虹,二季度业绩环比显著提升，新材料成长可期,"2023 年二季度业绩环比显著提升。 2023 年上半年公司实现营收 659 亿元，同比+118%； 归母净利润 16.8 亿元， 同比+3%。 其中二季度单季营收 363.65亿元， 环比+23%； 归母净利润 9.64 亿元， 环比+34%。 上半年随着公司大炼化项目的逐步达产， 业绩环比持续提升。
大炼化项目全面投产贡献增量， 油品利润保持较高水平。 公司炼化项目于2022 年 12 月顺利打通全流程并全面投产， 2023 年上半年实现净利润 19.3亿。 根据卓创资讯， 上半年随着经济温和复苏， 国内炼油行业景气度有所回升， 国内汽柴油裂解价差持续高位波动， 其中柴油裂解价差基本处于1000-1700 元/吨区间， 均值为 1259.7 元/吨， 同比上涨 45.34%； 汽油在1100-1800 元/吨区间， 均值为 1405.8 元/吨， 同比上涨 57.2%。 步入“金九银十” ， 暑期驾车出行频率较高， 基建、 运输等行业活跃度增加， 汽柴油需求迎来阶段性旺季， 预期公司油品利润仍然维持较高水平。",0.016146898
2023-08-14,301,东方盛虹,炼化一体化全面投产，需求有望回暖,"事件描述
8月10日，东方盛虹发布2023年半年度报告，实现营业收入659.00亿元，同比增长117.91%；实现归母净利润16.80亿元，同比上涨3.21%；实现扣非归母净利润15.60亿元，同比下降2.27%；实现基本每股收益0.25元/股。其中，第二季度实现营业收入363.65亿元，同比上涨120.81%，环比上涨23.13%；实现归母净利润9.63亿元，同比上涨2.09%，环比上涨34.31%；实现扣非归母净利润8.62亿元，同比下降4.94%，环比上涨23.67%。",0.17733747
2023-08-16,301,东方盛虹,炼化平台业绩释放，盈利能力持续修复,2023年上半年公司实现营业收入659.00亿元，同比增长117.91%；归母净利润16.80亿元，同比增长3.21%。2023年第二季度实现营收363.65亿元，同比增长120.81%，归母净利润9.63亿元，同比增长2.09%，环比增长34.31%。2023年以来业绩逐季度提升，基于公司向全产业链延伸以及炼化行业景气度回暖，维持买入评级。,0.03396386
2023-09-28,301,东方盛虹,子公司拟引入沙特阿美作为战投，强强联合未来可期,事件1：公司与沙特阿美亚洲签署了战略框架协议，协议内容主要包括：1）沙特阿美或其关联方拟战略入股江苏盛虹石化产业集团有限公司（公司全资子公司，简称“石化产业”），并持有其少数股权；2）双方拟在原油采购、产品销售、高附加值技术许可等方面开展合作。上述框架协议不涉及具体金额，仅为双方达成的初步意向，在协议签署后，双方将尽快开展尽职调查、审计、评估等工作。,0.28259933
2023-10-28,301,东方盛虹,2023年三季报点评：Q3业绩小幅承压，新材料建设有序推进,"事件：公司发布2023年三季报，实现营业收入1036亿元，同比+122%；归母净利润24.8亿元，同比+57%，扣非净利润20.5亿，同比+81%。其中23Q3单季度，实现归母净利润8.0亿元，同比+1458%、环比-17%，扣非净利润4.9亿元，同比+207%、环比-43%，业绩略低于预期。
油价中枢回升贡献库存收益，炼化产品价格整体上涨。1）2023年上半年国际油价震荡下跌，公司累计计提6.2亿存货减值损失（其中Q1/Q2分别计提2.7亿/3.5亿），对业绩形成拖累。进入下半年以后，受OPEC+减产等因素驱动，油价扭转了自去年二季度以来的下行趋势，其中Q3期间布伦特原油均价回升至85.8美元/桶，环比+7.9美元/桶（+10%），对公司业绩形成正向贡献。2）受油价中枢抬升影响，炼化产品价格整体上涨，其中Q3期间汽油、柴油、PX、纯苯、LLDPE、聚丙烯、丁二烯均价分别环比+3%、+2%、+7%、+11%、+3%、-0%、+1%。",0.11526048
2023-10-29,301,东方盛虹,费用端拖累业绩，新材料战略全面发力,"主要观点：
事件描述",1.1013523
2023-10-29,301,东方盛虹,23Q3业绩同比向好，引入战投开辟新篇章,事件：2023年10月27日，东方盛虹发布三季度报告，2023年前三季度，公司实现营业收入1036.42亿元，同比上涨122%；实现归母净利润24.79亿元，同比上涨57%；扣非后净利润20.53亿元，同比上涨81%；经营活动现金流量净额60.22亿元，同比上涨88%；基本每股收益0.37元/股，同比上涨42%；资产负债率为79.90%，同比上涨1pct，较2022年全年上涨1pct。,0.0453524
2023-11-20,301,东方盛虹,经营业绩短期承压，拟引入战投强化信心,2023年前三季度公司实现营业收入1036.42亿元，同比增长121.89%；归母净利润24.79亿元，同比增长57.15%。2023年第三季度实现营收377.43亿元，同比增长129.22%，环比增长3.79%；归母净利润7.98亿元，同比增长1667.41%，环比下跌17.13%。公司拟引入战投沙特阿美，增强市场信心，同时随着行业景气度修复，经营业绩有望改善，维持买入评级。,0.2423876
2023-12-18,301,东方盛虹,公司动态研究报告：Q3业绩同比改善，布局新材料助力成长,"油价中枢上移贡献收益，炼化行情静待修复
巴以冲突和俄乌冲突等地缘政治风险仍存在不确定性，外加OPEC+依然控制着全球的剩余产能，再加上巴西作为观察员加入OPEC+，全球原油库存仍处于低位，2023年Q3油价平均为86.75美元/桶，同比增加10.89%，环比减少12.57%。受油价中枢抬升影响，炼化产品价格整体上涨，叠加多数炼油炼化品种库存已到达阶段性低位，价格表现较强，公司营收大幅增加。此外，2023Q3由于成本相应增加与在建工程转固导致营业成本上涨，带来利润环比有所下滑。",0.85567164
2024-04-29,301,东方盛虹,2023年年报点评：盛虹炼化投产贡献业绩，新材料转型未来可期,"事件：公司发布2023年年报，实现营业收入1404亿元，同比+120%，归母净利润7.2亿元，同比+17%，其中23Q4实现营业收入368亿元，同比+114%、环比-3%，归母净利润-17.6亿元，同比亏损扩大、环比由盈转亏，业绩略低于预期。
盛虹炼化投产贡献业绩，斯尔邦盈利同比下滑。1）分版块来看，23年盛虹炼化实现净利润4.8亿元，同比+12.7亿元，主要系炼化后业绩逐步释放。斯尔邦石化实现净利润7.5亿元，同比-6.8亿元，主要系EVA产品价格下跌拖累，其中23年EVA光伏料均价同比下跌7681元/吨，跌幅显著高于原材料价格。虹港石化实现净利润-2亿元，同比-3.9亿元，主要系PTA价差收窄。盛虹化纤实现净利润1.1亿元，全年实现化纤产品销售274万吨，同比+56万吨，主要系开工率提升以及芮邦科技新产能释放。2）分季度来看，Q4期间公司盈利环比出现较大幅度下滑，主要系原材料及产品价格下跌，导致存货跌价增加，其中Q4期间油价累计跌幅达15美元/桶，下游产品价格也整体下跌，受此影响，公司计提12.4亿元存货跌价损失，环比多提9亿元。此外，随着盛虹炼化完全转固，公司财务及折旧费用也有所增加，其中23Q4财务费用环比+2.8亿。",1.333496
2024-04-30,301,东方盛虹,存货减值带来短期盈利承压，大炼化业绩潜力有望释放,事件：2024年4月25日，东方盛虹发布2023年年度报告，2023年公司实现营业收入1404.40亿元，同比上涨119.87%；实现归母净利润7.17亿元，同比增长17.35%；扣非后净利润2.17亿元，同比增长155.20%；经营活动现金流量净额83.43亿元，同比增长379.00%；基本每股收益0.11元/股，同比增长22.22%。,0.07360119
2024-05-14,301,东方盛虹,炼化一体化产能释放，24Q1销售毛利率修复,"2023年度公司实现营业收入1,404.40亿元，同比增长119.87%；归母净利润7.17亿元，同比增长17.35%。2024年第一季度实现营收367.39亿元，同比增长24.34%环比下跌0.16%；归母净利润2.47亿元，同比下跌66.53%，环比增长114.01%随着行业景气度修复，公司经营业绩有望提升，维持买入评级。
支撑评级的要点",0.062625825
