report_date,stock_code,company_name,title,summary,sentiment_label,sentiment_score,gap_score
2020-10-22,1,平安银行,1-3Q2020业绩点评：3Q净利增速回升，源于资产质量改善反哺,平安银行发布三季报，公司1-3Q2020营收增13%至1166亿，净利降5.2%至224亿，其中3Q营收增8.8%至382亿，净利增6.1%至87亿。3Q利润增速转正，系公司在资产质量改善的背景下信用成本改善所致。从收入端来看，源于前三季度信贷放量，推升利息净收入实现近两位数增长。息差方面，继续回落。非息收入方面，基金销售向好及对公业务恢复推动手续费快速。资产质量方面，3Q有所改善，居民类信贷及企业类信贷质量均向好。展望未来，尽管银行业息差依旧有压力，不过在国内疫情基本得到控制的背景下，零售类贷款或继续边际改善，且对公贷款或持续受益于基建投资放量。综上而言，我们维持“买进”的投资建议。,neutral,-0.00030031402,0.09537244
2020-10-26,1,平安银行,平安银行：净利润增速回正，资产质量拐点已现,"事件： 平安银行发布三季报， 2020 年前三季度实现营业收入1165.64 亿元， 同比增长 13.2%；归母净利润 223.98 亿元,同比下滑5.2%。不良率 1.32%， 较上年末及三季度末下降 33BP；拨备覆盖率218.29%，较上年末提升 35.17 个百分点。
三季度净利润增速回正，拨备计提压力下降是主因。 前三季度归母净利润同比下降 5.2%，三季度单季同比增长 6.1%。三季度净利润增速较上季度有较大幅度的改善，拨备计提压力下降是主因。三季度确认信用减值损失 159 亿元，同比增长 15%，环比下降 29%。",neutral,0.00012859236,0.2015664
2020-12-01,1,平安银行,金融科技赋能，零售对公协同发展,"平安银行依托集团资源优势，零售转型成效显现，零售板块收入和税前利润贡献度已过半。同时随着公司对公业务调整逐步，存量资产质量包袱减轻，基本面改善明显，主营业务表现向好。公司 2019 年提出“对公做精”战略，与集团综合金融平台形成的协同效应值得期待。维持买入评级。
支撑评级的要点",neutral,-0.00025226857,1.0203416
2020-12-28,1,平安银行,积极进取的零售银行，受益于经济复苏，消费端回暖,"结论与建议：
平安银行在今年疫情冲击的大宏观环境下，业绩表现出一定的压力，但已经边际改善。从零售获客方面来看，在零售客户快速增长背景下做大AUM，从而派生海量的存款，实现其较低的负债端优势。展望未来，我们认为银行行业压力最大的时刻即将过去：1、逆周期调节背景下政策方面监管要求让利的条件将消退；2、货币政策回归正常化背景下，有利于银行资产端定价；3、我们认为，在经济企稳回升的背景之下，消费逐渐恢复，企业现金流改善，对银行行业零售和对公业务均有帮助。平安银行作为行业零售银行标杆，将充分受益于经济复苏及消费端回暖，并带来业绩弹性。综上而言，我们维持“买进”的投资建议。",neutral,-0.00034528054,0.054870784
2020-10-31,2,万科A,三季度结算略超预期,"事件
10月29日晚间，万科发布2020年三季度业绩，1-9月实现累计营业收入2414.9亿元，同比增长7.9%；权益净利润198.6亿元，同比增长8.9%。",neutral,-0.00010305879,0.11401451
2020-11-03,2,万科A,业绩稳健 土地储备充足 杠杆仍有下降空间,"事件描述： 公司发布 2020 年三季报， 前三季度，公司实现营业收入 2414.91亿元， 同比+7.85%；归母净利润 198.63 亿元，同比+8.89%；其中 Q3 实现营业收入 951.42 亿元，同比+12.47%；归母净利润 73.55 亿元，同比+14.94%。
事件点评：",neutral,-0.0076017897,0.59974396
2020-11-04,2,万科A,销售增速由负转正，物业公司更名彰显雄心,业绩总结：2020Q1-Q3公司实现营业收入2414.9亿元（+7.9%），其中，房地产开发业务收入为2139.1亿元（+7.4%），占总营收的88.6%；实现归母净利润198.6亿元（+8.9%），其中，公司2020Q3单季营收达951.4亿元（+12.5%），单季归母净利润达73.6亿元（+14.9%）。2020Q1-Q3房地产开发及相关资产经营业务收入的毛利率为22.9%。,neutral,-0.082207896,0.2970913
2020-11-05,2,万科A,三季报点评：业绩稳增长，拿地转进取,业绩稳健增长，结算结构拖累毛利率阶段性下滑。公司前三季度实现营业收入2414.9亿，同比+7.9%，实现归母净利润198.6亿，同比+8.9%。受结算结构及限价政策影响，期内房地产业务结算面积1725.0万方，同比+18.6%，结算均价12400元/平，同比-17.8%，拖累销售毛利率同比下降6.1pct至29.9%。截至期末公司已售未结资源达7248.8亿元，较上年末增长19.0%，覆盖去年地产业务结算收入2.1倍，未来业绩保障系数良好。,neutral,0.033006527,1.1857549
2020-10-30,21,深科技,业绩表现亮眼，大力加码存储封测,"一、事件概述
10月29日，公司公告2020年前三季度实现营收105.72亿元，同增4.81%，归母净利4.46亿元，同增62.25%。同时公告，公司非公开发行A股股票获中电集团批复。",neutral,-0.00021889809,0.051965654
2020-10-23,26,飞亚达,Q3利润创新高，继续看好公司后续业绩弹性,"一、事件概述
公司10月22日发布公告，前三季度归母净利2.15亿元，同比增20%；其中Q3实现归母净利1.37亿，同比增148%。",neutral,-0.00021680538,0.06659597
2020-10-26,28,国药一致,三季度业绩加速恢复，并购扩张促增长,业绩总结：公司2020前三季度实现营业收入428.8亿元（+8.8%），实现归母净利润10亿元（+4%），扣非归母净利润为9.8亿元（+4.1%），经营活动产生净现金流量净额19.8亿元（+87.3%）。其中，Q3营收157.1亿元（+13.7%），归母净利润3.5亿元（+14.1%），扣非归母净利润为3.5亿元（+16.8%），经营活动产生净现金流量净额5.5亿元（+778.4%）。,neutral,-0.008305403,0.5858114
2020-10-13,34,神州数码,深度报告：鲲鹏生态核心成员，“云+信创”成为公司主要增量,疫情推动叠加新基建，公司积极布局云及数字化业务。2020年上半年，公司营业收入中IT分销业务占比为96.78%，同比减少5.32%；云计算及数字化转型业务占比2.56%，同比增加88.12%；自主品牌业务占比0.64%，同比增加3.41%。其中，IT分销业务受疫情影响略有下降，但总体仍保持稳定增长。云计算及数字化转型业务增长迅速，自公司2017年业务实现云转型以来，17年-19年云服务收入年均复合增长率为96.36%，2020年上半年实现收入10.38亿，成为公司收入的强劲增长点。,neutral,-9.57677e-05,1.0414603
2020-11-02,34,神州数码,业务加速增长彰显IT渠道价值,"事件
公司发布2020年三季报。三季度实现营业收入230.67亿元，同比增长11.76%；实现归母净利润1.50亿元，同增长31.91%；前三季度实现营收636.87亿元，同比增长1.13%，实现扣非后归母净利润为4.48亿元，同比增长10.11%。",neutral,-0.00014507922,0.0550853
2020-11-02,34,神州数码,三季度业绩亮眼，云服务和信创进展顺利,"事件： 公司发布三季报，前三季度公司实现收入 636.87 亿元，同比增长1.13%；实现归母扣非净利润 4.48 亿元，同比增长 10.11%。
收入利润已实现同比增长，三季度业绩大幅提升： 公司前三季度已实现收入和归母扣非净利润正向增长，其中第三季度单季实现 230.67 亿元，同比增长 11.76%；实现归母净利润 1.50 亿元，同比增长 31.91%，实现后疫情时代业绩高增。 第三季度，神州数码云及数字化业务持续保持量质齐升，收入同比增长 80%，并取得厂商端、客户端、第三方机构认证等领域的突破性进展，信创业务完成系列产品首发，并在多行业成功落地，开启发展新篇章。 公司云计算和信创战略业务扎实推进，研发投入持续增加， 前三季度累计研发投入 1.08 亿元，同比增长 34.53%。",neutral,-3.2631186e-05,0.03647083
2020-11-03,34,神州数码,神州数码：Q3单季利润增速大幅转正，信创及云服务加速确定性高,"事件： 10 月 30 日，公司披露 3 季度报，前三季度归属于母公司所有者的净利润 3.94 亿元，同比减少 22.85%；营业收入636.87 亿元，同比增长 1.13%。
点评：",neutral,-0.0010970559,0.13984579
2020-10-29,39,中集集团,困境反转，拐点已现,Q3 单季度业绩同比 +2124%， 谷底反转： 2020 年前三季度，公司共实现营业收入 635.92 亿元，同比+3.1%；归母净利润 6.98 亿元，同比+9.6%；扣非归母净利润 1.96 亿元，同比-51.0%。其中 Q3 单季度，实现营业收入 241.60 亿元，同比+27.5%；归母净利润 8.80 亿元，同比+2123.7%；扣非归母净利润 4.32 亿元，同比+949.3%。,negative,-0.31840867,0.42994845
2020-10-29,39,中集集团,集装箱行业周期复苏，公司有望开启新一轮成长,"报告摘要
量价齐升，集运迎来复苏大周期。公司是全球领先的物流及能源行业设备及解决方案供应商，目前主要从事集装箱、道路运输车辆、能源/化工及液态食品装备、海洋工程装备、空港/消防及自动化物流装备的制造及服务业务，公司各个产品线均为全球领先，公司的标准干货集装箱、冷藏箱产销量保持全球第一；据国际罐式集装箱协会调查统计，罐式集装箱的产销量保持全球第一；是全球销量第一的半挂车生产制造商；登机桥业务综合竞争力位居全球领导者地位，为全球三大旅客登机桥制造商之一，中国市场份额连续四年占比95%以上；亦是中国领先的高端海洋工程装备企业之一。",neutral,-0.0003151886,0.07236141
2020-12-23,49,德赛电池,整合NVT，倚靠ATL，3C电池封装最大平台横空出世,"事件：公司今日发布公告：公司正筹划有关全资子公司惠州市德赛电池有限公司通过增资方式引入战略投资者的重大资产重组事项。2020年12月22日，公司与香港新能达科技有限公司签署了《重组意向书》，拟由香港新能达以其持有的东莞新能德科技有限公司全部股权作价对惠州电池增资，增资完成后，香港新能达持有惠州电池不超过49%的股权,本公司将持有惠州电池剩余的股权，而惠州电池将持有东莞新能德的全部股权。",negative,-0.99637413,0.13905668
2020-10-28,50,深天马A,利润端改善强于营收表现，期待AMOLED放量,"事件：公司发布2020年三季度业绩报告，前三季度实现营业收入226.8亿元，同比下降3.2%，归属母公司净利润为12.3亿元，同比增长19.0%。第三季度公司实现营业收入为86.3亿元，同比下降2.3%，归属上市公司股东净利润为4.9亿元，同比增长24.6%。
营收表现稳定，调结构持续见效：公司前三季度营收保持相对稳定伴有小幅下滑，在新冠疫情冲击、安卓系厂商表现欠佳的市场环境下，公司营收仍相对稳定得益于产品结构上的调整。公司核心业务智能手机面板以技术附加值高的打孔屏为主，上半年LTPS中约60%出货为打孔屏，单片价格保持较高水平，抵御了外部环境的不利影响。前三季度毛利率为18.5%，同比提升2.2个百分点，产品结构调整成效自年初以来持续释放，我们预计毛利率仍有不断提升空间。",neutral,-0.0002517869,0.034006298
2020-10-28,50,深天马A,公司信息更新报告：2020Q3业绩符合预期，全力推进TM17二期量产,"2020Q3 毛利率改善明显，维持“买入”评级。
2020 前三季度，公司实现营收 226.83 亿元，同比-3.15%，归母净利润 12.31 亿元，同比+19.04%，扣非净利润 6.89 亿元，同比增长 26.50%。其中，2020Q3收入同比下滑 2.3%，归母净利润 4.86 亿元，同比+24.6%，扣非净利润 2.64 亿元，同比-2.0%。 考虑到公司产品结构持续改善， 我们调整 2020-2022 年归母净利润至 14.94/16.22/19.25 亿元（前值 12.30/13.65/19.25 亿元）， EPS 为0.61/0.66/0.78 元（前值 0.60/0.67/0.94） ，当前股价对应 PE 为 24.7x、22.7x、19.1x，维持“买入”评级。",neutral,-0.0024307799,0.81569856
2020-10-29,50,深天马A,疫情影响渐轻，车载全面复苏,"事件：公司2020年前三季度实现营业收入226.83亿元，同比下滑3.15%，实现归母净利润12.31亿元，同比增长19.04%，实现扣非归母净利润6.89亿元，同比增长26.5%。
其中第三季度实现营业收入86.26亿元，同比下滑2.27%，归母净利润4.86亿元，同比增长24.61%，扣非归母净利润2.64亿元，同比下滑2.05%。",neutral,-0.0005747279,0.361987
2020-10-29,63,中兴通讯,三季报点评报告：保持高研发投入，Q3扣非净利润大幅增长,"事件:
2020年10月28日，中兴通讯公布了第三季度财报，公司前三季度营业收入741.29亿元，同比增长15.39%；归母净利润27.12亿元，同比下跌34.30%；扣除非经常性损益的净利润14.46亿元，同比上涨103.59%。",neutral,-0.0003741738,0.043798268
2020-10-30,63,中兴通讯,业绩迅速增长，未来上升动力强劲,"业绩总结：公司2020年前三季度实现营业收入741.3亿元，较去年同期增长15.4%；实现归母净利润27.1亿元，较去年同期下降了34.3%。
5G建设加速推进，公司业绩迅速增长。上半年国内电信行业稳健发展，公司受益于国内移动互联网的快速增长和5G建设的全面铺开，国内市场实现营业收入317.5亿元人民币，占本集团整体营业收入的67.3%。但是公司海外业务上半年受疫情影响较为严重，实现营收154.5亿元，同比下滑了10.1%。但随着国内运营商5G建设加快以及政企持续推进通信建设采购，公司业绩长期向好。公司在一季度业绩受疫情冲击后，二季度迅速复工复产，业绩企稳回升。公司Q3单季度实现营收269.3亿元，同比提升了37.2%；实现归母净利润8.6亿元，同比下降了67.8%，扣非净利润实现5.4亿元，同比增长了454.7%。业绩回稳的主要原因是公司的运营商网络及政企业务营业收入较上年同期均有增长。",neutral,0.00011877634,0.108162045
2020-12-28,63,中兴通讯,5G时代，不一样的中兴通讯,推荐逻辑：中兴三步走战略：恢复、发展、超越，正处于从恢复阶段向发展阶段前进。随着全球5G大规模组网的进行，在国内平稳的基础上，其他亚洲地区有望快速推进5G，公司在芯片上不受限制，且在人力和技术有长期的竞争优势，保障公司运营商业务快速增长。参考4G时期，随着5G持续推进，毛利率是逐渐提升的过程，同时5G的海外可达市场空间更大，技术相比于4G更具有竞争力。5G换机潮为中兴重启终端业务提供了良好的机遇，中兴技术积淀深厚，终端业务有望迎来改善。收购中兴微电子剩余股权，有望迎来价值重估。,neutral,-0.00020618891,1.0646075
2020-11-02,66,中国长城,第三季度业绩超预期,"事件：公司发布2020年三季报，前三季度实现营业收入74.60亿元，同比增加4.33%；前三季度实现归母净利润-1.63亿元，同比减少171.58%。
第三季度业绩超预期。第三季度公司实现营业收入35.31亿元，同比增长25.23%；实现净利润1.38亿元，同比增长248.19%，处于之前业绩预告的上限；实现扣非归母净利润1.00亿元，同比增长209.63%；前三季度公司毛利率为22.65%，相比于去年同期增加了1.06个百分点。",neutral,-8.5722335e-05,0.0221982
2020-11-02,66,中国长城,三季度业绩大幅增长，信创业务高景气度,"事件：公司发布三季报，前三季度实现收入 74.60 亿元，同比增长 4.33%；实现归母净利润-1.63 亿元，同比下降-171.58%。
三季度拐点明显，单季度业绩呈现大幅增长： 公司上半年营收仍然同比下滑， 但前三季度已实现同比增长，经营逐渐摆脱疫情影响恢复正常。其中三季度单季实现收入 35.31 亿元，同比增长 25.23%，实现归母净利润 1.38 亿元，同比大幅增长 248.19%。 我们认为公司受益于信创产业发展进入业绩兑现期，公司信息安全整机及解决方案业务的景气度提升，从而带来公司业绩拐点，实现高速增长。",neutral,-7.159493e-05,0.018278182
2020-11-09,66,中国长城,子公司拟展开混改，业务进一步聚焦,"事件： 公司发布公告，长城金融拟展开混改， 拟出售长城医疗。
长城金融拟展开混改，并引入战略投资者。 混改之前， 湖南长城信息金融设备有限责任公司（ 简称“ 长城金融” ）为公司旗下湖南长城科技信息有限公司 100%持有。此次混改后， 长城金融将募集资金约60,803.51 万元， 公司持有 57%，战略投资者持有 23%，员工持股平台持有 20%，有利于优化长城金融公司治理结构， 激发企业活力。",neutral,-0.00026200467,0.84016085
2020-11-12,66,中国长城,公告再融资方案，助力科技新基建,"事件：公司发布公告，拟非公开发行不超过40亿元，本次发行股票数量不超过878,454,615股（含878,454,615股）。
大股东拟认购11亿元，彰显公司信心。本次非公开发行对象中包含中电有限、中电金控，中电有限为中国长城的控股股东及实际控制人中国电子直接控制的全资子公司，中电金控为中电有限的全资子公司。中电有限认购7.5亿元，中电金控3.5亿元。",negative,-0.9922561,0.37349617
2020-12-16,66,中国长城,公司首次覆盖报告：国产CPU巨头，充分受益国产化浪潮,"网信产品领导者，基于PK体系持续受益信创放量
中国长城作为国内的网络安全和信息化领导者，随着PK体系的逐渐完善和ARM生态的逐渐扩展，将持续受益于信创产业放量和国产CPU替换。通过资金募集和股权激励，公司将进一步绑定优质人才，完善产品研发体系和升级，业绩增长弹性大。我们预计公司2020-2022年的归母净利润分别为9.0/11.8/14.7亿元，EPS为0.31/0.40/0.50元/股。当前股价对应的2020-2022年PE为51X/39X/31X，相较于行业内其他公司估值均值低，首次覆盖给予“买入”评级。",neutral,-0.0009017157,0.19455236
2020-12-30,66,中国长城,公司信息更新报告：飞腾营收翻数倍，生态日益丰富,"持续受益子公司飞腾的快速发展，PK体系不断优化升级
中国长城作为天津飞腾的第一大股东，受益飞腾CPU芯片的快速发展。随着PK体系的逐渐完善和ARM生态的逐渐扩展，飞腾CPU芯片销售量将持续受益于信创行业需求增长。此外，通过资金募集和股权激励，公司将进一步绑定优质人才，完善产品研发体系和升级，业绩增长弹性大。我们维持对公司2020-2022年的归母净利润的预计，分别为9.0/11.8/14.7亿元，EPS为0.31/0.40/0.50元/股。当前股价对应的2020-2022年PE为56X/43X/34X，维持“买入”评级。",neutral,-0.00039973456,0.0799554
2020-12-31,66,中国长城,中国长城：收购迈普通信股权，网信平台功能强化,"事件：12月30日，中国长城发布公告，公司拟向中软系统等收购迈普通信技术股份有限公司（简称“迈普通信”）合计29.99%股份，相应转让价格约2.25亿元，此次交易构成关联交易。收购后，迈普通信将成为公司参股公司。
点评：",negative,-0.9967867,0.40328795
2020-11-24,69,华侨城A,销售持续向好，文旅逐步恢复,"销售持续向好，文旅同步复苏。10月份公司实现合同销售面积33.4万平，合同销售金额78.6亿元；1-10月份公司累计实现合同销售面积284.8万平，达2019年全年销售面积的113%,销售金额687亿元,达2019年全年销售金额79.5%。文旅方面，随着疫情放缓，公司举办多种活动吸引消费者，游客接待量处于持续向好、逐月改善的过程中。“十一”期间，华侨城旅游共接待游客近650万人次，为2019全年接待总量的12.5%，同时，南京欢乐谷已于11月11日正式开业，有望进一步增强公司盈利能力。",neutral,-0.0001002216,0.025917947
2020-12-17,69,华侨城A,华侨城的跨越与迭代,"作为我国文旅产业的排头兵和先行者，华侨城的辉煌过去毋庸置疑。然而到了2010-2015年，华侨城的利润增长出现疲态，净利润增速逐年下滑。随着新一任领导的到任，华侨城提出了“文化+旅游+城镇化”的战略，公司在产品、土地储备等多个方面进行调整，而华侨城也开始了跨越式发展的历程。
华侨城提出了文化+旅游+城镇化的战略，即以华侨城擅长的文化旅游产业为主要业务，通过导入文化相关新兴产业，提升城镇公共文化和公共服务水平，带动人口集聚和产业集聚,并反哺公司的文旅业务。在产品上，华侨城积极地对原有文旅产品进行迭代升级，创造性的打造了深圳欢乐海岸项目，并取得了不菲的租金收入，盈利能力较强。2019年，公司在顺德的欢乐海岸顺利开业，标志着欢乐海岸突破了过去欢乐谷项目仅布局于核心一、二线城市的藩篱。未来随着欢乐海岸的异地复制，公司未来仍有较大的成长空间。",neutral,-0.0007115356,1.0645096
2020-11-04,90,天健集团,业绩持续增长，城市服务深耕,业绩总结：公司发布 2020 年第三季度报告，截至报告期实现营业收入 99.6 亿元，同比增长 64.4%；实现归母净利润 13.7 亿元，同比增长 451.4%； 加权 ROE为 13.20%， 同比提升了 10.42pp。 公司盈利表现优秀， 每股净利润达到 0.6833元，同比增加 670.35%，存货周转天数持续两年下降，2020 第三季度同比下降7.6%，应收账款周转天数同比下降 26.2%，资本运转速度显著提升。,neutral,-9.996645e-05,0.016683877
2020-04-02,100,TCL科技,聚焦半导体显示，蓄势下一轮行业成长,"近日，公司发布2019年年报：报告期内实现营收749.33亿元，同比下滑33.90%；实现归属于上市公司股东的净利润26.18亿元，同比下滑24.52%。TCL科技备考口径完成营收572.7亿元，同比增长18.7%；归属于上市公司股东净利润26.2亿元，同比下降17.0%。
支撑评级的要点",neutral,0.03231097,0.3103025
2020-10-29,100,TCL科技,面板量价齐升，三季度业绩改善明显,"2020年10月28日晚，公司发布2020年三季报，业绩表现远超预期。2020年前三季度，公司实现净利润20.25亿元，同比下降21.42%。剔除一次性重组收益后，归属上市公司股东净利润同比增长28.9%。其中三季度净利润8.17亿元，同比增长68.48%，扣非后三季度业绩同比增168.13%。
资产重组效果显著，营业收入增长迅速",neutral,8.880277e-06,0.021942317
2020-10-29,100,TCL科技,三季度超悲观预期，内生外延共助业绩成长,事件：2020年10月28日，TCL科技发布三季报，2020年前三季度，公司实现实现营收487.1亿元，同比增长18.4%（重组后同口径）；归母净利润17.9亿元，同比增长28.9%（剔除资产重组收益后同口径）。Q3单季度，公司实现营收193.8亿元，同比增长28.9%，环比增长24.2%；归母净利8.2亿元，同比增长68.5%，环比增长2.1%；扣非净利6.8亿元，同比增长168.1%，环比增长232.2%。,neutral,-0.000172348,0.12557507
2020-10-30,100,TCL科技,Q3受益面板涨价业绩改善明显，行业格局向好,业绩总结： 公司披露 2020 年三季报业绩， 以重组后同口径计算公司 2020 前三季度营收 487.1 亿元，同比增长 18.4%； 剔除资产重组收益后同口径归母净利润 17.9 亿元，同比增长 28.9%；其中 Q3 单季营收 193.8 亿元，同比增长 28.9%，环比增长 24.2%，归母净利润 8.2 亿元，同比增长 68.5%，环比增长 2.1%，扣非归母净利润 6.8 亿元，同比增长 168.1%，环比增长 232.2%。,neutral,-0.00010359107,0.0539608
2020-11-02,100,TCL科技,TCL科技三季报点评：Q3营收净利大幅增长，面板龙头快速扩张,"Q3营收净利同口径下实现较快增长
公司前三季营收为487亿元，同口径下同比增18.4%；归母净利20.3亿元，扣除2.3亿资产重组受益后，同口径下归母净利同比增28.9%。口径的变化，源自2019H1的重大资产重组。Q3单季营收194亿元，同比增29.1%，环比增24.2%；扣非归母净利6.8亿元，同比增长168.1%。前三季度毛利率为10.68%，同比减少2.24pct；Q3单季毛利率为13.47%，同比增加5.65pct。",neutral,-0.00022657975,0.02078408
2020-11-02,100,TCL科技,Q3业绩环比改善，行业地位进一步夯实,[Table_Summary]一、事件概述10 月 28 日，公司发布 2020 年三季报：前三季度营收 487 亿元，同比-17%，归母净利润 20 亿元，同比-21%，扣非后归母净利润 8.6 亿元，同比+71%。Q3 营收 194 亿元，同比+29%，环比+24%，归母净利润 8.2 亿元，同比+68%，环比+2%，扣非后归母净利润6.8 亿元，同比+168%。 、 二、分析与判断? Q3 业绩高增长，毛利率同比改善1、 20Q3 毛利率 13.47%，同比+5.65pct，净利率 5.12%，同比+0.13pct， 销售/管理/财务分别为 1.15%/7.02%/2.77%，同比分别-0.17/+0.27/+0.89/+0.9pct，其中研发费用 9.18 亿元，同比增长 27%。Q3 业绩增长受益于：（1）大尺寸面板价格上涨+降本增效带来盈利能力上升；（2）新产能爬坡顺利，供应链环比改善，海外需求复苏，收入规模扩大。Q3资产减值损失 3.79 亿元（Q2 为 0.96 亿元）， Q3 单季 TCL 华星的折旧费用环比增加 5.73亿元，若剔除该影响，实际业绩更佳。? 受益面板涨价，TCL 华星 Q3 业绩环比大幅改善 1、Q3 面板供需格局改善+新产线产能顺利满产，第三季度 TCL 华星净利润 7 亿元，同比增长 152%，环比增加 6.59 亿,neutral,-0.00035034728,0.06237769
2020-12-14,100,TCL科技,外延并购与内生增长并进，公司步入收获期,TCL科技：发力面板核心业务，业绩释放进行时。公司是全球半导体显示龙头企业之一。近年来，公司不断进行架构调整：2019年剥离终端业务，明确以半导体显示为核心业务；2020年收购苏州三星进一步扩张面板产能；同期，公司积极布局未来发展新引擎，通过摘牌收购中环集团，进军硅片领域。至此，公司形成以半导体显示、半导体及半导体光伏、产业金融与资本三大业务板块为基础的主体架构。其中以TCL华星为代表的半导体显示业务为公司核心业务。随着产能的持续扩张，TCL华星营收持续增长。2020年前三季度，TCL华星实现营收323.8亿元，同比增长31.9%。此外，伴随面板价格回升，TCL华星已于3Q20进入业绩释放期，单三季度净利润6.99亿元，环比增长6.58亿元。由于涨价在三季度中逐月实现，华星主要利润仅来自9月份单月，因此公司盈利能力还未充分体现在利润当中，预计公司业绩将于四季度开始充分释放。,neutral,-0.0003277052,0.08028692
2020-11-16,155,川能动力,业务整合稳步推进，未来发展可期,"事件：公司公告1）拟出资9.27亿元收购川能锂能基金持有的能投锂业62.75%股权；2）暂缓收购鼎盛锂业51%股权；3）投资设立控股子公司，向新设公司转让所持四川省能投风电开发有限公司70%股权。
受让大股东优质资产，坐拥优质锂矿稀缺资源。川能锂能基金系公司控股股东四川省能源投资集团控制的合伙企业，主要从事锂电产业上游锂矿资源、基础锂盐产品、金属锂等产品的开发、生产和销售。截至5月31日，能投锂业经审计的总资产为5.4亿元，负债1500.2万元，净资产合计5.2亿元。1-5月能投锂业实现营业收入288.9万元，净利润亏损187.6万元。其坐拥李家沟矿区现已经勘探查明矿石储量为4036万吨，氧化锂（Li2O）储量51万吨，平均品位1.30%，属于我国少有的储量巨大、品位优良、矿石加工选冶性能良好，资源综合利用价值高的稀有金属锂矿，在建的李家沟锂辉石矿105万吨/年采选项目，是目前国内投资最大的锂矿采选项目，规划日处理4200吨原矿，年处理原矿105万吨，年生产精矿18万吨。本次受让是落实锂电产业布局的具体举措，目前项目正在建设过程中，在新能源汽车行业高速发展下，公司培育发展锂电产业链有望助力公司二次飞跃。",neutral,-0.013392313,0.28523344
2020-03-17,157,中联重科,工程机械精准复产的优秀样本，后周期龙头全年业绩高增长可期,"近期，受全球疫情冲击及外资持续流出影响，公司及工程机械相关标的均出现较大幅度下调，我们认为此次调整更多是交易层面，实际上近几天下游复工节奏明显加快、公司发货水平及订单也快速上涨，行业已开始积极向好，对公司一季度及全年业绩我们继续乐观，持续强烈推荐。
支撑评级的要点",neutral,8.665171e-06,0.030558527
2020-03-31,157,中联重科,经营质量续创历史最佳，全球疫情冲击无碍公司高速发展步伐,"公司发布2019年年报：全年共实现营收433.1亿元，同比增长50.9%，归母净利润43.7亿元，同比增长116.4%，经营性现金流62.2亿元，同比增长22.8%。
支撑评级的要点",neutral,-0.00021457483,0.04723108
2020-04-13,157,中联重科,核心产品一季度销售一枝独秀，公司有望持续引领行业价值攀升的新时代,"在疫情冲击的背景下，公司混凝土机械突破困难，逆势上扬，2020 年一季度产品销量增长明显，持续保持市场领先地位，其中泵车产品销量同比增长 25%，3 月更是达到近年来销售最高峰，稳坐行业头把交椅，充分彰显了公司混凝土产品强大的市场竞争力，也凸显公司持续引领行业创新发展的卓越实力。
支撑评级的要点",neutral,-6.836743e-05,0.054926693
2020-07-06,157,中联重科,定增66亿元加码挖掘机等，管理层认购10亿显信心,"事件
公司发布定增预案，向怀瑾基石、太平人寿、海南诚一盛和宁波实拓共4名特定对象募集资金不超过66亿元，用于挖掘机械智能制造项目和关键零部件智能制造项目等。公开发行12.5亿股，增发价格为5.28元/股。",negative,-0.99430835,0.15742165
2020-07-15,157,中联重科,半年报业绩超市场预期，公司市场地位持续提升,"事件：公司发布2020年半年报业绩预告，公司上半年盈利38-42亿，同比增长47.5%-63.03%。
半年报业绩超市场预期，后周期品种发力：2020H1公司盈利38-42亿，同比增长47.5%-63.03%，二季度单季度盈利27.74亿-31.74亿，同比增长76.24%-101.65%，业绩增长超市场预期，主要是上半年基建、新能源等下游行业需求保持高景气，公司核心产品混凝土泵车、塔式起重机、工程起重机订单和销量持续增长。同时，公司严控各项费用，随着销售规模增长，平均生产成本和费用率同比显著下降。",neutral,-2.3831351e-05,0.014895976
2020-11-01,157,中联重科,Q3业绩保持强劲增长，后周期龙头业绩确定性强,"事件：公司Q1-Q3实现营收452.44亿（+42.48%），归母净利润56.86亿（+63.41%），扣非净利49.56亿（+79.16%）。其中Q3单季实现收入164.17亿（+72.94%），归母净利润16.68亿（+84.51%），扣非净利14.51亿（+122.55%）。
行业需求旺盛+市占率提升，公司Q3业绩保持强势增长",neutral,-0.00024705386,0.020558417
2020-11-02,157,中联重科,"盈利持续提升,新品全面发力","事件：公司发布2020年三季报，2020年前三季度公司实现营收452.44亿元，同比增长42.48%；实现归母净利润56.86亿元，同比增长63.41%。实现扣非后归母净利润49.56亿元，同比增长79.16%。
点评：",neutral,-0.00020562147,0.040309608
2020-11-03,157,中联重科,季报点评报告：业绩持续高质量增长，后周期龙头业绩弹性强,"事件:
近日中联重科公布了2020年三季报。公司2020年前三季度实现营业收入452.44亿元，同比增长42.5%；实现归母净利润56.86亿元，同比增长63.4%；销售毛利率、净利率分别为28.5%、12.7%。",neutral,-0.00021397832,0.029884994
2020-11-03,157,中联重科,Margin risk priced in; Good buying opportunity,"Zoomlion’s 3Q20 profit is solid (+85% YoY) and management’s post-resultscomments on demand (+10% QoQ in 4Q20E) and margin (to improvesequentially) suggest that the business outlook remains favourable. We believethe recent share price pullback on concerns over margin was overdone and wesee this as good buying opportunity. We slightly took our 2020E-22E earningsforecast down by 2-4% after modelling higher sales volume but moreconservative margins. We fine-tuned our TP from RMB10.2 to RMB9.56, afterrolling over our base year to 2021E with a target multiple of 10x (previously 12x2020E",negative,-0.99229985,0.1268102
2020-11-03,157,中联重科,聚焦工程机械，业务经营实现质的飞跃,"主要观点：
事件： 公司发布三季报， 1-9 月份，实现营收 452.44 亿元，同比增长42.48%， 归母净利润 56.86 亿元，同比增长 63.41%； 单 Q3， 实现营收164.17 亿元，同比增长 72.94%， 归母净利润 16.68 亿元，同比增长84.61%。",neutral,-0.0002796861,0.10512495
2020-11-03,157,中联重科,多梯次产品打造成长型工程机械龙头，新业务板块齐发力有望再造一个中联,"公司发布 2020 年三季报： 前三季度累计实现营业收入 452.4 亿元，同比增长 42.5%，归母净利润 56.9 亿元，同比增长 63.4%，扣非归母净利润 49.6 亿元，同比增长 79.2%，经营净现金流 40.2 亿元，同比下降 19.1%。
支撑评级的要点",neutral,-0.0004681197,0.4927318
2020-11-04,157,中联重科,股价已反映毛利率风险；良好的买入机会,中联重科第三季度利润强劲（同比增长85%），管理层对需求的展望（第四季度环比增长10%）和对毛利润率的展望（环比改善）表明业务前景仍然良好。我们认为最近因担心利润率而导致的股价回调过度，为良好的买入机会。我们将2020E-22E的盈利预测略微下调了2-4%，以反映更高的销量但更保守的毛利率预测。我们将基年延展至2021年，目标倍数为10倍P/E（之前为2020年12倍P/E），目标价从10.2人民币微调至9.56人民币。维持买入评级。,neutral,-0.00068392104,0.14947635
2020-11-04,157,中联重科,业绩继续高增长，未来成长性依旧,"公司动态事项
公司发布2020 年三季报，2020 年前三季度实现收入452.44 亿元，yoy+42.48%；归母净利润56.86亿元，yoy+63.41%",neutral,-0.00030872066,0.36992443
2020-12-08,157,中联重科,定增方案过审，后周期龙头面临估值修复,"事件：公司发布公告称，非公开发行A股股票的申请获得证监会审核通过。
定增方案过审，主要压制股价因素消除",negative,-0.9825513,0.23077422
2020-12-10,157,中联重科,定增补短板获审核通过，公司有望打造成可持续增长的工程机械龙头,"公司非公开发行 A 股股票的申请已获得证监会审核通过，本次 A 股定增方案为向不超过 35 名特定投资者发行不超过 10.6 亿股，合计募资 51.99 亿元，锁定期 6 个月。
支撑评级的要点",neutral,-0.04362318,0.4531532
2021-01-15,100,TCL科技,TCL科技点评报告：Q4超预期带来爆发起点，景气依旧2021高增长可期,"公司发布2020年年度业绩预告，预计2020年实现归母净利润42.0-44.6亿元，同比增长60%-70%；对应Q4归母净利润21.8-24.4亿元，环比增长166%-198%。
行业供需关系大幅改善，面板涨价带来面板业务业绩爆发",neutral,-0.00013803746,0.025706291
2021-02-03,1,平安银行,平安银行年报点评：表外理财回表，2021年轻装上阵,"事件： 平安银行发布年报， 2020 年实现营收 1535.42 亿元，同比增长 11.3%，归母净利润 289.28 亿元，同比增长 2.6%。截至 2020 年末，不良贷款率 1.18%，较 2019 年末下降 0.47 个百分点。
点评：",neutral,-0.0006239479,0.9552456
2021-04-06,34,神州数码,2020年年报点评：业绩符合市场预期，云和信创加持下的性价比品种,"事件：公司2020年实现营收920.60亿元，同比增长6.06%；扣非归母净利润为6.52亿元，同比增长11.97%，符合市场预期。
云业务高速增长，研发投入持续提升：2020年，在疫情的严重影响下，公司云业务依然实现了74%的高速增长，收购了GoPomelo成为国内唯一拥有覆盖全球五大公有云服务能力的多云技术公司，并且在IDC《中国第三方云管理服务市场份额报告2019》中，基于销售额口径，公司获得了市占率第一的骄人成绩。Q4公司实现营收283.73亿元，同比增长19.08%，增速环比持续改善；实现扣非归母净利润2.04亿元，同比增长16.29%，公司业务基本上摆脱了疫情的不利影响。公司自开启云业务及信创业务转型以来，研发投入持续增加，2020年累计研发投入1.82亿，同比增长近23.11%，研发人员数量占比亦从7.74%提升至9.96%，助力公司云及信创业务不断取得长足进展。",neutral,-0.00052105694,0.9275429
2021-04-30,100,TCL科技,公司信息更新报告：涨价提升华星利润弹性，投资T9加速布局IT市场,"2021Q1 年业绩符合预期，维持“买入”评级。
2020Q1， 公司实现营收 321.44 亿元， 同比+133.9%， 环比 14.9%(备考口径收入同比增长 76%； 归母净利润 24.04 亿元， 同比+489.0%，环比基本持平；扣非净利润 21.23 亿元，同比+2023.1%，环比+2.4%。 业绩位于业绩预告中值附近，符合预期。 基于 4、 5 月 TV 面板价格上涨超预期， 以及上游原材料供给紧张带 来 的 面 板 供 给 受 限 ， 我 们 上 调 2021-2023 年 归 母 净 利 润 至127.32/131.87/146.28 亿 元 （ 前 值 102.21/113.39/126.74 亿 元 ）， EPS 为0.91/0.94/1.04 元（前值 0.73/0.81/0.90 元）， 当前股价对应 PE 为 9.9/9.6/8.6 倍，维持“买入”评级。",neutral,-0.0028420708,0.27689672
2021-03-19,63,中兴通讯,公司各项业务稳健发展，全年业绩符合预期,"结论与建议：
公司发布2020年年报，全年实现营收1014.51亿元，yoy+11.81%；净利润为42.60亿元， yoy-17.25%； 扣非后净利润10.36亿元，同比增长113.66%， EPS为0.92元。其中4Q单季营收273.21亿元，yoy+3.12%；净利润为15.48亿元，yoy+51.73%。另外公司发布2021年一季度业绩预告，预计实现净利润18-24亿元，同比增长130.77%-207.70%。公司业绩符合预期。",neutral,-0.03669579,0.40488183
2021-08-29,69,华侨城A,2021年中报点评：盈利表现有所承压，文旅业务强劲恢复,营收大幅提升，毛利率和少数股东损益压制盈利表现。2021H1公司实现营收230.1亿元（+34.4%），实现利润总额23.6亿元（+15.1%），归母净利润15.8亿元（-25.9%），增收不增利原因在于：第一、受结算结构及行业利润下行影响，公司毛利率同比下降21.6pp至33.3%；第二、合作项目结算放量，少数股东损益由2020H1的-0.8亿元大幅增至7.8亿元，净利润占比达33%。从结构上看，公司旅游综合业务营收189亿元，同比增加90%，毛利率为24.8%（-12.9pp）；房地产业务营收40亿元，同比下降41%，毛利率为73.1%（-7.6pp）。,positive,0.93725884,0.84650326
2021-04-14,100,TCL科技,公司点评报告：LCD行业高景气度，面板龙头迎业绩腾飞,"公司4月12日晚发布2021年一季度业绩预告，报告期内预计实现净利润30.5亿元-34.2亿元，同比上升10.3倍-11.6倍；实现归母净利润23.2亿元-25.5亿元，同比上升470%-520%。
报告要点：",neutral,-0.0010170055,0.093382895
2021-05-12,66,中国长城,2020年报及2021一季报点评：业绩符合预期，全面布局党政及行业信创,"事件：公司发布2020年报和2021一季报，2020年公司实现收入144.46亿元，同比增长33.22%；实现扣非归母净利润4.96亿元，同比增长1.17%。2021Q1公司实现收入31.17亿元，同比增长178.22%；实现扣非归母净利润-1.14亿元，同比增长56.13%。
整机制造业务贡献2020年主要收入增量：2020年公司信息安全整机及解决方案市场产品结构性调整，信创整机、服务器等多款产品入围名录并实现量产，出现爆发式增长，贡献了45.27亿元收入，同比增长63.47%，带来了大部分2020年的收入增量。2021Q1公司发挥行业优势，持续深耕自主安全和高新电子业务，持续提升产品性能及结构，同时去年同期受新冠肺炎疫情影响，收入基数较低，因此致使公司营业收入同比实现178.22%的大幅增长。费用率方面，2021Q1销售费用同比增长70.95%，主要是因为收入增加和去年下半年为开拓市场新成立了一批信创子公司导致；研发费用同比增长75.21%，持续提升了产品性能和结构。",neutral,-0.00041736686,1.0008932
2021-04-21,1,平安银行,平安银行一季报点评：业绩高速增长，资产质量指标全面改善,"事件：平安银行发布一季报，一季度实现营业收入417.88亿元，同比增长10.2%；实现归母净利润101.11亿元，同比增长18.5%。截至一季度末，不良贷款率1.10%，较上年末下降0.08个百分点，拨备覆盖率为245.16%，较上年末上升43.76个百分点。
点评：",neutral,-0.00014812168,0.081484675
2021-10-22,1,平安银行,盈利高增可持续，私行财富发展迅猛,"事件：10月20日，平安银行公布2021年三季报。公司前三季度实现营收/拨备前利润/净利润1271.9/905.5/291.4亿元，分别同比增长9.1%/8.8%/30.1%。年化ROE为11.87%，同比上升1.7个百分点。
业绩点评：",neutral,-0.0002372195,0.043343186
2021-12-02,66,中国长城,事件点评：定增过会，飞腾起飞,"一、事件概述
2021年11月29日，公司发布公告，非公开发行股票申请获中国证监会发审委审核通过。",negative,-0.99529165,0.25342304
2021-01-22,157,中联重科,中联重科2020年业绩预告点评：业绩预告同比大增，新老业务齐发力,"一、事件概述
1月21日公司发布2020年度业绩预告，预计2020年实现归属于上市公司股东的净利润为70-75亿元，同比增长60.13%-71.57%，扣除非经常损益后净利润61-68亿元，同比增长73.58%-93.50%。",neutral,-0.00024951954,0.060189784
2021-04-05,157,中联重科,主打产品高韧性，新兴板块扬帆起航,事件：2020年，公司实现营业收入651.09亿元，同比增长50.34%；归母净利润72.81亿元，同比增长66.55%，经营活动净现金流74.21亿元，同比增加19.33%；单看Q4，公司收入198.65亿元，同比增长71.96%，归母净利润15.94亿元，同比增长78.74%。2021年Q1，公司预计实现归母净利润22-26亿元，同比增长114.4%-153.4%。,neutral,-0.00010855685,0.828315
2021-09-01,155,川能动力,2021年半年报点评：风光发电贡献稳定增长，能投锂业并表，锂矿建设持续推进,"事件
公司公布2021年半年度报告，公司上半年实现营业收入约20.44亿元，同比增长107.15%；归属于上市公司股东的净利润约2.25亿元，同比增长19.78%；归属于上市公司股东的扣除非经常性损益的净利润约2.17亿元，同比增长23.41%；基本每股收益0.18元/股。",neutral,-0.0001291972,0.040081143
2021-08-02,63,中兴通讯,价值变现系列深度2（消费电子篇）：全屏实力全球领先，消费电子王者归来,深厚ICT技术积累和滨江工厂强大的制造能力是公司发展消费者业务的基础。过去11年公司研发投入超1200亿元带来核心技术提升：截止到2021年3月，中兴通讯拥有8万件全球专利申请，历年全球累积授权专利超过3.8万件，其中，芯片专利申请4270件，授权超过1800件，预计2021-2025年五年期间知识产权将给公司带来45-60亿元人民币的收入。“5G制造5G”全新工厂上线，制造能力业内领先：秉承“用5G制造5G”理念，打造5G全连接数字化工厂，装配质量漏检率降低了80%，关键工序不良率降低了37%，操作人员减少了27%，周转效率提升了20%，自2020年3月正式投产，仅7个多月时间，2020年总产值超过300亿元，南京5G生产基地每分钟可生产5台5G基站，生产每部新款智能手机时间在1秒以内。,neutral,-0.00034238995,0.08560288
2021-10-26,26,飞亚达,点评报告：前三季度收入延续高增，业务推进筑实稳健发展,"报告关键要素:
公司披露 2021 年第三季度报告，报告显示，公司 21 年前三季度实现营业总收入 40.85 亿元（YoY+38.73%），实现归母净利润 3.43 亿元（YoY+59.50%）。其中， 单 Q3 公司实现营业总收入 13.07 亿元（YoY-4.06%），实现归母净利润 1.09 亿元（YoY-20.44%）。公司整体业绩基本符合预期。",negative,-0.7580427,1.0823272
2021-04-12,100,TCL科技,定增加码IT产线，开拓高端市场,"事件： 4 月 9 日晚， TCL 科技发布公告称， 公司拟非公开发行不超过 140.31亿股， 募资不超过 120 亿元， 用于投资第 8.6 代氧化物半导体新型显示器件生产线项目及补充流动资金。
点评：",negative,-0.9952289,0.9549177
2021-08-19,1,平安银行,此玉已烧三日满：透视平安银行零售转型,"转型进程：零售转型已入佳境
在我们零售转型的一般理论下，银行零售转型历经四个步骤：（ 1）资产端的零售化；（2）负债端的零售化；（3）中间业务的多元化；（4）金融科技驱动下的经营良性循环。",negative,-0.99515706,0.17963886
2021-04-30,50,深天马A,公司信息更新报告：业绩符合预期，中小尺寸面板龙头经营稳健,"业绩符合预期，维持“买入”评级。
2021Q1，公司实现收入 82.72 亿元，同比+26.1%，环比+26.3%；实现归母净利润 5.19 亿元，同比 72.1%，环比增长 112.7%；扣非净利润 3.39 亿元，同比238.0%，环比+73.8%。业绩符合预期。 我们维持之前的盈利预测，预计2021-2023年， 公司实现归母净利润 16.22/19.25/23.94 亿元， EPS 为 0.66/0.78/0.97 元， 当前股价对应 PE 为 21.1/17.7/14.3 倍， 维持“买入”评级。",neutral,-0.0054080286,0.32107157
2021-10-21,1,平安银行,2021年三季报点评：利润超预期，中收有潜力,"事件：平安银行2021年前三季度营业收入1271.90亿元，同比增长9.1%；净利润291.35亿元，同比增长30.1%。9月末总资产4.85万亿元，较年初增长8.6%；归属于母公司普通股股东净资产3189.14亿元，较年初增长8.4%。平安银行三季报净利润同比高增速超出市场预期。
收入在低基数下加速增长。公司前三季度收入同比增速9.1%，较上半年8.1%回升，主要源于2020Q2基数高、2020Q3基数低。收入结构中：①前三季度利息净收入同比增长5.9%，较上半年6.8%增速下行，反映净息差收窄，我们认为作为高息差银行，前三季度净息差相比上半年小幅收窄2BP至2.81%符合预期，主要源于零售贷款利率降低。②手续费净收入降速，前三季度累计同比增长11.4%，对应第三季度单季同比下滑4%。③投资收益第三季度单季强劲同比增长4.11倍（去年基数非常低）。",neutral,-0.0002749264,0.037295163
2021-05-19,157,中联重科,高机公司获高管及核心人员增资扩股，中后周期行业龙头再次迎布局时间窗口,"日前，公司发布关于子公司湖南中联重科智能高空作业机械有限公司增资扩股暨关联交易的公告，中联重科母公司管理团队、高机公司管理团队拟参与高机公司本次增资扩股事项，本次增资扩股完成后，母公司团队、高机公司团队分别通过增资平台持有的高机公司股份不超过10%。
支撑评级的要点",negative,-0.902988,0.38425124
2021-08-20,1,平安银行,归母净利润增速大超预期,"主要观点：
整体：归母净利润同比增长 28.5%",neutral,-0.00026571518,0.11265659
2021-04-29,63,中兴通讯,业绩超预期，研发实力强劲，盈利能力持续提升,"事件：2021 年 4 月 28 日，公司发布 2021 年一季报，一季度公司实现营收262.42 亿元，同比增长 22.14%，实现归母净利润 21.82 亿元，同比增长179.70%，实现扣非归母净利润 7.88 亿元，同比增长 392.10%。
点评：",neutral,-0.0001422712,0.05867511
2021-10-26,63,中兴通讯,业绩表现亮眼，三季度营收创新高，盈利能力持续提升,"事件： 2021 年10月25日， 公司发布 2021 年三季报， Q3 实现营收 307.5亿元， 同比增长 14.2%， 实现归母净利润 17.7 亿元， 同比增长 107.58%，实现扣非归母净利润 12.3 亿元，同比增长 125.4%。
点评：",neutral,-0.00013274961,0.054748237
2021-03-09,2,万科A,公司销售稳健增长，集中供地下竞争力凸显，维持“买进”建议,"结论与建议：
公司发布2月份销售数据，实现销售面积276.2万平方米，销售金额451.6亿元，YOY分别为+59.5%和+61.1%。由于去年受到疫情影响，同比数据参考性不强，而与2019年同期相比，本月销售面积和销售金额分别增长了11.9%和4.6%，销售数据实现稳健增长。",neutral,-0.00018790396,0.032703876
2021-06-03,63,中兴通讯,深度报告：砥砺前行，ICT龙头蓄势待发,"报告关键要素:
我们认为公司目前经营状况正在逐渐改善，依靠持续增长的研发投入，公司在5G建设的周期中重新占据有利地位，政企业务恢复增长，手机业务重新起航。目前公司整体已进入上行轨道，估值业绩有望双双修复。",neutral,-0.000504,0.7302221
2021-11-01,301,东方盛虹,炼化一体化投产在即，斯尔邦注入积极推进,事件：2021年10月29日，东方盛虹发布《2021年第三季度报告》，2021年前三季度，公司实现营业收入250.77亿元，同比增长60.28%；实现归母净利润14.31亿元，同比增长506.65%；实现基本每股收益0.30元，同比增长500%。其中2021年第三季度实现营业收入93.86亿元，同比增长52.36%，环比增长1.73%；实现归母净利润2.83亿元，同比增长63.94%，环比下降48.12%；实现扣非后归母净利润1.98亿元，同比增长50.19%，环比下降63.29%；实现基本每股收益0.06元，同比增长50.00%。,neutral,-0.000513956,0.12463808
2021-02-18,301,东方盛虹,DTY龙头，打造新型高端纺织产业链,打造“原油炼化-PX/乙二醇-PTA-聚酯-化纤”一体化产业链。公司2018年重组，核心业务变更为民用涤纶长丝的研发、生产及销售，形成“PTA—聚酯化纤”的产业链结构。2019年进行产业链纵向整合，预期2021年末炼化一体化项目投产，届时公司将打通“原油炼化-PX/乙二醇-PTA-聚酯-化纤”产业链，其核心竞争力、整体盈利能力和抗风险能力得到提升。,neutral,-0.012186464,0.64330935
2021-04-21,1,平安银行,由资产质量引发的超预期高增长！,事件：平安银行2021年一季度营业收入417.88亿元，同比增长10.2%；净利润101.32亿元，同比增长18.5%，对应EPS为0.42元/股。期末总资产4.57万亿，较期初增长2.3%；归属于本行普通股股东净资产3026.73亿元，较期初增长2.9%，对应BVPS为15.60元/股。平安银行一季度业绩高速增长，显著超出市场预期，也高于我们此前的预期。,neutral,-5.353373e-05,0.03694582
2021-02-02,66,中国长城,单四季度增长明显，看好行业信创机会,"事件
1月30日晚，公司发布业绩预告称2020年实现归母净利润约为7.5亿元-11亿元，同比增长-32.73%到-1.34%，实现扣非归母净利润为2.86亿元-6.30亿元，同比增长-41.64%到28.55%。",neutral,-0.00044089372,0.088956535
2021-08-26,69,华侨城A,投资重回一二线，文旅业务明显恢复,"一、销售额同比增长41%，凭文旅低成本拿地
2021上半年，随着疫情影响消退，华侨城加大推盘力度和推盘量，实现合约销售额447.4亿，同比增长41.3%。新增土地储备315.1万平米，凭借其文旅业务优势，与政府合作低价获取土地储备。其中，一线、新一线及二线城市占比较高，将有力支撑其文旅业务和地产销售业务未来发展。",neutral,-0.00044493808,0.7461525
2021-08-26,50,深天马A,突破上半年行业重压，扎实成长落地有声,"事件：深天马A于8月25日晚间发布2021年半年度报告，公司上半年实现营业收入159.94亿，同比增长13.78%；实现营业利润12.75亿元，同比增长52.49%，实现归属于上市公司股东的净利润11.96亿，同比增长60.64%。
在近年来最差安卓系手机出货的上半年里，交出不同于他者的优异成长答卷。与过去六七年相比，今年上半年安卓系手机在出货款型数，以及出货量等方面都创下历史新低，而且下降幅度较大。这一方面源于华为被实体名单无芯片供给，另一方面MOV等公司也受到上游缺芯缺料，下游疫情阻碍消费等影响。这次中报季有相当多的手机供应链企业出现利润大幅下滑。天马能在这个背景环境下实现营收和利润的双重增长，着实难能可贵。",neutral,0.2111957,0.40358436
2021-10-15,63,中兴通讯,Q3业绩大增，看好ICT龙头盈利持续释放,"一、事件概述
2021年10月14日，公司发布前三季度业绩预告，21年Q1-Q3预计归母净利润为56亿元-60亿元，同比增长106.49%-121.23%。其中，Q3预计归母净利润为15.2亿元-19.2亿元，同比增长77.99%-124.79%。",neutral,-0.0001733631,0.053885996
2021-07-15,100,TCL科技,业绩超预期，双轮驱动未来成长,"事件：7月14日，TCL科技发布2021年半年度业绩预告，公司预计实现营收730-750亿元，同比增长149%-156%；实现归母净利65-69亿元，同比增438%-471%。
点评：",neutral,-0.00030967305,0.04617697
2021-02-04,157,中联重科,H股增发快速落地彰显管理层信心，多产品及国际化战略下再造一个中联可期,"公司完成H股增发：2021年2月3日，公司完成向长沙合盛全资子公司香港诚一盛发行H股普通股1937.57万股，发行价格为每股5.863港元，发行所得款项总额及净额均为11.36亿港元。
支撑评级的要点",neutral,-0.018034106,0.24022585
2021-10-21,1,平安银行,零售客户高增长，资产质量优化,"主要观点：
整体：归母净利润同比增长 30.1%",neutral,-0.0002721459,0.13561016
2021-04-15,39,中集集团,集装箱行业持续火爆，看好全球经济复苏,"事件
公司近期公布2021Q1报告，公司2021Q1实现归母净利润达到13亿元至16.5亿元，去年同期亏损：6.4亿元。",neutral,-0.00010635238,1.2006105
2021-08-20,1,平安银行,业绩保持快增，资产质量向好,"平安银行上半年业绩增速预计为上市银行领先水平，资产质量向好、拨备计提压力减弱对业绩带来显著正向贡献。公司私行、 财富业务推进积极，财富管理和私行客户 AUM 保持高增；继续做实核心指标，存款成本优化持续。公司 2季末核心一级资本充足率为 8.49%，关注后续资本补充情况。维持买入评级。
支撑评级的要点",neutral,-0.00014859543,0.023827672
2021-01-04,34,神州数码,合肥重金投入神州信创，信创板块前景可期,"事件
1月3日晚，神州数码发布公告称，其全资子公司北京神州数码有限公司拟在合肥设立子公司作为公司信创总部，合肥市建设投资控股（集团）有限公司等拟合计投资20亿元人民币，共同建设神州数码信创总部基地。",negative,-0.9947811,1.0195124
2021-08-09,63,中兴通讯,中兴与上汽合作落地，汽车电子逻辑全面兑现,"事件：2021年8月9日，中兴通讯官方公众号发文，上汽集团与中兴通讯签署战略合作协议，双方将在汽车电子、5G行业等领域展开深入合作，中兴汽车电子产品线总经理古永承也出席签约仪式。
点评：",negative,-0.9964931,0.46917754
2021-03-15,100,TCL科技,面板行业高景气，公司迎来周期拐点,"公司发布2020年年报：公司实现营业收入766.8亿，同比增长33.9%；实现净利润50.7亿，同比增长42.1%；实现归属于母公司净利润43.9亿，同比增长67.6%。
显示业务历史底部迎来周期拐点。TCL华星实现营业收入467.7亿元，同比增长37.6%，实现净利润24.2亿元，同比增长151.1%。受惠于远程办公、远程教学兴起，大屏化趋势及体育赛事的拉动，下游面板需求持续上升，但芯片和玻璃供应短缺及新产能开工延误，使得LCD面板供应持续偏紧，考虑到韩厂战略性退出，预计2021年面板价格将维持上行趋势，并带动公司业绩继续上涨。",neutral,-0.00020990876,0.031727433
2021-09-01,66,中国长城,公司信息更新报告：收入高增长，飞腾芯片成长动力充沛,"收入高增长，维持“买入”评级
公司发布2021年半年报，实现营业收入71.88亿元，同比增长82.96%；实现归母净利润-0.83亿元，亏损同比收窄72.34%。公司受益信创行业景气持续放量，我们维持原有盈利预测，预计公司2021-2023年的归母净利润为11.76/14.70/16.95亿元，EPS为0.40/0.50/0.58元/股，对应当前股价PE为37.4、29.9、25.9倍，维持“买入”评级。",neutral,-0.00075821124,0.08048922
2021-09-01,157,中联重科,拳头产品持续发力，潜力业务取得突破,"事件：公司发布2021年半年报，2021年上半年公司实现营收424.49亿元，同比增长47.25%；实现归母净利润48.50亿元，同比增长20.7%；实现扣非后归母净利润45.42亿元，同比增长29.57%。
点评：",neutral,-0.00021999,0.03698361
2021-03-16,69,华侨城A,文旅业务量质齐升，独特模式铸造龙头,"推荐逻辑： （1]） 公司“文化+旅游+新型城镇化”的独特模式，造就国内文旅龙头低位， 疫情后业务加速恢复，规模持续放量； （2） 多元化拿地保持低地价优势，周转提速叠加城市布局增加，助力公司销售大幅增至千亿，充沛土地资源保证公司持续竞争力。 （3）央企背景负债状况健康，融资成本位居行业低位。
财务状况健康，文旅地产双轮驱动。 公司业务由文旅地产双轮驱动， 2020H1 公司文旅业务和地产业务分别贡献营收 58%和 40%， 2020Q1-Q3 公司营收逆势增长 12%至 334 亿元， 归母净利润微降 13%至 52 亿元。作为央企，公司负债状况健康，截止 2020Q3 现金短债比/扣预资产负债率/净负债率分别为1.1/96%/70%， 三道红线全部达标， 公司融资成本仅 4.6%， 位居行业低位。",neutral,-0.00037643092,0.07440269
2021-02-02,21,深科技,存储国产替代持续进阶，沛顿助力公司深度受益,"报告摘要：
产能扩张毛利率提升，带动经营业绩大幅增长",neutral,-0.000271508,0.08960283
2021-08-22,26,飞亚达,2021年中报点评：名表销售继续闪耀，盈利能力持续上行,"21H1业绩落于预告区间，符合市场预期。公司2021H1实现营业收入27.78亿元，同比+75.6%；归母净利润2.34亿元，同比+225.9%。其中2021Q2实现营业收入14亿元，同比+40.8%；归母净利润1.15亿元，同比+27.1%。2021H1业绩延续靓丽表现，落于此前预告区间，符合市场预期。
亨吉利延续高增，自有品牌取得明显修复。分业务来看，1）2021H1手表零售服务业务（主要为亨吉利）收入20.96亿元，同比+93.17%，维持强劲增长。从外部环境看，2021Q2海外及国内疫情均有反复，全球旅行限制仍未有明显改善，名表消费持续回流。从公司自身业务拓展来看，2021H1公司在运营规范化、精细化、数字化等方面持续提升，中高端渠道数量也不断提升，在扩大公司名表销售优势的同时也为自主品牌发展夯实基础。2）2021H1手表品牌业务收入5.42亿元，同比+43.06%，2019H1-2021H1两年平均增速1.2%。2021H1自有品牌业务持续回暖，收入回升至疫情前水平。3）精密科技业务收入5930.6万元，同比-0.24%，仍处于前期培育阶段。",neutral,-0.00035810462,0.050002694
2021-08-19,1,平安银行,H121归母净利润同比+28.5%,"事件：公司发布2021中报，营收846.8亿元、同比+8.1%；拨备前利润607亿元，同比+8.1%；归母净利润175.8亿元，同比+28.5%；年化加权ROE10.74%，同比+1.41pts。Q2归母净利74.5亿元，同比+45.2%、环比-26.5%。
净息差维持较高位，资产质量持续改善：H221平银净息差同比-4bp至2.83%，但相对2018-20年2.35-2.62%和招行、兴业等2.3-2.5%的水平仍处相对高位。利差收窄主要系市场利率环境影响，负债平均成本2.22%，同比降20bp，其中吸收存款平均成本2.05%，同比降30bp。不良率同比-10bp至1.08%，自2018年以来资产质量持续优化，在上市银行中表现优秀。拨备覆盖率259.53%，同比+58.13pts；资本充足率12.58%，同比-0.71pts，均处上市银行中档水平。",neutral,-0.00027454604,0.6029191
2021-10-12,26,飞亚达,点评报告：前三季度延续高增，高基数+局部疫情下单Q3略有逊色,"报告关键要素:
公司发布2021前三季度业绩预告，预计实现归母净利润3.4~3.6亿元，YoY+58%~+67%，预计实现基本每股收益0.7895~0.8366元/股，拆分单Q3来看，预计实现归母净利润1.05~1.25亿元，YoY-23%~-9%，业绩表现基本符合预期。",negative,-0.81756836,0.98027575
2021-05-10,100,TCL科技,企业研究：TCL科技联手中环股份能否在光伏领域携手共进,"开拓还是融合，TCL光伏领域业务布局深度洞察
2020年7月，TCL科技确定摘牌收购中环集团100%股权，成为中环股份间接控股股东，正式入局新能源光伏领域。而早在2018年起，集团就开始了针对现有业务的重大资产重组，通过剥离终端业务及配套业务，聚焦于产业链中上游的半导体显示及材料业务，并在完成业务重整后正式由TCL集团更名为TCL科技，重新出发。自此，TCL科技业务范围较重组前发生了重大变化，现有业务涵盖半导体显示、半导体光伏及半导体材料、产业金融及投资三大板块。",negative,-0.99675786,0.13765848
2021-04-14,100,TCL科技,盈利持续提升，收购整合稳步推进,"事件：公司发布21年一季报预告，2021Q1预计实现归母净利润23.2~25.5亿元，同比增长470%~520%。
面板价格持续上涨，行业高景气度仍将持续。2021Q1以来面板价格仍维持上涨趋势，当前预期面板价格上涨或将持续到2020Q3，其中TCL华星净利润同比增长15倍，环比提升近30%。大尺寸领域，t1、t2、t6产线满销满产，t7按计划爬坡，出货面积同比增长15%，主要尺寸产品价格持续上涨，大尺寸业务净利润较2020年第四季度环比增长超50%。小尺寸领域，t3产线满销满产，t4柔性AMOLED产线按计划扩产。",neutral,-0.000110408146,0.026479065
2021-09-08,66,中国长城,中国长城中报点评：业绩符合市场预期，信创步入飞腾时代,"事件： 公司发布中报，上半年实现营业收入 71.88 亿元，同比增长 82.96%；实现归母净利润-8305.13 万元，同比减少亏损 72.34%。业绩基本符合市场预期。
收入高增，定增在即： 上半年公司收入实现高速增长， 主要原因是信创产业景气度高企， 公司核心业务收入稳步增长，同时通过精细化管理和精准施策，聚焦核心主业，提升运营效率，持续提升产品性能及优化产品结构，推动公司良好发展。 近期中国长城发布非公开发行股票预案，募集资金主要投资方向聚焦网信产业，在中国电子集团“PKS”体系的整体战略布局下，拟投资建设国产高性能计算机及服务器相关的核心技术研发项目、信息及新能源基础设施建设类项目和高新电子创新应用类项目。 定增有望持续提升公司产品和服务质量，增强核心竞争力。",neutral,-0.0012725369,0.99357224
2021-04-23,2,万科A,探明毛利率底部区域,"事件
4月22日晚间，万科发布2021年一季度业绩，1-3月实现累计营业收入622.6亿元，同比+30.3%；权益净利润12.9亿元，同比+3.4%。",neutral,-0.014713972,0.7062137
2021-09-01,63,中兴通讯,5G份额扩大，毛利率提升业绩大幅增长,"事件：公司发布2021半年度报告。营业收入为530.71亿元，同比增长12.44%；归母净利润40.79亿元，同比增长119.6%；每股收益0.88元，同比增长120%；
点评：",neutral,-0.00025476085,0.037513018
2021-11-02,34,神州数码,2021年三季报点评：业绩持续亮眼，自主品牌形成生态,"事件：公司发布2021年三季度报，前三季度实现营业收入860.11亿元，同比增长35.05%；扣除非经常性损益的净利润5.02亿元，同比增长12.05%。其中，第三季度公司实现营业收入293.11亿元，同比增长27.07%；扣除非经常性损益的净利润1.63亿元，同比增长14.16%。业绩基本符合市场预期。
老牌IT龙头业绩表现持续亮眼：2021年前三季度，公司实现营业收入860.11亿元，同比增长35.05%，第三季度公司实现营业收入293.11亿元，同比增长27.07%。公在司各主营业务领域拥有强大竞争力：公司在云和数字化转型业务领域拥有覆盖多个行业头部客户的丰富实践和成功案例；公司展开基于“鲲鹏+昇腾”的全新布局，迅速成为信息技术应用创新引领者；公司以生态体系为依托，聚合更多的厂商和合作伙伴，推动在IT分销及增值服务业务高速增长。公司的行业地位与市场影响力得到了广泛认可，荣登2021年《财富》中国500强第124位，其市场龙头地位与综合实力持续推动业绩增长。",neutral,-0.00010044902,0.026995778
2021-03-10,26,飞亚达,飞亚达2020年年报点评：业绩符合预期，一季度业绩有望维持高增,"一、事件概述
公司3月9日发布2020年年报，报告期内公司实现营业收入42亿元，同比增长15%，实现利润总额3.7亿元，同比增长35%，归属于上市公司股东的净利润2.94亿元，同比增长36%。同时，公司拟向全体股东每10股派发现金红利4元（含税）。",neutral,-0.0016197069,0.12782896
2021-01-21,157,中联重科,业绩预增60%-72%略超预期，后周期龙头确定性强,"事件：公司发布2020年业绩预告：预计2020年实现归母净利润70-75亿元，同比增长60.13%-71.57%，略超市场预期；扣非后净利润61-68亿元，同比增长73.58%-93.50%。投资要点
工程机械下游需求旺盛，公司业绩高增确定性强",neutral,-9.2691975e-05,0.012709856
2021-01-25,63,中兴通讯,经营质量显著提升，内外扰动消除，持续高增长可期,"事件：1月23日，中兴通讯发布业绩快报，2020年实现业绩收入1013.79亿元，同比增长11.73%，实现归母净利润43.67亿元，同比减少15.18%。
战略发展期聚焦主业，业绩逐步实现有质量的发展：当前中兴通讯处于战略发展阶段，聚焦运营网络业务，同时加快推进政企业务及消费者业务，实现有质量的发展，因此20年三大业务营业收入均实现同比增长，由于2019Q3受到资产处置带来一次性税前收益的影响，20年归母净利润较19年同期下滑15.18%（剔除26.62亿元一次性收益影响，全年归母净利润同比增长76%），从单季度数据来看，Q4实现营业收入272.5亿元，同比增长2.8%，实现归母净利润16.55亿元，同比增长62.21%，环比增长93.57%；其次从现金流及负债的角度来看，经营质量持续向好：20年进一步加强现金流及销售收款管理，实现经营活动产生的现金流量净额102.30亿元，同比增长37.38%；同时持续优化资产和负债结构，资产负债率由19年末的73.12%下降至20年末的69.52%。最后从股东权益角度来看，20年归属于普通股股东的所有者权益同比增长49.73%，EPS同比增长27.24%。",neutral,-0.0001717807,0.064487934
2021-08-29,63,中兴通讯,消费者业务高增长，盈利能力持续提升，研发费用营收占比创新高,"事件：2021年8月27日，公司发布2021年半年报，2021年H1实现营收530.7亿元，同比增长12.4%，实现归母净利润40.8亿元，同比增长119.6%，其中投资收益7.03亿，主要是转让高达通信股权所致。
点评：",neutral,-0.00024250796,0.17610574
2021-06-16,63,中兴通讯,中标中国移动多个项目，政企业务持续发力,"近期，公司先后中标中国移动集中网络云资源池三期工程计算型服务器采购项目和2021年至2022年高端路由器和高端交换机产品集中采购项目。
点评：",neutral,-0.12178843,0.97132456
2021-05-24,26,飞亚达,投资设立海南公司，有望切入名表免税供应链,"一、事件概述
5月21日，公司发布公告，基于名表零售业务的战略发展需要，为把握海南自由贸易港的政策机遇及免税市场的发展机会，加速布局和推进相关业务发展，决定以自有资金1000万元人民币投资设立全资子公司亨吉利世界名表中心（海南）有限公司（暂定名，以工商部门登记名称为准）。",negative,-0.99210745,0.11610156
2021-08-26,62,深圳华强,公司信息更新报告：产业互联网平台进入高增长阶段,"电子元器件产业互联网龙头， 维持“买入”评级
公司发布 2021 年中报， 实现收入 99.87 亿元，同比增长 53.1%，实现归母净利润4.34 亿元，同比增长 53.7%。 我们维持公司 2021-2023 年归母净利润预测为 9.56、11.39、 13.91 亿元， EPS 为 0.91、 1.09、 1.33 元/股，当前股价对应 PE 为 16.3、13.7、 11.2 倍。公司产业互联网平台进入高增长阶段， 维持“买入”评级。",neutral,-0.0013221281,0.11893654
2021-08-06,66,中国长城,联合百度发布首款“PKS”国产AI服务器，商业价值再获验证,"事件：近期，公司其与百度联合研制的首款“PKS”国产AI服务器——AI-TF2000飞桨一体机正式发布。采用飞腾处理器，麒麟操作系统，ARM价值再获验证。
该一体机以“PKS”技术架构进行设计，采用了飞腾CPU处理器和麒麟国产操作系统。机内同时集成了百度自研的昆仑AI加速卡，并可拓展支持昇腾、寒武纪、比特大陆等国内主流AI加速卡，是首个实现单switch支持两块全高全长国内AI加速卡的2U服务器整机。",negative,-0.9948514,0.1488818
2021-08-25,301,东方盛虹,东方盛虹2021年半年度业绩点评：受低基数及长丝高景气影响，业绩高增长,"一、事件概述
2021 年 8 月 24 日，公司发布 2021 年半年度业绩公告， 2021 年上半年实现营业收入 156.9亿元，同比增长 65.4%；归母净利润 11.5 亿元，同比增长 1720.3 %；扣非归母净利润11.7 亿元，同比增长 2260.8 %。 其中， 21Q2 单季度实现营收 92.3 亿元，同比增长 75.6%；实现归母净利润 5.5 亿元，同比增长 507.5%。",neutral,-9.355281e-05,0.032518804
2021-06-11,63,中兴通讯,中兴通讯事件点评：中标份额提升叠加毛利改善预期，或迎价值重估,"一、事件概述
中兴通讯近期中标多个运营商集采项目：1.2月25日，中国移动公告2021-2022年SPN设备新建部分集采项目结果，集采规模约23.51亿元，中兴通讯中标36.5%的份额排名第二，中标金额约8.58亿元；2.5月24日，中国电信公告2021年天翼网关4.0集中采购项目结果，集采规模近50亿元，中兴通讯中标约60%的份额排名第一，中标金额约30亿元；3.6月7日，中国移动公告集中网络云资源池三期工程计算型服务器采购项目结果，项目总预算为21.54亿元（不含税），中兴通讯在X86平台项目中中标60%的份额排名第1，中标金额约8.54亿元。",negative,-0.91613233,0.7161639
2021-03-31,157,中联重科,公司各产品线市场地位持续提升，2021Q1业绩取得高增长,"事件：公司发布2020年年报，全年实现收入651.09亿，同比增长50.34%，归母净利润72.81亿，同比增长66.55%，经营性现金流净额74.22亿，同比增长19.33%。同时，公司发布了2021年一季报预告，2021Q1实现盈利22-26亿，同比增长114.41%-153.39%。
受益行业需求保持高景气，业绩实现高增长：2020年公司实现收入651.09亿，同比增长50.34%，归母净利润72.81亿，同比增长66.55%，主要是受益于国内基建、新能源等下游行业需求保持高景气，产品迭代和环保升级拉动设备需求，公司核心板块产品订单和销量持续高增长。另外，公司严控各项费用支出，随着销售规模增长，平均生产成本和费用率同比显著下降。2021Q1公司实现盈利22-26亿，同比增长114.41%-153.39%，主要系去年一季度受疫情影响基数较低，今年需求仍保持高景气影响。",neutral,-0.00015527551,0.016035676
2021-09-05,63,中兴通讯,业绩稳步提升，消费者业务增速亮眼,"事件：公司发布2021年半年度报告，2021年上半年公司实现营业收入530.7亿元，同比增长12.4%；归母净利润40.8亿元，同比增长119.6%，位于业绩预告的上限。其中，2021年第二季度实现营业收入268.3亿元，同比增长4.3%；归母净利润19亿元，同比增长76.1%。
净利润高增长，毛利率修复显著。剔除2020年疫情导致的低基数影响，近两年公司归母净利润的复合增速66.5%。毛利率方面，2021上半年公司毛利率为36.1%，同比上升了2.7个百分点，其中，Q2单季度毛利率为36.8%，同比上升了8.3个百分点，得益于全球5G部署，加速了相关产品落地。研发投入方面，上半年共计投入研发费用88.6亿元，同比增长33.5%，占营业收入的16.7%。",neutral,-8.257921e-05,0.022640347
2021-03-04,63,中兴通讯,科技龙头，5G铸就,"推荐逻辑：公司]在国内5G无线侧份额在此前二期招标约30%份额的基础上有望稳步提升，2021年5G无线产品毛利率有望上行；2020H1公司应收账款周转天数快速下降到69.9天，且5G时代公司存货的质量更高，资产质量改善显著；行业应用5G设备支出市场快速增长，公司政企业务布局和上游芯片研发持续投入，具备成长为多元业务科技龙头潜力。
5G时代国内设备商破圈潜力巨大。纵观全球通信设备行业的竞争演变，仅有国内厂商有成功转型为多元科技巨头的破圈先例，我们认为主要原因在于设备商有专利技术壁垒为“锚”，能力圈拓展进可攻退可守，更为重要的是国内有巨大的消费应用市场以及配套成熟的产业链支持。5G时代随着无线侧集成趋势增强，设备商产业链地位持续提升，国产替代背景下设备商在上游的突破一旦实现“由点及面”，技术能力将再上新台阶。我们认为天时地利条件具备，5G时代国内设备商破圈潜力巨大。",neutral,-0.00020107563,0.86775964
2021-11-02,66,中国长城,收入保持高增速，拆分长城信息,"事件：公司发布2021年三季报，前三季度实现营业收入118.71亿元，同比增长59.13%；归母净利润1.03亿元；扣非后的归母净利润-0.60亿元。
收入端保持大幅度增长，利润扭亏。2021年前三季度，公司继续实现了收入的大幅增长，反映出信创良好的发展态势。公司克服全球电子元器件缺货和涨价的双重影响导致原材料成本上升的不利因素，通过持续推进精细化管理等系列降本增效措施，促进成本降控和优化，积极推动盈利能力提升。",neutral,-0.00010270998,0.05486405
2021-08-30,31,大悦城,净利润率回升至8.2%，三道红线维持黄档,2021年上半年，大悦城重点布局的城市市场表现较好，并且企业首开项目去化率高，企业销售金额同比增长20.3%至359.6亿元。在盈利能力方面，2021年上半年大悦城的营业收入和净利润同比均上升，截至2021年中期，企业预收账款合计427.1亿元，则有助于保障未来营业收入的持续结转。,neutral,-0.0001062926,0.14121813
2021-03-18,63,中兴通讯,进入利润释放期，有望迎来盈利和估值双升,"业绩简评
公司发布2020年度报告及2021年一度报指引。2020年公司实现营业收入1014.51亿，同比上升11.81%；实现归母净利润42.60亿元，同比下降17.25%。预计2021年一季度实现归母净利润18-24亿。",neutral,-0.0016492414,1.3356909
2021-01-08,66,中国长城,深度报告：信创龙头腾飞在即，PK生态加速共筑长城,信创厂商进入协同发展，中电子引领网信平台创新。中国电子CEC具有国产PK生态系统，同时旗下子公司覆盖基础软硬件、应用软件和信息安全等领域，近期中国电子在深圳举办中国电子有限公司（以下简称“中电限”）成立大会，中软系统转让所持迈普通信股权予以中国长城，以及子公司中国软件旗下麒麟软件与天津飞腾、金山办公、三六零全资控股的鸿腾智能等合作投资标的公司“先进操作系统创新中心(天津)有限公司”，我们认为中电限意味着中电子在打造网信产业平台的新征程，PK生态平台更为重要，集团优势资源将向大平台集中。中国长城作为中电子核心平台，同时也是飞腾公司参股方，在发展信创新生态和开拓新模式地位凸显。,neutral,-0.0008647151,0.80720484
2022-08-22,1,平安银行,2022年中报点评：利润保持高增，零售深化转型,"事件：8月17日，平安银行发布22H1报告，营收920亿元，YoY+8.7%；归母净利润221亿元，YoY+25.6%；不良率1.02%，拨备覆盖率290%。
归母净利润保持高增，净利息收入持续回暖。平安银行22H1营收同比+8.7%，环比-1.9pct，主要受中收下行拖累；归母净利润同比+25.6%，环比小幅下行1.2pct，但整体看处于较高水平。拆解营收构成，净利息收入同比增速7.9%，环比+0.6pct，支持营收增长。其他非息收入同比+50.2%，延续高增速，主要是把握外汇市场机会获取较高汇兑损益。因主动压降非标产品、市场行情波动影响代销，中收同比有所下行。",neutral,-0.00011784537,0.33338255
2022-09-04,2,万科A,逆境方显龙头本色，多元经营带动逆势上扬,"事件
公司发布2022年半年度报告：2022年上半年实现营业收入2069亿元（同比+23.82%）；归母净利润122亿元（同比+10.64%）；基本每股收益1.05元（同比+10.57%）。",neutral,-0.005155497,0.30586374
2022-08-22,155,川能动力,绿电主业稳步增长，锂电全链有序推进,"业绩总结：2022年上半年，公司实现营业收入14.6亿元，同比下降56.1%；归母净利润3.3亿元，同比上涨12.4%；扣非归母净利润2.6亿元，同比下降8.8%。公司营收下降，主要由于主动停止占比高但盈利能力差的新能源综合服务业务，加速优化业务结构，由于鼎盛锂业并表，利润得到提升。
鼎盛锂业资产并表助推业绩增长，加大研发投入公司布局长远。22年上半年公司锂电业务销售收入2.4亿元，同比增长5.3%。鼎盛锂业于2022年6月29日完成股权交割，将纳入公司合并报表范围，由鼎盛锂业开展的锂盐业务上半年共生产锂盐产品3348吨，同比增长59.4%。鼎盛锂业并表将助力公司完善锂电池上游配套产业，提升持续经营能力。同时，公司上半年研发投入5.4亿元，同比增长170.4%，主要用于碳酸锂、氢氧化锂产品产销。",neutral,-6.200437e-05,0.050734997
2022-03-09,63,中兴通讯,2021年年度报告点评：业绩符合预期，毛利率大幅改善，费用结构持续优化,"事件概述：2022年3月8日，公司发布2021年年度报告，实现营业收入1145.2亿元，同比增长12.9%，实现归母净利润68.1亿元，同比增长59.9%，实现扣非归母净利润33.1亿元，同比增长219.2%，业绩符合我们预期。
营收端，两大地区三大业务均有增长，基本盘稳固，第二成长曲线动能充沛",neutral,-0.065843046,0.5431813
2022-08-25,90,天健集团,业绩变化平稳，拿地力度同比增强,"事件
天健集团(000090)发布2022年中报，主要内容如下：",neutral,-0.23194934,1.0184544
2022-04-28,1,平安银行,业绩持续高增，战略推进积极,"平安银行2022年Q1净利润128.5亿，同比增长26.8%。规模、拨备和其他非息贡献业绩高增。净利息收入、净手续费收入和其他非息同比增长7.3%、4.8%和51.9%，营业收入同比增长10.6%，总资产较年初增长4%，贷款增长3%，存款增长6.3%。不良率1.02%，拨备覆盖率289%，核心一级资本充足率8.64%。
业绩仍然高增，战略积极推进。平安银行季报业绩高增26.8%，高增长带动盈利能力改善，ROE14.1%，同比提升1.8个百分点，公司盈利快速增长主要源于拨备、规模、投资收益等贡献。季报亮点在于：净息差环比改善，存款增长较快，成本持续贡献。战略推进仍积极，客户数和客户AUM保持增长，代发贡献亦有所提升，财富业务受市场扰动，收入和app月活有所下降。核心一级资本充足率8.64%，关注后续资本补充情况。现阶段规模略缓无碍基本面，主要关注后续资产质量能否持续保持平稳和收入业务能否逐步实现内生可持续增长。",neutral,-5.3082127e-05,0.041240394
2022-10-25,1,平安银行,规模稳健扩张，大力支持实体,"净利润增速保持稳定。2022年前三季度营收1383亿元，同比增长8.7%，增速较中报持平;前三季度归母净利润367亿元，同比增长25.8%，增速较中报基本持平。公司整体营收及净利润增长表现与中报接近，增速基本保持稳定。前三季度年化加权平均ROE13.5%，同比回升1.7个百分点。
内生性补充资本，支持实体经济。公司净利润增速明显高于营收增速，主要是公司当前核心一级资本充足率仅有8.81%，因此在资产质量稳定的情况下，通过拨备反哺利润增长，实现内生性补充资本，以更好地支持未来的信贷投放和资产增长，服务实体经济。",neutral,-0.000988738,0.07516235
2022-08-29,27,深圳能源,2022年半年报点评：煤电毛利率大幅改善，低碳能源开拓加快,"事件
深圳能源发布2022年中期报告，2022年1-6月实现营业收入162.84亿元，同比上升了18.81%；实现毛利28.73亿元，同比下降了21.24%；实现营业利润14.21亿元，同比下降了41.95%；实现归属母公司净利润10.74亿元，同比下降了45.23%。",positive,0.9937442,1.244833
2022-04-26,63,中兴通讯,开局稳健，盈利上升趋势进一步确认,"业绩简评
公司 4 月 25 日发布 2022 年第一季度报告，报告期内，公司实现营业收入279.3 亿元，同比增长 6.4%；归属于上市公司普通股股东的净利润 22.2 亿元，同比增长 1.6%；归属于上市公司普通股股东的扣除非经常性损益的净利润 19.5 亿元，同比增长 117.1%。扣非增长超预期。",neutral,-0.00012407472,0.04963571
2022-10-31,35,中国天楹,三季报点评报告：传统业务有望逐步放量，重力储能项目进展顺利,"事件
10月28日公司发布2022年三季度报告，2022年前三季度实现营收38.67亿元，同比-77.67%；归母净利润1.26亿元，同比-76.69%。其中，2022年Q3实现营收13.61亿元，同比-76.73%，归母净利润0.02亿元，同比-98.91%。",negative,-0.9461278,1.127661
2022-09-30,35,中国天楹,公司深度报告：环保业务稳中有升，重力储能打造第二增长曲线,"固废综合环境服务商，切入新能源实现双轮驱动
公司成立于2006年，主营业务为垃圾焚烧发电及相关设备的研发、生产和制造，深耕行业十余年，公司已经成长为细分领域龙头企业之一。在立足垃圾焚烧发电的基础上，公司积极向垃圾智慧分类、城乡智慧环卫、危废、建筑垃圾、餐厨垃圾、再生资源回收等领域拓展，实现了从前端清扫、中转到分选、末端处置的城市环境服务全产业链，打造综合环境服务商。公司秉承“环保+新能源”双轮驱动的发展战略，2021年公司以重力储能为切入点正式进军新能源行业，打造新的业绩增长点。",neutral,-0.0026099298,0.2804501
2022-04-01,157,中联重科,2021年报点评：公司业绩承压，盈利能力下滑,"事件：中联重科发布2021年报，公司2021年实现营业收入671.31亿元，同比增长3.11%；归属于上市公司股东的净利润62.70亿元，同比下降13.88%；归属于上市公司股东的扣除非经常性损益的净利润58.28亿元，同比下降7.61%。
点评：",positive,0.99821746,0.16138351
2022-04-13,31,大悦城,销售业绩稳步增长，持有业务向好发展,"一、 销售业绩稳步增长，销售回款率超过 100%
2021 年，大悦城实现合同销售 727 亿元，同比增长 5%，全口径回款金额 764.1 亿元，综合回款率创新高。 投资方面，坚持布局高能级城市，拿地成本有所上升。",neutral,-6.854031e-05,0.046692193
2022-06-14,301,东方盛虹,公司深度报告：大炼化即将发力，EVA持续高景气，聚酯盈利中枢上升，看好未来成长,炼化投产稳步推进，盛虹项目即将贡献业绩。双碳目标为石化行业提出了更高的挑战和要求，我们认为，在供给侧发展受限的环境下，炼化一体化装置凭借其更高的能源利用率及更低的单位能耗强度助推产业链实现低碳发展，协同化、一体化结构也将是未来我国石化行业的发展趋势。对于主营业务为中下游聚酯的民营石化企业来说，向上游炼化项目发展并且最终实现全产业链一体化布局使得企业从成本、产品种类和生产效率等各方面均优势完备，彻底改变了行业的竞争力要素和投资逻辑。一体化炼化项目可以获取整个“炼化-PX-PTA-涤纶长丝”全产业链利润，一体化布局的产业链整体利润水平高于单个产品竞争状态，同时可加强公司上下游议价权和抗风险能力，告别过去单个产品高度竞争的格局，提高业绩的稳定性。在民营大炼化纷纷落地的环境下，我们认为盛虹炼化有三大可竞争优势：1）降油增化改善盈利。随着国家政策方向的发展和实际运营过程中不断发掘出来的下游化工品的精细化和差异化的价值，东方盛虹对其装置配套按照“降油增化”的目标进行了改良，其成品油收率只有31%。在双碳大背景下，国内成品油过剩现象未来日益严峻，向下游化工材料延伸、走小油头大化工路径的炼厂具有更强的竞争力和抗风险能力。2）市场区位优势及产业园协同效益。项目位于江苏和山东两省交汇处，江苏省和山东省的中小型下游企业多，对芳烃、烯烃等大宗原料有较大需求量，同时江苏、山东两省化,neutral,-0.0006028726,0.026224196
2022-10-10,2,万科A,公司信息更新报告：销售降幅同比缩窄，万物云顺利上市,"销售降幅收窄，四季度业绩释放可期
万科发布2022年9月经营简报。公司9月合同销售面积227.1万平方米，合同销售金额347.3亿元，分别同比下滑0.5%和3.8%，降幅较8月同比收窄。公司1-9月合同销售面积1936.9万平方米，合同销售金额3146.7亿元，分别同比下滑34.3%和34.3%，降幅有所缩窄，好于克而瑞百强房企销售金额45.4%的下滑比例。我们认为在九月多部门针对刚需和改善客户的放松政策落地后，公司四季度销售业绩释放可期。我们维持盈利预测不变，预计2022-2024年万科A归母净利润分别为244.4、269.0、297.5亿元，EPS分别为2.10、2.31、2.56元，当前股价对应PE估值分别为8.4、7.7、6.9倍，维持“买入”评级。",neutral,-0.0010102018,0.36318678
2022-08-18,1,平安银行,盈利实现较高增速，资产质量保持稳健,"事件：8月17日，平安银行公布2022半年报。公司全年实现营收/拨备前利润/净利润920.2、668.1、220.9亿元，分别同比增长8.7%/10.1%/25.6%。加权平均ROE为12.2%，同比上升1.46pct。点评如下：
在规模、非息、拨备驱动下，净利润实现较高增速。1H22营收同比增8.7%；净利润同比增25.6%，业绩保持较高增速。盈利贡献拆分看：收入端，以量补价、净利息收入维持平稳增长（同比+7.9%）；非息收入同比增10.4%，主要得益于投资收益的增长。支出端，成本收入比26.5%，同比下降0.9pct，经营质效提升；在资产质量平稳、拨备充足的背景下，上半年公司拨备计提力度较为温和（信用减值损失同比小幅增1.5%）。整体来看，规模、非息收入、以及拨备对利润的正向贡献较大，推动净利润保持高增。",neutral,-0.00017277707,0.027701974
2022-11-07,2,万科A,公司信息更新报告：单月销售保持低迷，投资力度有所回升,"单月销售保持低迷，投资力度有所回升，维持“买入”评级
万科发布2022年10月经营简报。公司10月销售面积及金额分别同比下滑23.0%和23.5%，投资力度有所改善，拿地/销售金额达36.1%。我们认为公司销售回暖不及预期主要在于十月多地疫情散发，行业持续下行压制市场信心，购房者观望情绪浓厚。我们认为四季度地方层面放松政策有望持续，年底在加大供货的预期下公司销售业绩有望同比回升。我们维持盈利预测不变，预计2022-2024年万科A归母净利润分别为244.4、269.0、297.5亿元，EPS分别为2.10、2.31、2.56元，当前股价对应PE估值分别为6.7、6.1、5.5倍，维持“买入”评级。",neutral,-0.0015973249,1.2148579
2022-06-21,2,万科A,公司首次覆盖报告：行业龙头稳健发展，多元业务助力盈利提升,"万科作为行业龙头，盈利水平修复可期
展望未来，行业整体进入精细化运营发展阶段。万科作为行业龙头，以其敏锐的战略投资眼光、突出的品牌影响力、丰富的操盘运营经验、稳健的风险管理策略和多元的业务布局领先行业发展。我们认为公司有动力和机会保持现有规模，叠加多元化业务持续发展，将助力公司整体盈利水平修复。我们预计万科A在2022到2024年归母净利润分别为244.4、269.0、297.5亿元，EPS分别为2.10、2.31、2.56元，对应PE估值分别为8.8、8.0、7.3倍，首次覆盖给予“买入”评级。",neutral,-0.0005824017,0.036311746
2022-09-05,34,神州数码,2022年半年报点评：云、信创业务高速增长，鲲鹏核心标的潜力可期,"2022年8月30日公司发布2022年半年报，公司2022H1实现营业收入576.74亿元，同比增长1.72%；归母净利润3.9亿元，同比扭亏为盈；扣非归母净利润3.77亿元，同比增长10.37%。
云业务成长动能强劲，MSP、AGG等细分业务增速超40%。2022H1公司云计算及数字化转型业务实现营业收入23.71亿元，同比增长40%，其中云转售（AGG）业务收入21.03亿元，同比增长42%，毛利率7.18%；云管理服务（MSP）收入2.26亿元，同比增长37%，毛利率47.21%；数字化转型解决方案（ISV）收入0.42亿元，同比增长12%，毛利率79.48%。",neutral,-8.795239e-05,0.018689454
2022-04-26,12,南玻A,计提减值影响利润，电光驱动未来可期,"投资摘要
事件概述",negative,-0.9883011,0.32505155
2022-04-28,157,中联重科,2022年一季报点评：Q1高基数下符合预期，看好稳增长背景下行业回暖,"事件： 公司披露 2022 年一季报。
Q1 行业高基数下滑幅度较大，业绩基本符合预期",negative,-0.956989,0.9301193
2022-08-29,63,中兴通讯,2022年半年度报告点评：三大业务齐头并进，第二曲线业务取得良好进展,"公司于2022年8月26日收盘后发布《2022年半年度报告》、《2022年半年度非经营性资金占用及其他关联资金往来情况汇总表》等。
点评：",neutral,-0.0011115641,1.04823
2022-07-20,90,天健集团,公司首次覆盖报告：城建提速，旧改落子，特区天健整装再出发,"深圳城市综合运营商，国资控股体制持续优化
公司扎根深圳，致力于为重大基础设施建设、民生工程和公共服务提供一揽子解决方案。公司作为深圳特区建工集团旗下核心企业，城市建设业务未来将充分受益深圳持续的基建项目落地；同时住宅开发业务预计下游需求稳定，旧改项目有望带动长期规模增长。我们预计2022-2024年归母净利润分别为23.4、29.6、36.5亿元，EPS分别为1.25、1.59、1.95元，当前股价对应P/E估值分别为4.7、3.7、3.0倍。首次覆盖给予“买入”评级。",neutral,-0.0013008029,0.9648702
2022-04-01,2,万科A,利润规模有所下滑，开发运营并行发展,归母利润下滑，财务状况健康。]2021年公司实现营收4528.0亿元（+8.0%），实现归母净利润225.2亿元（-45.8%），整体毛利率21.8%（-7.4%）。利润的下降主要开发业务毛利率下降、投资收益回落以及计提资产减值损失。面对市场波动，公司保持健康的财务状况，2021年现金短债比为1.5，净负债率29.7%，仅扣除预收后的资产负债率达68.4%，三道红线指标达“绿档”；公司有息负债2660亿，短期债务仅586亿，占比22%；存量融资的融资成本降至4.11%。,positive,0.9973253,0.10636282
2022-04-27,1,平安银行,2022年一季报点评：存款增长加快，净息差环比回升,净利润增长超出预期。2022年一季度营收462亿元，同比增长10.6%，增速较去年年报小幅回升0.3个百分点;一季度PPOP同比增长13.3%，增速较去年年报回升0.8个百分点；一季度归母净利润129亿元，同比增长26.8%，增速较去年年报回升1.2个百分点。考虑到去年年报的同比基数较低，因此去年全年归母净利润的两年平均增速为13.5%，相比之下，今年一季度的业绩增速超出我们预期。一季度加权ROE14.1%，同比回升1.8个百分点。,neutral,1.4002959e-05,0.022715628
2022-09-09,63,中兴通讯,第二曲线业务加速成长，主营业务稳步提升,"结论与建议：
公司2022年上半年实现营业收入598.2亿，YOY+12.71%；录得归母净利润45.7亿，YOY+11.95%；扣非后净利润37.3亿，YOY+65.83%，符合市场预期，维持“买进”建议。",neutral,-0.0043882937,0.27418226
2022-03-11,26,飞亚达,2021年业绩点评报告：名表零售延续高增，自有品牌稳健增长,报告关键要素:2022年3月10日，公司发布2021年年度报告，报告显示，报告期内公司实现营业总收入52.44亿元（YoY+23.57%），实现归母净利润3.88亿元（YoY+31.87%）。拆分Q4来看，实现营业总收入11.59亿元（YoY-10.87%），归母净利润0.45亿元（YoY-43.95%）。此外，公司拟向全体股东每10股派发现金红利3元（含税）。,neutral,-0.0025801263,1.2060099
2022-08-19,1,平安银行,业绩增速平稳，盈利能力回升,2022年中报业绩增速平稳，盈利能力有所回升。2022年上半年营收920亿元，同比增长8.7%，增速较一季度回落1.9个百分点，主要是受市场因素影响，代理基金等收入减少导致;上半年PPOP同比增长12.3%，增速较一季度回落1.0个百分点；上半年归母净利润221亿元，同比增长25.6%，增速较一季度降低1.3个百分点，与去年年报持平，总体变化不大，比较平稳。2022年上半年加权ROE12.2%，同比回升1.5个百分点。,neutral,-0.0007579058,0.03944975
2022-09-05,157,中联重科,2022年中报点评：疫情影响需求，稳增长政策下有望边际改善,事件： 公司披露《2022 年半年度报告》， 2022H1 实现营收 212.99 亿元（yoy-49.82%），归母净利润 17.16 亿元（yoy-64.62%），毛利率 20.78%（yoy-4.23pct），净利率 8.26%（yoy-3.33pct）； 2022Q2 实现营收 112.88 亿元（yoy-51.76%），归母净利润 8.09 亿元（yoy-66.75%），毛利率 21.41%（yoy-1.84pct），净利率 7.29%（yoy-3.37pct）。,neutral,-0.023471048,1.0164351
2022-03-24,63,中兴通讯,中兴通讯：外部扰动因素释放，看好ICT龙头长期发展,"事件：3月23日，中兴通讯发布内部消息公告级复牌公告，收到美国德克萨斯北区联邦地区法院判决，裁定不予撤销中兴通讯的缓刑期(即缓刑期将于原定的2022年3月22日（美国时间）届满)且不附加任何处罚，并确认监察官任期将于原定的2022年3月22日（美国时间）结束。
全面开展合规体系建设，推动全球ICT产业创新和可持续发展：中兴通讯坚持合规为战略发展的基石和经营底线，全面开展合规体系建设，当前美国德克萨斯北区联邦地区法院裁定不予撤销中兴通讯的缓刑期（即缓刑期将于原定的2022年3月22日（美国时间）届满）并且不附带任何附加处罚，同时确认监察官任期结束；我们认为，外部扰动因素逐步释放，同时中兴通讯将持续加强合规体系建设，经营基本面持续改善向好，作为国内领先的ICT产业龙头，技术、产品以及专利优势显著，将进一步带动业绩稳步向上。",neutral,-0.00079319306,0.10599524
2022-03-31,34,神州数码,2021年年报点评：营收首次突破千亿，云+信创双轮驱动,"事件： 公司发布 2021 年年报，公司实现营业收入 1223.85 亿元，同比增长32.94%；扣非净利润 6.72 亿元，同比增长 3.14%。业绩超出市场预期。
自主品牌业务表现亮眼， 云计算及数字化转型业务高速增长： 分业务来看， IT 分销和增值业务营收 1168.38 亿元，同比增长 31.79%。 2021 年缺芯叠加国产化替代加速促使半导体行业整体景气度快速提升，在此背景下，公司微电子业务报告期内取得了大幅增长。 云计算及数字化转型业务营收 38.85 亿元，同比增长 45.71%。其中云转售业务（ AGG）收入34.4 亿元，同比增长 45%，云管理服务及数字化转型解决方案业务（ MSP+ISV）收入 4.5 亿元，同比增长 54%。自主品牌业务营收 16.50亿元，同比增长 126.86%。自主品牌业务快速增长的主要原因是信创业务取得突破式发展， 2021 年收入 11.5 亿元，同比增长 236%。",neutral,-1.9136933e-05,0.53428483
2022-04-25,12,南玻A,业绩大幅增长，各板块扩张稳步推进,计提大额减值准备，业绩仍保持大幅增长。2021年实现营收136.29亿元，同增27.72%，归母净利润15.29亿元，同增96.24%，扣非后归母净利润14.40亿元，同增166.56%，EPS为0.50元/股，拟10派2元（含税），符合此前业绩预告。业绩大幅增长主要受益于报告期内平板玻璃均价涨幅较大，同时电子玻璃业绩迅速提升（不考虑计提减值）。公司全年计提减值资产和信用准备11.36亿元，主要包括太阳能业务资产计提、清远南玻一期电子玻璃在建资产计提、商誉和部分涉诉应收款等。,neutral,-0.00030271886,0.031038642
2022-04-26,63,中兴通讯,Q1业绩超出预期 扣非净利润大幅增长,"事件描述：
公司发布2022年一季度业绩报告：2022年Q1，公司实现营业收入279.3亿元，同比增长6.4%；归母净利润为22.2亿元，同比增长1.6%；归母扣非净利润为19.5亿元，同比增长117.1%；基本每股收益为0.47元。",neutral,-0.00016879058,0.04964763
2022-05-04,66,中国长城,2021年年报和2022年一季报点评：网信业务增速亮眼，飞腾发展逐步加快,事件：2022年4月29日，公司发布2021年年报和2022年一季报。2021年，公司实现营收177.90亿元，同比增长23.15%；归母净利润5.98亿元，同比减少35.59%；扣非归母净利润1.32亿元，同比减少73.32%。2022年一季度，公司实现营收28.29亿元，同比减少9.24%；归母净利润-1.17亿元，同比增加26.35%；扣非归母净利润-1.03亿元，同比增加9.39%。,neutral,-0.00023455507,0.5139997
2022-08-24,26,飞亚达,销售逐月改善，积极应对经营压力,"事件：公司发布半年报，1H22实现营业收入21.84亿元，同比下降21.4%，实现归母净利润1.41亿元，同比下降39.8%，扣非归母净利润1.30亿元，同比下降41.9%。公司单Q2实现营业收入10.10亿元，同比下降27.8%，实现归母净利润0.54亿元，同比下降52.9%，扣非归母净利润0.46亿元，同比下降58.4%。
点评：",positive,0.97211546,1.2655072
2022-04-01,2,万科A,开发业务有望企稳，多元经营持续提升,"事件
公司发布2021年度报告：2021年实现营业收入4528亿元（同比+8%）；归母净利润225亿元（同比-45.7%）；基本每股收益1.94元（同比-46.4%）。分红比例创历史新高，公司拟合计派发分红112.8亿元，占归母净利润比例为50.1%。",neutral,-0.003469683,0.51881874
2022-08-21,301,东方盛虹,光伏EVA持续高景气，大炼化平台形成在即,事件：2022年8月19日晚，东方盛虹发布2022年度中期报告。2022年上半年公司实现营业总收入302.42亿元，同比增长15.66%，环比增长18.25%；实现归母净利润16.36亿元，同比下降44.06%，环比增长1.06%；扣非净利润15.96亿元，同比增长32.79%，环比增长4626.90%；经营活动产生的现金流量净额为61.07亿元，同比增长78.95%，环比增长217.86%；基本每股收益为0.28，同比下降42.86%，加权平均资产收益率为5.83%，同比下降5.37%。,neutral,-0.00014241712,0.06825745
2022-08-22,26,飞亚达,点评报告：多重压力导致业绩短期承压，精密科技业务取得较大突破,"报告关键要素:
2022年8月19日，公司发布2022年半年度报告。报告显示，公司2022H1实现营业收入21.84亿元（YoY-21.38%），实现归母净利润1.41亿元（YoY-39.76%），扣非归母净利润1.3亿元（YoY-41.94%）。其中，Q2实现营业收入10.1亿元（YoY-27.83%），实现归母净利润0.54亿元（YoY-52.88%），扣非归母净利润0.46亿元（YoY-58.42%）。",positive,0.98388076,1.0780631
2022-07-19,27,深圳能源,深度报告：聚焦成长的能源环保服务商,"公司定位于成长性的低碳清洁、多元综合、国际化的综合城市能源和环保服务商。
公司“十四五”战略发展规划中明确提出：坚定不移实施转型发展培育新动能，紧抓“双区”建设重大历史机遇，聚焦“30·60-碳达峰、碳中和”重大战略目标，打造以“清洁电力、生态环保、综合燃气、能源国际”为核心，构建以“能源科技、金融资本”为驱动的“四核双驱”六大板块，努力将公司塑造成为具有国际影响力的清洁能源与生态环保综合服务商。",neutral,-0.009115398,0.3601188
2022-04-05,2,万科A,开发业务加强统筹，多元业务发展较快,2021年，在房地产开发业务上，万科的销售业绩和净利润均出现了一定程度的下滑，但多元化业务发展较快。我们认为，作为房地产行业的龙头房企，万科的表现具有一定的代表性，反映出房企的普遍现状，即规模增长放缓甚至回落，地价高企和投资的不确定性增加导致利润率收窄至常规区间，以及企业在行业下行下进行资产计提减值。但我们也认为，通过战略和管理上的调整，万科在经营和利润的实现上有望止跌企稳，同时多元化业务的快速发展也为万科拓展了未来的空间。,neutral,-0.0009344967,0.41846293
2022-04-27,1,平安银行,2022年一季报详解：业绩立标杆，质效双提升,"事件：4月26日，平安银行发布2022年一季报，营收462.1亿元，YoY+10.6%；归母净利润128.5亿元，YoY+26.8%；不良率1.02%，拨备覆盖率289%。
慷慨放业绩，展现竞争力。平安银行22Q1营收YoY+10.6%，环比提升0.3pct，归母净利润YoY+26.8%，环比提升1.2cpt，该利润增速水平，不光领先股份行，甚至跟比起营收增速在20%附近的城农商行，也不逊色。其中，拨备反哺因素贡献了12.1pct。",neutral,-0.0005187788,0.10024476
2022-09-02,2,万科A,地产开发继续蛰伏，多元业务保持较快发展,2022年上半年，万科以“止跌企稳，稳中提升”为重心，在销售规模下滑下，地产业务投资谨慎，但经营服务业务保持较快发展，开始推动万科云上市。我们认为，在当下求生存优先于谋发展的市场环境下，万科经营状况延续了2021年下半年以来蛰伏过冬的状态，审慎投资，以保证财务和资金安全。,neutral,-0.0012743123,0.17642254
2022-05-05,66,中国长城,行业信创有望成为公司增长驱动力,事件：公司公布 2021 年报，2021 年实现营业收入 177.90 亿元，同比增长 23.15%；实现归母净利润 5.98 亿元，同比减少 35.59%；实现扣非后归母净利润 1.32 亿元，同比减少 73.32%。公司发布 2022 年一季报，实现营业收入 28.29 亿元，同比减少9.24%；归母净利润-1.17 亿元；扣非后的归母净利润-1.03 亿元；亏损幅度有所收窄。,neutral,-0.04091692,0.8398521
2022-12-19,34,神州数码,股权激励彰显经营信心，鲲鹏展翅迎接信创大年,"事件：2022年12月18日，神州数码发布2023年股票期权计划（草案）。
行权价格高于当前价格，彰显业绩增长信心：本次股权激励目的为吸引和留住优秀人才，提升公司凝聚力。本激励计划拟授予股票期权数量约占本激励计划草案公布日公司股本总额的4.87%。本次授予为一次性授予，无预留权益。本激励计划授予的激励对象共计430人。本激励计划授予股票期权的行权价格为21.17元/股，高于2022年12月18日收盘价21.10元，体现了公司对业绩增长的信心。",neutral,-0.0009831532,0.4511785
2022-08-24,90,天健集团,加大投资业绩稳健，城建业务稳健拓展,"业绩点评：2022年上半年公司实现营业收入82.8亿元，同比增长6.7%；实现归母净利润为12.8亿元，同比下降1.4%。期内公司毛利率为33.1%，同比下降了4.2pp，净利率为15.4%，同比下降1.27pp，利润率下滑主要由于建筑施工业务和物业租赁业务毛利率的下降。
市场下行压力下地产销售保持平稳，逆势加大投资力度。2022年上半年，公司综合开发板块销售收入37.9亿元，同比下降6.8%；其中深圳区域项目销售结算金额占主要项目77.9%，城市深耕成效显著。上半年公司在售楼盘20个，实现认购金额43.4亿元，同比下降54.2%。拿地方面，公司上半年竞得成都、深圳、苏州三宗土地，土地面积合计约28万方，总权益地价56.2亿元。截至期末公司累计土地储备总建筑面积102万平米，公司有望通过南岭村旧改项目大幅扩充土储，中长期发展有保障。",neutral,0.017097127,0.47584885
2022-05-05,60,中金岭南,铅锌量价齐升，矿山扩证增储未来可期,"事件：公司于2022年3月28日发布年报。
从全年看，公司实现营业收入444.49亿元，同比增长47.06%；实现归母净利润11.72亿元，同比增长17.75%；扣非净利润10.58亿元，同比增长43.61%。",neutral,-0.00013225831,0.10879803
2022-03-09,63,中兴通讯,2021年年报点评：营收利润双创新高，加速业务拓展，蓄力更强增长动力,"事件：2021年中兴通讯实现营业收入1145.22亿元，yoy+12.9%；归母净利润68.13亿元，yoy+59.9%；实现扣非归母净利润33.1亿元，yoy+219.2%；实现EPS1.47元；经营性现金流净额157.2亿元，yoy+53.7%，业绩符合我们预期。
三大业务协同增长，不断提升市场占有率：中兴通讯运营商网络、政企业务、消费者业务2021年发展良好。运营商网络方面，2021年实现营业收入757.1亿元，同比增长2.3%。2021年5G基站发货量全球排名第二，光接入及光传输相关产品保持领先排名；政企业务方面，2021年实现营业收入130.8亿元，同比增长16.0%，国内政企业务营收同比增长超40%，IDC方面，智能管理系统已在互联网头部客户广泛应用，商用14万+机架；消费者业务方面，2021年实现营业收入257.3亿元，同比增长59.2%。其中家端产品同比增长超80%，手机产品同比增长近40%，5GCPE市场占有率位居全球第一，2021终端全年出货量超1亿部，整体出货量同比增长60%。",neutral,-0.0005413991,0.04977089
2022-09-01,2,万科A,结算加快，严控费用，审慎投资，多元融资,"事件
万科 A(000002)发布 2022 年中报，主要内容如下：",negative,-0.9936644,0.6372291
2022-04-26,63,中兴通讯,2022年一季报点评：扣非后业绩稳健高增，重视技术研发，夯实领先优势,"事件：中兴通讯公布2022年一季报报告，实现营业收入279.30亿元，yoy+6.43%，实现归母净利润22.17亿元，yoy+1.6%，扣非后归母净利润为19.52亿元，yoy+117.13%，业绩符合我们预期。
扣非后归母净利润高速增长，毛利率显著改善：营收端角度来看，国内国际两大市场，运营商网络、政企、消费者三大业务营业收入均实现同比增长，整体业务收入稳步向上；其中消费者业务呈现出持续放量的态势，消费者业务海外市场营业收入同比增长近30%。随着产品结构的改善，运营商业务带动毛利率持续向上，2022年Q1实现毛利率37.78%，较2021年Q1（35.44%）提升2.34pp，较2020Q4（30.94%）提升6.84pp。从净利率水平来看，2022年Q1实现净利率7.28%，较2021年Q1（7.94%）下滑0.66pp，较2020Q4（2.75%）提升4.53pp，盈利水平显著提升。2022年Q1实现扣非后归母净利润19.52亿元，yoy+117.13%，扣非后归母净利润显著高增。其中对非经常性损益项目的确认依照相关规定执行，将规定中列举的非经常性损益项目界定为经常性损益，合计金额约为3.43亿元。",neutral,-0.001517737,0.021711528
2022-09-04,35,中国天楹,首次覆盖报告：垃圾发电扬帆出海，重力储能静待花开,"深耕环保业务十余载，全力进军新型重力储能领域。公司成立于2006年，并于2014年借壳上市。2019年公司收购Urbaser100%股权，并于2021年出售。2022年公司获得EnergyVault重力储能技术授权，全力进军储能市场，开启公司发展新篇章。
垃圾发电业务短期有望快速放量，海外业务拓展成为公司传统业务新增长点。从垃圾发电业务具体情况来看：1）公司拥有多个垃圾焚烧发电项目，且上网电量可观。根据公司2021年年报披露，截至2021年底，公司所运营（含试运营）的垃圾焚烧发电项目有12个，日处理规模合计为1.155万吨。2021年全年合计实现生活垃圾入库409万吨，实现上网电量10.7亿度；2）在手项目充足，公司海内外项目成功完成建设后处理量将有大规模的增长。根据公司公告，截至2021年底，公司在建以及筹建的垃圾焚烧发电项目完工后，公司日处理规模有望增加2万吨；3）垃圾焚烧发电业务扬帆出海，国内外双循环发展模式确立。",neutral,-0.0011122765,0.9622689
2022-04-12,34,神州数码,发布员工持股计划，高增长低估值优异品种,"事件： 2022 年 4 月 11 日，公司发布《神州数码集团股份有限公司 2022 年员工持股计划(草案)》。
高业绩目标低估值，性价比凸显： 员工持股计划考核指标为 2022、 2023年归母净利润不低于 10、 12 亿元。 2022 年业绩目标相比于 2021 年扣非净利润增加约 50%，而截至 2022 年 4 月 11 日，对应 2022 年估值仅10 倍 PE，性价比较高。",neutral,-0.0015265439,0.064920485
2022-02-10,157,中联重科,点评：拟7.8亿收购路畅科技控股权，实现产业协同，加码智能化转型,"事件：2022年2月7日公司公告：拟使用自有资金7.8亿元收购路畅科技（002813.SZ）29.99%股份。本次股份转让完成后，中联重科将成为路畅科技的控股股东，后续将视情况向路畅科技全体股东发起部分要约，拟收购股份的比例不低于路畅科技总股本的18.83%（合计48.82%）。
拟7.8亿收购路畅科技控股权，收购价格公允",negative,-0.99652255,0.13334364
2022-03-10,1,平安银行,2021年报点评：业绩增速稳中有升，资产质量持续改善,2021年业绩符合预期，增速稳中有升。2021全年营收1694 亿元，同比增长10.3%，增速较前三季度回升1.2个百分点，主要是其他非息收入贡献;全年PPOP同比增长11.6%，增速较前三季度回升2.9个百分点；全年归母净利润363 亿元，同比增长25.6%，增速较前三季度降低4.5 个百分点，主要是基数原因导致，剔除基数因来看，全年归母净利润两年平均增长13.5%，较前三季度回升2.4个百分点。2021年加权ROE10.9%，同比回升1.3个百分点。资产规模稳健扩张。2021 年总资产同比增长10.1%至4.92 万亿元，增速比前期略有下降；不过公司零售AUM仍然维持两位数增长，年末零售AUM达到3.18万亿元，同比增长21.3%。此外，存款同比增长10.9%至2.99万亿元，贷款同比增长14.9%至2.98万亿元；年末核心一级资本充足率8.60%，较三季末基本持平。,neutral,-0.00046853436,0.064143
2022-11-01,63,中兴通讯,中兴通讯季报点评：Q3业绩符合预期 第二曲线快速增长,"事件描述：
公司发布 2022 年第三季度业绩报告。2022 年 1-9 月，公司实现营业收入 925.6亿元，同比增长 10.4%， 归母净利润为 68.2 亿元，同比增长 16.5%。",neutral,-0.0010593291,0.66118276
2022-10-11,2,万科A,公司9月销售降幅收窄，中央多重刺激政策托底，建议“区间操作”,"结论与建议：
公司9月份实现销售面积227.1万平方米，销售金额347.3亿元，销售面积和销售金额YOY分别为-0.48%和-3.82%，降幅较上月收窄。公司新增项目2个，拿地仍旧谨慎。",neutral,0.0014613448,0.13870966
2022-05-07,301,东方盛虹,大炼化项目投产在即，新材料领域持续发力,"2021 年公司实现营业收入 517.22 亿元，同比增长 53.48%；归母净利润45.44 亿元，同比增长 492.66%，为历史最高业绩。2022 年第一季度营收137.73 亿元，同比增长 23.58%，归母净利润 6.89 亿元，同比下降 53.72%。
支撑评级的要点",neutral,-0.00031700035,0.105783165
2022-07-13,155,川能动力,风光发电效率突出，锂电布局再造增长,推荐逻辑：1）]唯一国资背景锂矿上市公司，全面布局锂电产业链，李家沟项目锂精矿年产量高达 18万吨，预计 22年投产并大幅增厚公司利润；2）实现绿电及环卫业务转型，21 年风光装机 944MW，利用小时数 2984h，远超全国平均水平；3）随着业务结构调整，盈利能力持续提升，17-21 年公司净利率由 5.9%增至 15.2%。同时公司 22Q1 资产负债率 56.6%，在行业中处于较低水平。,neutral,-0.00015097213,0.040998697
2022-10-31,34,神州数码,公司信息更新报告：业绩超预期，信创业务不断突破,"国内IT产品、技术解决方案和服务商，维持“买入”评级
近几年公司传统IT分销业务维持稳定发展，同时积极拓展云服务业务及信创业务，取得显著成效。我们维持公司2022-2024年归母净利润预测为10.73、12.74、14.92亿元，EPS分别为1.62、1.92、2.25元/股，当前股价对应PE分别16.5、13.9、11.9倍，维持“买入”评级。",neutral,-0.00087032607,0.12892437
2022-10-27,90,天健集团,投资力度逆势提升，经营业绩稳健增长,业绩点评：2022Q3公司实现营业收入46.1亿元，同比增长17.2%；实现归母净利润为1.4亿元，同比增加33.9%。前三季度累计实现营业收入128.9亿元，同比上升10.2%，实现归母净利润为14.2亿元，同比增加1.2%。期内公司毛利率为26.5%，同比下降了3.1pp，净利率为11.0%，同比下降1.0pp，利润率下滑主要由于高毛利项目结算比例的降低。期末合同负债115.3亿元，较年中增加10.8%，可结转资源充足。,neutral,-0.00019500265,0.100518346
2022-02-23,2,万科A,公司经营稳健，静待行业筑底，建议AH股“买进”,"结论与建议：
公司1月份实现销售面积210.6万平方米，销售金额356亿元，YOY分别为-47.2%和-50.2%。1月份单月销售均价为16904元/平方米，MOM-7%，YOY-5.7%。公司1月份销量较弱，但随着市场出现积极托底信号，公司销量有望逐渐改善。",neutral,-0.0016203227,0.22709262
2022-10-27,155,川能动力,2022年三季报点评：新能源发电业务增长稳定，李家沟锂矿项目建设加速,"事件
川能动力发布2022年三季度报告，2022年1-9月，公司实现营业收入23.62亿元，较上年同期减少39.09%；实现归属于上市公司股东的净利润4.35亿元，较上年同期增长36.01%。公司资产总额为192.69亿元，较上年度末增加4.94%；实现归属于上市公司股东的所有者权益为51.24亿元，较上年度末增加6.47%。2022年第三季度实现营业收入9.02亿元，同比增长63.57%；实现归母净利润1.03亿元，同比增长321.15%。",neutral,-0.0001477453,0.04425156
2022-08-22,301,东方盛虹,EVA景气度高涨，大炼化投产有序推进,"2022年上半年公司实现营业收入302.42亿元，同比增长15.66%；归母净利润16.36亿元，同比减少44.06%。其中，2022年第二季度实现营收164.69亿元，同比增长9.77%，归母净利润9.48亿元，同比下降40.11%。公司业绩基本符合市场预期，基于公司EVA产品景气度延续，炼化业务有序扩张，维持买入评级。
支撑评级的要点",neutral,-0.013648555,0.36280864
2022-03-27,63,中兴通讯,阴霾散尽，向阳而生,"事件描述：
公司于 2022 年 3 月 22 日（美国时间）收到法院判决，裁定不予撤销中兴通讯的缓刑期(即缓刑期将于原定的 2022 年 3 月 22 日（美国时间）届满)且不附加任何处罚，并确认监察官任期将于原定的 3 月 22 日（美国时间）结束。",negative,-0.99663454,0.4855082
2022-08-10,34,神州数码,公司首次覆盖报告：云与信创助力腾飞,"国内IT产品、技术解决方案和服务商，首次覆盖给予“买入”评级
公司致力于为国内各类企业客户提供国内外的IT产品、技术解决方案和服务。近几年公司传统IT分销业务维持稳定发展，同时积极拓展云服务业务及信创业务，取得显著成效。我们预计公司2022-2024年归母净利润为10.73、12.74、14.92亿元，EPS分别为1.62、1.92、2.25元/股，当前股价对应PE分别12.5、10.5、9.0倍。公司估值低于同行可比公司估值，首次覆盖给予“买入”评级。",neutral,-0.00070491724,0.9296189
2022-06-30,2,万科A,公司信息更新报告：积极乐观，未来两三年力争实现三大目标,"公司盈利修复可期，维持“买入”评级
万科召开2021年度股东大会，对公司2021年经营情况及展望进行汇报。6月80余城发布超过100条楼市调控措施，因城施策效果逐步显现，行业环比销售数据改善，三季度预计将逐渐修复。我们认为公司作为发展了三十余年的行业龙头，具有强大的资源整合优势和抗风险能力，整体盈利水平修复可期。我们维持盈利预测不变，预计2022-2024年万科A归母净利润分别为244.4、269.0、297.5亿元，EPS分别为2.10、2.31、2.56元，当前股价对应PE估值分别为9.3、8.5、7.7倍，维持“买入”评级。",neutral,-0.0011714401,0.113487124
2022-10-27,63,中兴通讯,2022年三季报点评：坚持固本拓新，高质量发展可期,事件概述：2022年10月26日，公司发布2022年三季报，22Q1-Q3实现营业收入925.59亿元，同比增长10.42%，实现归母净利润68.20亿元，同比增长16.52%，实现扣非归母净利润55.51亿元，同比增长55.30%；Q3单季度实现营业收入327.41亿元，同比增长6.46%，实现归母净利润22.54亿元，同比增长27.05%，实现扣非归母净利润18.25亿元，同比增长37.48%。,neutral,-0.00015356534,0.07224858
2022-10-25,1,平安银行,营收平稳增长，资产质量保持稳定,"事件：10月24日，平安银行公布2022年三季报。公司前三季度实现营收/拨备前利润/净利润1,382.7、1,004.6、366.6亿元，分别同比增长8.7%、10.9%、25.8%。年化ROE为13.5%，同比上升1.65pct。点评如下：
在规模、成本、拨备驱动下，净利润实现平稳增长。前三季度营收同比增8.7%，净利润同比增25.8%，环比1H22基本持平。盈利贡献拆分看：收入端，以量补价、净利息收入维持平稳增长（同比+8.7%，增速环比提升0.8pct）；非息收入同比增8.7%，主要贡献来自投资收益的增长，而手续费收入同比下降12%。支出端，成本收入比26.4%，同比下降1.4pct，经营质效提升；在资产质量平稳、拨备充足的背景下，拨备计提力度较为温和（信用减值损失同比小幅增0.7%）。整体来看，规模扩张、成本节约、拨备反补对利润的正向贡献较大，支撑净利润保持平稳增长。",neutral,-0.00021059182,0.024636984
2022-03-09,63,中兴通讯,开启有质量的增长新阶段,"业绩简评
公司 3 月 8 日发布 2021 年年度报告，报告期内，公司实现营业收入 1145.2亿元，同比增长 12.9%；归属于上市公司普通股股东净利润 68.1 亿元，同比增长 59.9%；扣非净利润 33.1 亿元，同比增长 219.2%。总体符合预期。",neutral,-0.006643049,0.3300656
2022-07-22,63,中兴通讯,首次覆盖报告：第一二曲线增长联袂而至，ICT产业巨头再辟新篇章,"报告要点：
公司是全球领先ICT解决方案提供商，2021年三大业务齐头并进",negative,-0.9739378,0.24581724
2022-03-25,63,中兴通讯,合规监察官任期结束，开启新征程,公司公告： 公司于 2022 年 3 月 22 日 （美国时间） 收到美国德克萨斯北区联邦地区法院判决， 内容有关 2022年 3 月 14 日（美国时间）于美国德克萨斯北区联邦地区法院召开的关于缓刑期撤销的听证会；以及公司日期为 2018 年 10 月 7 日的公告， 内容有关对监察官任期的修改。 判决裁定不予撤销中兴通讯的缓刑期(即缓刑期将于原定的 2022 年 3 月 22 日（美国时间）届满)且不附加任何处罚，并确认监察官任期将于原定的 2022 年 3 月 22 日（美国时间）结束。,negative,-0.997204,0.40663928
2022-04-27,1,平安银行,净息差环比回升，业绩保持高增,"事件：4月26日，平安银行公布2022年一季报。公司全年实现营收/拨备前利润/净利润462.1/336.6/128.5亿元，分别同比增长10.6%/13.6%/26.8%。加权平均ROE为14.1%，同比上升1.82pct。点评如下：
在规模、非息、拨备驱动下，净利润实现较高增速。1Q22营收同比增10.6%；净利润同比增26.8%，延续回升态势。盈利贡献拆分看：收入端，量升价稳、净利息收入维持平稳增长（同比+7.3%）；非息收入同比增18.7%，主要得益于投资收益的增长。支出端，成本收入比26.2%，同比下降1.92pct，经营质效提升。在不良出清、拨备充足的背景下，一季度公司拨备计提力度较为温和（信用减值损失同比小幅增3.7%）。整体来看，规模、非息收入、以及拨备对利润的正向贡献较大，推动净利润保持高增。",neutral,-0.00016380826,0.016689599
2023-04-21,63,中兴通讯,5G基站新建量实现高速增长，服务器等算力产品快速发展,"事件：4月20日，国新办举行新闻发布会，介绍2023年一季度工业和信息化发展情况，截至2023年一季度，我国累计建成5G基站超264万站，一季度新建成5G基站超32.8万个，同比增长145%，环比增长257%。
点评：",neutral,-0.0004427409,0.15751451
2023-08-21,63,中兴通讯,2023年上半年归母净利润同比增长20%，正加快部署算力产品,公司2023年上半年收入增长放缓，归母净利润同比增长20%。公司2023年上半年实现收入607亿元，同比增长1.5%；归母净利润为54.7亿元，同比增长19.9%；扣非净利润为49.1亿元，同比增长31.8%。其中，二季度实现营收316亿元，同比减少1.0%；归母净利润为28.3亿元，同比增长20.5%。运营商业务保持稳健增长，为公司利润做出主要贡献。23年上半年公司运营商业务营收408亿元，同比增长5.4%，该业务主要受益运营商持续加大5G及算力网络建设；此外，公司在芯片端自主可控能力持续增强，驱动该业务毛利率同比提升8.9pct，助公司综合毛利率提升6.2pct。消费者业务营收140.2亿元，同比减少2.6%。全球经济增长放缓，上半年全球手机出货量同比下滑超10%，公司该业务面临增长压力。政企业务营收58.8亿元，同比减少12.4%，主要原因是上半年国内政企市场投资承压。,neutral,-7.242948e-05,0.3160773
2023-08-03,35,中国天楹,公司事件点评报告：重力储能获国家能源局认可，第二增长曲线开始发力,"事件
1）公司近期公告：公司完成2023年面向专业投资者非公开发行绿色科技创新公司债券（蓝色债券）发行工作，本次债券发行实际募集资金1亿元，期限1年，募集资金主要用于投资建设如东100MWh重力储能项目；",negative,-0.98831874,0.649786
2023-11-20,90,天健集团,公司信息更新报告：营收规模稳健增长，多业务板块协同发展,"营收规模稳健增长，多业务板块协同发展，维持“买入”评级
天健集团发布2023年三季度报告，公司前三季度业绩整体表现良好，营收及经营性现金流同比增长，归母净利润受结转项目利润水平下降同比有所降低。公司致力于打造城市综合运营商，多元业务协同发展，物业销售情况保持韧性，未售资源充裕。城市建设及服务业务稳中有进，依托公司全产业链优势及科技创新赋能，探索成为未来业绩增长点。我们维持盈利预测不变，预计公司2023-2025年归母净利润为20.65、22.78、24.59亿元，EPS分别为1.11、1.22、1.32元，当前股价对应PE为4.8、4.3、4.0倍，维持“买入”评级。",neutral,-0.0006069723,0.07581085
2023-04-25,1,平安银行,等待复苏，为“起跳”蓄力,"事件：4月24日，平安银行披露2023年一季报：2023Q1归母净利润同比+13.6%（2022年同比+25.3%）；营业收入同比-2.4%（2022年同比+6.2%%）；年化加权ROE14.38%，同比+28bp；年化ROA1.08%，同比+6bp。
点评：",negative,-0.99611115,0.40758926
2023-10-31,60,中金岭南,盈利能力边际改善，持续强链延链,"事件
10月30日公司公布23三季报，1-3Q23实现营收528.48亿元，同比+12.48%；归母净利7.16亿元，同比-31.53%；扣非归母净利6.64亿元，同比-33.76%。3Q23实现营收156.21亿元，环比-23.61%；归母净利1.76亿元，环比-20.23%；扣非归母净利1.61亿元，环比-17.59%。",neutral,-0.022889875,1.084994
2023-04-03,89,深圳机场,2022客流量因疫情走低，全年亏损11.4亿,"深圳机场披露2022年年报。2022全年营收26.7亿元（-19.2%），归母净利润-11.4亿元，其中四季度单季营收6.2亿元（-34.0%），归母净利润-2.53亿元。整体来看，因疫情影响，公司收入下滑，因T3卫星厅投产公司成本显著提升，亏损幅度符合预期。
疫情影响客流下滑，公司营收下降。2022年疫情影响贯穿全年，公司实现保障航班起降架次23.6万，同比下降25.8%，相比2019年降36.3%，旅客吞吐量2156万，同比降40.7%，相比2019年下降59.3%，货邮吞吐量150.7万吨，同比降3.9%，相比2019年增17.5%。受制于业务量整体下滑，公司各项收入均出现下降，其中航空主业、航空物流、航空广告、航空增值服务收入同比分别下降22.2%、15.2%、1.2%、23.1%。",positive,0.99810016,0.040266216
2023-08-11,301,东方盛虹,2023年半年报点评：炼化景气回升，新材料构筑第二增长极,"事件1：2023年8月10日，公司发布23H1业绩，实现营业收入659亿元，同比上涨118%；实现归母净利润16.8亿元，同比上涨3%；实现扣非净利润15.6亿，同比下降2%。其中23Q2单季度，实现归母净利润9.6亿元，同比上涨2%、环比上涨34%，已连续两个季度实现环比增长。
事件2：2023年6月14日，公司发布第四期员工持股计划，拟筹集资金总额不超过12.8亿元，其中员工自筹资金不超过6.4亿元。",neutral,-0.0011159728,0.102873504
2023-01-30,34,神州数码,盈利表现符合预期区间，信创战略注入增长动力,"事件概况
神州数码于1月30日发布2022年度业绩预报，全年实现营业收入1150-1170亿元，同比下降6.03%-4.40%；实现归母净利润10.0-10.3亿元，同比增长301.34%-313.38%；实现扣非归母净利润9.1-9.4亿元，同比增长34.50%-38.93%。",neutral,-0.0020102365,0.18148518
2023-06-20,63,中兴通讯,AI时代，布局算力全产业链，开启新征程,中兴通讯核心的竞争力和长期成长逻辑在于强劲的技术研发实力在新应用领域的持续价值变现，AI数字经济时代，研发赋能深化算力全产业链布局，第二曲线业务有望成为未来强劲增长引擎。2023年一季度，在A股通信、电子、传媒和计算机板块中，公司研发投入排名第一，过去10年，公司累计研发投入超1300亿元，高研发投入铸就了强劲的技术实力。AI加速高算力时代到来，公司将研发实力赋能在芯片、服务器、交换机、液冷技术、软件算法、数据库等第二曲线全算力产业链，第二曲线创新业务2023年一季度营业收入同比增长超40%，第二曲线有望打牢公司长期成长基石。,neutral,-0.00042031362,0.54861695
2023-09-06,39,中集集团,集装箱业务阶段承压，海工板块高速增长,事件：公司发布2023年半年度报告。1）2023H1公司实现营业收入605.74亿元，同比下降16.02%；归属于上市公司股东的净利润3.99亿元，同比下降84.30%；扣非后归母净利润为9.77亿元，同比下降63.80%。2）2023Q2公司实现营业收入339.24亿元，同比下降7.23%；归属于上市公司股东的净利润2.38亿元，同比下降71.36%；扣非后归母净利润为9.47亿元，同比下降17.12%。,positive,0.9884712,1.2733616
2023-02-14,2,万科A,公司发布150亿元定增预案，提升资金实力，建议“区间操作”,"结论与建议：
公司发布公告，将向不超过35名特定对象定向募集不超过人民币150亿元，募得资金将用于房地产项目开发和补充流动资金。",neutral,-0.0008255514,1.093529
2023-07-12,157,中联重科,拟分拆中联高机重组上市，彰显加速发展决心,"事件：公司发布公告，拟分拆子公司中联高机重组上市，方案包括（1）路畅科技发行股份购买中联高机100%股权，（2）路畅科技向不超过35名（含）对象定增募资33.5亿元，用于补流和墨西哥生产基地建设。
拟分拆中联高机注入路畅科技重组上市，板块有望价值重估",negative,-0.99547595,0.5550332
2023-03-10,1,平安银行,2022年报点评：利润延续高增，加力支持实体,"事件：3月8日，平安银行发布2022年年报。22年营收1798.95亿元，YoY+6.2%；归母净利润455.16亿元，YoY+25.3%；不良率1.05%，拨备覆盖率290%。
利润延续高增长。22年营收同比+6.2%，信用减值同比-1.8%，拨备反哺之下，22年归母净利润同比+25.3%，延续2021年以来的较高增速。拆解营收，22年净利息收入同比+8.1%，增速较前三季度-0.6pct，或部分由疫情冲击下消费信贷需求减弱所致。中收同比-8.6%，年内股、债市场波动对代销基金、理财中收带来一定冲击，但新银保业务改革下代理保险收入同比+30.9%。其他非息收入同比+22.3%，增速下行或主要因Q4债券利率上行带来一定浮亏。",neutral,-0.00021468493,0.07204914
2023-05-04,32,深桑达A,2022年年报及2023年一季报点评：业绩超预期，数据创新业务未来可期,"事件：公司发布2022年报和2023年一季报，2022年，公司实现营收510.52亿元，同比增长16%；归母净利润亏损1.62亿元，同比下滑142%；23Q1实现营收129.26亿元，同比增长13%；归母净利润亏损0.57亿元，同比增长55%，2023年一季报业绩超预期。
电子云高速成长：中国电子云以自主技术为核心，在云计算、大数据、人工智能、安全、网络等领域具备自主设计与开发能力，是业界首个可同时提供具备信创能力的公有云服务和专属云产品的云计算厂商，以及国内首个以“增强”级安全能力通过中央网信办云计算服务安全评估的全国产化软硬件技术和支持PKS架构的云计算平台。中国电子云法人主体报表2022年营收3亿元，部分收入会在中国系统中体现，我们预计2022年深桑达A业务口径下云收入约8亿元，未来有望持续实现翻倍以上增长。",neutral,-0.00017004451,0.016857028
2023-11-20,301,东方盛虹,经营业绩短期承压，拟引入战投强化信心,2023年前三季度公司实现营业收入1036.42亿元，同比增长121.89%；归母净利润24.79亿元，同比增长57.15%。2023年第三季度实现营收377.43亿元，同比增长129.22%，环比增长3.79%；归母净利润7.98亿元，同比增长1667.41%，环比下跌17.13%。公司拟引入战投沙特阿美，增强市场信心，同时随着行业景气度修复，经营业绩有望改善，维持买入评级。,neutral,-0.00028780053,0.2423876
2023-05-25,89,深圳机场,设立合资公司扩大免税业务获利空间，枢纽机场议价能力不改,"公司公告：根据公司全资子公司航空城公司与深免前期签订的T3航站楼进出境免税店合同，公司可与深免集团成立合资公司经营T3航站楼进出境免税店，现公司拟与深免集团投资设立深圳鹏盛空港免税品有限公司，共同经营深圳机场T3航站楼进出境免税店和福永码头免税店，其中公司持股比例为49%。国信交运观点：
类似于上海机场投资收购日上免税股权，深圳机场与深免集团成立合资公司共同运营机场免税业务，可在三个维度实现共赢。",negative,-0.9942249,0.7887486
2023-08-24,1,平安银行,手续费增长改善，资本压力缓解,平安银行中报盈利同比增长14.9%，盈利能力提升，资本压力缓解。盈利持续较快增长，带动盈利能力不断提升，ROE12.65%，同比提升0.45个百分点，核心一级资本充足率8.95%，同比提升42bp。盈利增长压力主要来自收入端，贡献仍主要来自拨备。上半年营收同比下降3.7%，2季度单季同比下降5%，收入压力主要息差带来息收入承压，信贷需求偏弱、主动风险偏好下降叠加存款定期化的压力。2季度手续费表现积极同比增长4.5%，代理和结算均表现积极。偏弱的外部环境下，资产质量仍较为平稳。我们看到行业整体经营承压，公司经营仍积极，关注公司战略变化，对公和零售转型的推进。目前公司估值2023EPB0.53x，看好。维持对公司增持评级。,neutral,-8.310142e-05,0.0602327
2023-10-31,157,中联重科,出口保持高增，业绩超预期,"业绩简评
10 月 30 日，公司发布 23 年三季报， 23Q1-Q3 公司实现收入 355.14亿元（同比+15.87%）、归母净利润 28.55 亿元（ 同比+31.65%）；其中 Q3 单季度实现收入 114.39 亿元（同比+22.35%），实现归母净利润 8.15 亿元（同比+79.98%）， 超出市场预期。",neutral,-0.00013970875,0.03974843
2023-01-31,32,深桑达A,2022年业绩预告点评：持续加大电子云投入，国资云和数据要素龙头未来可期,"事件：公司2022年业绩预告，公司预计2022年归母净利润亏损1.6-1.1亿元，扣非净利润亏损2.75-2.35亿元，低于市场预期。
高研发投入厚积薄发：公司2022年亏损主要系1）持续加大数字与信息服务研发投入：公司旗下中国电子云加快完善在专属云、超融合一体机、分布式存储、大数据平台等领域的产品布局，以及一网统管、营商通等解决方案产品。2）数字与信息服务业务的市场拓展、业务交付、资金回款等受到一定程度限制，进而影响公司业绩。",positive,0.99774694,1.395125
2023-04-28,157,中联重科,2023年一季报点评：业绩表现优于行业，海外收入同比高增123%,"事件：公司披露2023年一季报：2023年一季度公司实现营收104亿元，同比增长4%，归母净利润8亿元，同比减少11%。
业绩表现优于行业，出口同比高增123%",neutral,-0.00016426036,0.020358741
2023-09-15,35,中国天楹,公司事件点评报告：重力储能打通风光储产业链，第二曲线业绩释放在即,"事件
公司近期公告：1）科左中旗风光储氢氨一体化产业园示范项目获批；2）2023年半年度报告，上半年实现营业收入23.88亿元（-4.67%），实现归属于上市公司股东的净利润1.64亿元（+33.10%）。对此，我们点评如下：",negative,-0.9950705,0.21270955
2023-08-13,301,东方盛虹,公司事件点评报告：炼化增厚业绩，新材料布局助力长期成长,"事件
东方盛虹发布2023年中报：上半年公司实现营业收入659亿元，同比增长117.91%；净利润16.8亿元，同比增长3.21%。其中Q2单季度实现营收363.65亿元，同比增长120.81%，环比增长23.13%，实现归母净利润9.63亿元，同比增长1.58%，环比增长34.31%。",neutral,-0.00019958304,0.05400163
2023-10-26,1,平安银行,点评报告：信贷结构持续调整，零售中间业务保持高增,"归母净利润同比增长8.1%：2023年前三季度，营收同比下降7.7%，增速较上半年下滑4个百分点，主要受业务结构调整使得净息差进一步收窄以及公允价值变动等因素影响。归母净利润同比增长8.1%，增速较上半年下滑6.8个百分点。
私行业务和银保业务保持快速增长：2023年9月末，管理零售客户资产（AUM）39988.48亿元，较上年末增长11.5%，其中私行达标客户AUM余额19003.16亿元，较上年末增长17.2%；财富客户136.93万户，较上年末增长8.2%，其中私行达标客户8.93万户，较上年末增长10.9%。2023年1-9月，实现财富管理手续费收入56.36亿元，同比增长10.4%。另外，公司2021年以来即启动新银保战略改革，与平安寿险等平安集团内专业公司深度合作。2023年银保业务在队伍建设、客户服务、产品体系等方面持续升级，产能保持较快增长，截至2023年9月末，新队伍在职人数超2500人；1-9月代理个人保险收入28.55亿元，同比增长98.3%，逐步成为大财富管理战略落地的重要增长引擎。",neutral,1.9753468e-05,0.15197831
2023-04-08,63,中兴通讯,公司动态点评：业绩同比高增，构建高效数字底座培育第二曲线,"公司发布 2022 年报，并在近日召开业绩说明会， 2022 年公司实现营业收入 1229.54 亿元，同比增长 7.36%，实现归母净利润 80.80亿元，同比增长 18.60%，实现扣非归母净利润 61.67 亿元，同比增长86.54%。
公司在全球及三大业务领域均实现同比增长，政企业务表现突出。 公司 2022 年国内和国际两大市场，运营商网络、政企业务和消费者业务三大业务收入均实现同比增长。其中国内、国际市场营收分别为 852.4 亿元、 377.1 亿元，同比增长 9.20%、 3.44%。运营商网络、政企业务、消费者业务营收分别为 800.4 亿元、 146.3 亿元、 282.8 亿元，同比增长 5.72%、 11.84%、 9.93%。",neutral,-5.2550313e-05,0.031950116
2023-04-18,301,东方盛虹,公司短期业绩承压，大炼化有望迎来修复,"事件：2023年4月17日晚，东方盛虹发布2022年年度报告。2022年，公司实现营收638.22亿元，同比+21.13%；实现归母净利润5.48亿元，同比-88.02%；扣非后归母净利润0.85亿元，同比-93.33%；实现基本每股收益0.09元，同比-88.16%。
其中，2022年Q4单季度，公司实现营收171.14亿元，同比-38.02%，环比+3.94%；实现归母净利润-10.29亿元，同比-133.05%；扣非后归母净利润-10.48亿元，环比-126.35%；实现基本每股收益-0.16元，同比-130.77%。",negative,-0.96053165,1.0962089
2023-10-10,35,中国天楹,发布股票期权激励计划，100MWh如东重力储能项目已封顶,"事件描述
事件：10月9日，中国天楹发布2023年实行股票期权激励计划（草案）公告。激励计划拟授予的股票期权数量为5,093万份，约占激励计划草案公告时公司股本总额252,377.7万股的2.0%，行权价格为3.94元/股。",negative,-0.99528676,0.08818132
2023-04-29,1,平安银行,点评报告：财富管理业务稳步推进,"报告关键要素:
平安银行发布2023年一季度业绩报告。",negative,-0.98996884,1.0132625
2023-09-01,2,万科A,公司信息更新报告：上半年业绩短期承压，财务盘面保持稳健,"上半年业绩短期承压，财务盘面保持稳健，维持“买入”评级
万科发布2023年中报，公司业绩受累于开发业务结转收入及利润下降，上半年营收（2008.9亿元）与归母净利润（98.7亿元）双承压，同比分别下降2.9%和19.4%。公司截至6月持有货币资金1221.8亿元，短债占有息负债比例降至14.2%的历史低点，财务盘面安全体现企业韧性。我们维持盈利预测，预计2023-2025年公司归母净利润分别为278.0、320.5、342.8亿元，EPS分别为2.33、2.69、2.87元，当前股价对应PE估值分别为5.9、5.1、4.7倍，维持“买入”评级。",neutral,-0.005344587,0.24668717
2023-10-10,63,中兴通讯,A defensive play with long runway for growth,"ZTE’s recent update on AI-related development: At a recent investor relationsevent, the Company shed light on its progress in AI development for the B2B sector.The Company featured a foundational AI model, a R&D model (AI-assistedprogramming), a telecom model (streamline telecom carriers’ operations), and anindustry-specific model (focusing on urban governance) aimed to be rolled outbetween year-end and early 2024. Capitalizing on the AI momentum spurred byChatGPT in 1H23, the Company is set to debut new computational products and ison track to launch an AI server, specifically en",negative,-0.9908047,0.12012184
2023-08-07,60,中金岭南,一体两翼，铜锌协力,"投资逻辑
“一体两翼”战略路径打造全产业链资源公司。公司海内外所属矿山保有锌金属资源693万吨、铅金属326万吨、铜金属126万吨、银金属6012吨及黄金、钴、镍等多种金属资源，2022年生产精矿含铅锌金属量27.4万吨。公司力争到“十四五”末实现营收1000亿元、利润20亿元以上，制定“一体两翼”战略实施路径，“一体”即提升所控制的铅锌铜金属资源量，“两翼”即打造铅锌和铜冶炼及精深加工产业链，尤其是转战铜产业链。",negative,-0.9963003,0.13462847
2023-09-08,12,南玻A,2023年中报点评：上半年收入稳健增长，稳步推进业务布局,"收入同增28.69%，净利润同减11.16%。2023年上半年实现营收83.89亿，同增28.69%，归母净利润8.89亿，同减11.16%，扣非归母净利润8.38亿，同减5.56%，EPS为0.29元/股，其中Q2单季度营收43.19亿，同增15.7%，归母净利润4.93亿，同减20.1%。
光伏玻璃拉动玻璃板块收入增长，电子玻璃竞争加剧。上半年玻璃业务板块（光伏/工程/浮法）实现收入63.35亿，同比+43.04%，毛利率为22.58%，同比-6.28pct，主因光伏玻璃产线投产收入增加带动成本增加；太阳能业务板块收入15.85亿，同比+10.53%，净利润3.56亿，同比+26.24%；电子玻璃和显示器件板块收入7.20亿，同比-11.1%，净利润0.15亿，同比-86.61%，主因行业竞争加剧，国内电子玻璃产能扩张致供过于求，以及全球电子产品需求萎缩和内嵌式触控技术普及致显示器销量下滑。",neutral,-0.001320858,0.45807767
2023-09-06,59,华锦股份,公司事件点评报告：2023H1业绩承压，炼化格局改善静待价差修复,"事件
华锦股份发布2023年中报：2023年上半年营业收入217.58亿元，同比减少9.93%；归母净利润亏损6.75亿元。2023Q2单季实现营收117.84亿元，同比减少12.48%，实现归母净利润亏损1.78亿元，去年同期为2.17亿元，环比减亏3.2亿元。",positive,0.99805367,0.20669901
2023-10-31,157,中联重科,2023年三季报点评：出口翻倍增长，盈利能力大幅提升,"事件：公司披露2023年三季报。
Q3归母净利润同比+80%，受益于出口高速增长",neutral,-0.0002839077,0.024876416
2023-11-19,32,深桑达A,公司信息更新报告：业绩符合预期，持续发力数据要素市场,"数字信息服务领域国资龙头，维持“买入”评级
我们维持2023-2025年归母净利润预测为2.61、4.94、7.15亿元，EPS分别为0.23、0.43、0.63元/股，当前股价对应PE分别91.4、48.2、33.3倍，考虑公司在国资云及数据要素领域的领先地位，维持“买入”评级。",neutral,-0.0028767,0.35984164
2023-04-14,60,中金岭南,巩固铅锌主业，进军铜产业链,"2022年公司归母净利润同比增长3.5%。2022年公司实现营收553.39亿元（+24.5%），归母净利润12.12亿元（+3.5%），扣非归母净利润11.73亿元（+10.91%），经营性净现金流10.81亿元（-38.85%）。其中2022Q4单季营收84.43亿元（-31.7%），归母净利润1.67亿元（-8.3%）,扣非归母净利润1.71亿元（+18.2%）。",negative,-0.65038586,0.39487088
2023-05-19,34,神州数码,Q1利润稳步增长，信创订单陆续交付,"事件： 公司发布2023年一季度报告，实现营业收入 271.2亿元，同比减少 5.2%，实现归母净利润 2.1亿元，同比增长 11.6%，实现扣非净利润 2.4亿元，同比增长 29.1%。
Q1业绩符合预期， 利润稳步释放。 2023年 Q1，公司收入小幅下滑，预计主要受宏观因素和下游景气度波动等影响；但公司利润释放良好， 扣非后净利润同比增长 29.1%，主要系报告期内计提存货跌价准备金同比大幅减少。此外，公司一季度销售、管理、研发、财务费用率分别为 1.55%（ +0.05pp）、 0.26%（ -0.01pp）、 0.26% （+0.05pp）、 0.15%（ -0.05pp），除研发费用的绝对值明显提升 14.7%之外， 其他费用均有减少， 费用率小幅攀升主要系收入规模下滑而人员成本刚性所致，体制增效举措仍然取得良好成果。",neutral,-0.0045186915,0.45470953
2023-04-25,63,中兴通讯,数字经济基座提供者，第二曲线全面发力,"事件：2023年4月22日，中兴通讯公布2023年第一季度报告，2023Q1公司实现营业收入291.43亿元，比上年同期增长4.34%，实现归母净利润26.42亿元，同比增长19.2%。
战略攻坚年营利双增，双曲线共发力保持领先地位。中兴通讯是全球领先的综合通信解决方案提供商以及中国最大的通信设备上市公司，2023年是公司进入战略超越期的第二年，第一季度业绩表现亮眼，收入、净利润、经营性现金流净额等核心指标符合发展预期，2023年第一季度公司实现营业总收入291.43亿元，同比增长4.34%，归母净利润/扣非归母净利润达到26.42亿元/24.55亿元，同比增长19.2%/25.71%，营利能力显著提高，现金流量净额为23.26亿元，同比增加95.89%，现金流健康水平进一步提升。第一曲线方面，公司进一步巩固技术领先地位，持续提升核心竞争力，其中，无线、承载、固网通过持续不断地推出新产品、新技术、新解决方案，提升占有率，核心网捕捉市场竞对态势变化的机会，稳固核心供应商地位。第二曲线方面，公司准确抓住窗口期，推出符合运营商需求的优势产品，如服务器、数据中心交换机、数字能源、数据中心、数据库、云电脑等。",neutral,-0.00014688497,0.5295373
2023-06-06,63,中兴通讯,运营商力推液冷，中兴液冷技术领先，有望核心受益,"事件：6月5日，在31届中国国际信息通信展览会上，中国移动、中国电信、中国联通三家基础电信运营企业共同面向业界发布了《电信运营商液冷技术白皮书》。
点评：",neutral,-0.027995925,0.96836823
2023-04-14,48,京基智农,牢铸生物安全优势，养殖新星迅速成长,"推荐逻辑：1）规模养殖场占比近六成，供需关系与疫病综合考量，优质养殖企业于周期中成长，24年养殖景气度或有提升；2）6750标准化生产模式，配备空气过滤新风系统，牢铸生物安全优势；3）南方生猪价格略高于全国平均水平，公司当前共计布局产能225万头，未来持续扩张，把握地域价格优势。
优质生猪养殖企业与周期中稳健发展。从能繁母猪存栏量的情况观测，23年生猪养殖景气度或将与22年相近。生猪市场供应量存在时滞性，可参考当前时点回溯十个月的能繁母猪存栏量而粗略估计生猪供应量，故而在判断23年全年生猪价格时，参考22年3月-23年2月能繁母猪存栏量平均数量，我们认为23年生猪养殖平均景气度将与22年水平相近，优质养殖企业把握成本优势，科学养殖提高效率。另一方面，22年Q4-23年Q1出现非瘟散点复发情况，生物安全问题或将导致生猪价格回落，对全年养殖景气度产生影响，同时进一步催化市场产能去化，为未来生猪价格景气回升蓄力，提供供需基本面支持。养殖企业的盈利不应单纯依靠于周期波动中价格的变化，核心的竞争力是提高养殖效率从而有效控制成本。优质养殖企业需要具有产能扩张所必备的现金流，同时经营成本的管控与防控疫病的水平将共同作用成为后续发展过程中的重要课题。",neutral,-0.000650688,0.08781624
2023-10-30,34,神州数码,三季度业绩稳健向上，关注昇腾产业链新变化,"主要观点：
事件概况",neutral,-0.0008074393,1.0260849
2023-08-31,157,中联重科,出口保持高增长，业绩超预期,"业绩简评
8月30日，公司发布23年中报，23H1公司实现收入240.75亿元（同比+13.03%）、归母净利润20.40亿元（同比+18.90%）；其中Q2单季度实现收入136.50亿元（同比+20.93%），实现归母净利润12.30亿元（同比+51.96%），超出市场预期。",neutral,-0.00014370412,0.041268945
2023-03-12,63,中兴通讯,服务器等ICT业务快速发展，盈利能力持续提升,"事件：2023年3月10日，公司发布2022年年报，2022年公司实现营收1229.54亿元，同比增长7.36%，实现归母净利润80.80亿元，同比增长18.60%，实现扣非后归母净利润61.67亿元，同比增长86.54%。
点评：",neutral,-0.00016928831,0.03986311
2023-09-06,35,中国天楹,“环保+新能源”双引擎，掌握重力储能核心技术,"事件描述
事件：8月31日，中国天楹发布2023年半年报，公司2023年上半年实现营业收入23.9亿元，同比-4.7%，实现归母净利润1.6亿元，同比+33.1%，公司今年上半年实现毛利率26.8%，净利率7.6%。",negative,-0.9947027,0.17439872
2023-04-05,34,神州数码,2022年年报点评：利润快速增长，信创+AI双轮驱动,"事件： 2023 年 3 月 30 日，公司发布 2022 年年报。 2022 年，公司实现营收 1,158.80 亿元，同比减少 5.32%；归母净利润 10.04 亿元，同比增加303.11%；扣非归母净利润 9.21 亿元，同比增加 36.09%。业绩符合市场预期。投资要点
利润表现亮眼， 自主品牌业务增长迅速： 公司 2022 年营收同比减少，主要系公司主动聚焦高价值、高毛利业务所致。 公司扣非归母净利润增速较快，主要系公司提质增效、整体毛利率的提升以及战略业务比重的增加。 分业务来看， 2022 年， IT 分销业务实现营收 1082.75 亿元，同比减少 7.33%。 云计算及数字化转型业务实现营收 50.23 亿元，同比增长29.29%。其中云转售（ AGG）业务收入 43.60 亿元，同比增长 26.82%；云管理服务（ MSP）收入 5.18 亿元，同比增长 50.58%。自主品牌业务实现营收 25.70 亿元，同比增长 55.75%，主要系信创战略持续推进所致。",neutral,-0.0025547077,0.20853812
2023-10-29,301,东方盛虹,23Q3业绩同比向好，引入战投开辟新篇章,事件：2023年10月27日，东方盛虹发布三季度报告，2023年前三季度，公司实现营业收入1036.42亿元，同比上涨122%；实现归母净利润24.79亿元，同比上涨57%；扣非后净利润20.53亿元，同比上涨81%；经营活动现金流量净额60.22亿元，同比上涨88%；基本每股收益0.37元/股，同比上涨42%；资产负债率为79.90%，同比上涨1pct，较2022年全年上涨1pct。,neutral,-0.00017994535,0.0453524
2023-08-31,60,中金岭南,铅锌跌价盈利下滑，铜冶炼增收增利,"2023H1年公司归母净利润同比下降36%。2023H1公司实现营收372亿元（+3.9%），归母净利润5.4亿元（-36.3%），扣非归母净利润5.03亿元（-38.8%），经营性净现金流0.47亿元（-90.4%）。其中2023Q2单季营收204亿元（-3.3%），归母净利润2.2亿元（-57.3%）,扣非归母净利润1.95亿元（-59.8%）。盈利下降主因锌价下跌，2023H1锌现货价22132元/吨，同比下降了3757元/吨，公司年产锌精矿19万吨，锌价跌幅基本可以对应公司盈利的下降。",positive,0.9972912,0.8984247
2023-04-25,63,中兴通讯,中兴通讯季报点评：Q1营收稳步增长 毛利率大幅提升,"事件描述：
公司发布2023年第一季度报告。2023年1-3月，公司实现营业收入291.4亿元，同比增长4.3%；归母净利润26.4亿元，同比增长19.2%；实现扣非净利润24.5亿元，同比增长25.71%。",neutral,-0.00018347616,0.028739274
2023-03-13,63,中兴通讯,双曲线发力，从发展到超越,"2023年3月11日，公司发布2022年年度报告。2022年公司实现营业收入1229.5亿元，同比增长7.4%；实现归母净利润80.8亿元，同比增长18.6%；实现扣非归母净利润61.7亿元，同比增长86.5%。业绩基本符合预期。
三大业务稳健增长，成本控制不断优化。公司收入结构稳定，22年运营商、政企、消费者业务分别占比65%/12%/23%，分别同比增长5.7%/11.8%/9.9%。报告期内，受益于运营商业务毛利率提升至46%,公司整体毛利率37.2%，同比增加2PP，成本持续优化。公司强化DICT全栈全域产品创新，全年研发投入达216.0亿元，占营收比17.6%，持续夯实核心技术及产品竞争力。",neutral,-0.0027823076,0.33908045
2023-06-06,66,中国长城,公司动态报告：多重机遇叠加下看好国产化坚固“长城”,"飞腾为心、整机为基，构筑国产化坚固“长城”。 2022 年公司计算终端方面：
1）党政市场： 持续发力，信创产品实现中央机关全覆盖和进入 31 个省市政府采购目录，加速向全国区县信创市场推广； 2）行业市场： 在邮储、工行、能建、中车、电科、电信等多家央企拿下优质项目，多个关键行业领域实现销售突破，为行业市场推广奠定基础。根据公司公开投资者交流纪要， 2022 年累计 24 个重大项目共计 8.5 亿元， 特别是国家某机关、某运营商、某银行以及某能源央企中国长城均为最大或唯一供货商。 3） CPU 产品不断迭代： 根据公司公开投资者交流纪要，飞腾公司基于 S5000 系列平台的服务器产品正在加速推进中， 中国长城基于 S5000 系列平台的服务器产品完成首版主板开发测试。",neutral,-0.002234621,0.14696336
2023-10-28,301,东方盛虹,2023年三季报点评：Q3业绩小幅承压，新材料建设有序推进,"事件：公司发布2023年三季报，实现营业收入1036亿元，同比+122%；归母净利润24.8亿元，同比+57%，扣非净利润20.5亿，同比+81%。其中23Q3单季度，实现归母净利润8.0亿元，同比+1458%、环比-17%，扣非净利润4.9亿元，同比+207%、环比-43%，业绩略低于预期。
油价中枢回升贡献库存收益，炼化产品价格整体上涨。1）2023年上半年国际油价震荡下跌，公司累计计提6.2亿存货减值损失（其中Q1/Q2分别计提2.7亿/3.5亿），对业绩形成拖累。进入下半年以后，受OPEC+减产等因素驱动，油价扭转了自去年二季度以来的下行趋势，其中Q3期间布伦特原油均价回升至85.8美元/桶，环比+7.9美元/桶（+10%），对公司业绩形成正向贡献。2）受油价中枢抬升影响，炼化产品价格整体上涨，其中Q3期间汽油、柴油、PX、纯苯、LLDPE、聚丙烯、丁二烯均价分别环比+3%、+2%、+7%、+11%、+3%、-0%、+1%。",positive,0.996676,0.11526048
2023-05-04,2,万科A,营收利润双增长，投资拿地再发力,"事件
2023年4月28日万科A披露2023年一季报，2023年一季度实现营业收入684.7亿元，同比+9.3%；实现归属于上市公司股东的净利润14.5亿元，同比+1.2%。",neutral,-0.0017576858,0.2758466
2023-10-25,1,平安银行,2023年三季报点评：私行业务亮眼，中收稳步修复,"事件：10月24日，平安银行发布23年三季报。23Q1-3累计实现营收1276亿元，YoY-7.7%；归母净利润396亿元，YoY+8.1%；不良率1.04%，拨备覆盖率283%。
中收表现回暖，利息收入拖累营收。23Q1-3累计营收、归母净利润同比增速均边际下滑，较23H1分别-4.0pct、-6.8pct。拆解营收，23Q1-3净利息收入同比-6.2%，增速较23H1下行3.9pct，规模增速放缓、息差收窄均有拖累。非息收入方面，中收表现回暖，23Q1-3中收同比+2.5%，增速较23H1回升0.5pct。其他非息收入同比-28.0%，降幅较23H1扩大8.7pct，主要受公允价值变动损益、汇兑损益影响。",neutral,-0.00036158098,1.0512146
2023-02-06,157,中联重科,拟将中联高机分拆上市，工程机械龙头业绩有望底部回暖,"事件：公司于2月5日发布预案，拟分拆中联高机重组上市。方案为子公司路畅科技（002813.SZ）向中联高机股东发行股份，收购中联高机100%股权，发行价为23.89元/股，并向不超过35名特定投资者非公开发行股份募集配套资金。分拆完成后，中联高机成为路畅科技全资子公司，中联重科仍为路畅科技的控股股东。
拟分拆中联高机注入路畅科技，板块有望迎价值重估",negative,-0.9875936,0.90397495
2023-04-24,63,中兴通讯,一季度归母净利润同比增长19%，服务器产品持续发力,"公司2023年一季度归母净利润表现亮眼。一季度实现营收291.4亿元，同比增长4.3%；归母净利润26.4亿元，同比增长19.2%。扣非归母净利润24.5亿元，同比增长25.71%；经营性现金流净额达23.3亿元，同比增长95.9%。
持续拓展运营商算网、云网融合合作，公司定义的“第二曲线”创新业务保持40%增长。1）公司运营商业务在稳步提升无线、有线产品的市场份额同时，公司积极配合与支持运营商建设算网、云网融合基础设施；截止22年底，公司数据中心交换机运营商市场排名升至国内第二；中兴通讯路由器产品市场排名升至国内第二，200G端口光网络产品全球发货量第二。2）创新业务方面，公司发布了具备高密度算力、灵活拓展、异构算力等特性的G5系列服务器，相关产品正快速突破金融、互联网等行业并形成规模应用；发布搭载第四代屏下摄像的旗舰nubia Z50 Ultra，全球首款AI裸眼3D平板电脑nubia Pad 3D等多款新品，公司5G MBB & FWA数据终端产品持续全球领先，家庭信息终端营业收入保持双位数增长。",neutral,-0.00012991577,0.014860809
2023-02-08,2,万科A,公司信息更新报告：销售降幅收窄，长租公寓迎来新发展,"销售降幅收窄，长租公寓迎来新发展，维持“买入”评级
万科发布2023年1月经营简报。公司1月销售面积和金额降幅相比2022年全年数据有所收窄，投资保持谨慎，在现有宽松政策预期下，公司销售与拿地企稳可期，多元化业务也将对后续发展提供有力支撑。我们维持盈利预测不变，预计2022-2024年万科A归母净利润分别为244.4、269.0、297.5亿元，EPS分别为2.10、2.31、2.56元，当前股价对应PE估值分别为8.4、7.6、6.9倍，维持“买入”评级。",neutral,-0.0019383486,0.32584566
2023-08-24,1,平安银行,拨备释放驱动H123归母净利润+14.9%,事件：公司发布中报，H123营收886.1亿、同比-3.7%，PPOP624.94亿、同比-3.5%，归母净利润253.87亿、同比+14.9%。加权平均ROE12.65%、同比+0.45pct。成本收入比26.45%、同比-1BP，年化信用成本1.65%、同比-28BP。Q223营收435.12亿、同比-5.0%，归母净利润107.85亿、同比+16.7%。,negative,-0.9885638,0.12549955
2023-07-30,32,深桑达A,公司首次覆盖报告：数字经济国家队，引领“国资云+数据要素”产业新趋势,"数字信息服务领域国家队，首次覆盖给予“买入”评级
公司系网信产业国家队，肩负中国电子“云数”战略使命，聚焦云计算及存储、数据创新、数字政府与行业数字化服务、高科技产业工程服务四项主业，构筑了数字与信息服务、产业服务两大业务板块。我们预计2023-2025年归母净利润为2.61、4.94、7.15亿元，EPS分别为0.23、0.43、0.63元/股，当前股价对应PE分别131.0、69.1、47.7倍。公司估值高于行业可比公司平均水平，考虑公司在国资云及数据要素领域的领先地位，首次覆盖给予“买入”评级。",neutral,-0.0024435862,0.7696845
2023-04-21,301,东方盛虹,一季度盈利修复，大炼化未来可期,事件：2023年4月20日晚，东方盛虹发布2023年一季度报告。2023年一季度，公司实现营收295.34亿元，同比114.44%，环比72.57%；实现归母净利润7.17亿元，同比4.75%，环比169.68%；扣非后归母净利润6.97亿元，同比1.26%，环比166.51%%；实现基本每股收益0.11元，同比1.26%，环比166.51%。,neutral,-0.28736702,0.40586674
2023-04-24,27,深圳能源,年度点评报告：收入增长超预期，绿色能源转型发展坚决持续,"事件
公司发布2022年年报：2022年年度实现营业收入375.25亿元，同比增长16.17%；实现毛利65.11亿元，同比增长5.97%；实现归属母公司净利润21.99亿元，同比增长3.29%。",neutral,-0.0001626377,0.039752245
2023-06-28,32,深桑达A,公司动态研究报告：以“云数”为底，积极拥抱大模型浪潮,"业绩回暖，战略转型阵痛期即将过去
作为中国电子自主安全计算能力、计算产业的“出海口”，积极响应国家科技自强自立的时代号召，加大产品研发投入，推动其从集成型公司向产品型、科技型公司战略转型，自主可控优势进一步扩大。公司2022年实现营业收入511亿元，同比增长15.7%；归母净利润亏损1.62亿元，同比下降142%；研发投入15.4亿元，同比增长45.4%。公司2023年一季度营收增长、亏损大幅收窄，营业收入达到129亿元，同比增长13.3%；实现净利润1.01亿元，同比增长39.7%；归母净利润亏损0.566亿元，同比大幅减少0.683亿元；研发投入3.56亿元，同比增长13.1%，高研发投入仍然是造成归母利润亏损的主要原因。随着公司自主研发产品和解决方案逐步进入收获期，高研发投入带来利润亏损的阵痛期即将过去。",neutral,0.00044134725,0.9361309
2023-03-09,1,平安银行,规模扩张带动2022年业绩高增长,事件：公司发布2022年年报，全年营收1798.95亿元、同比+6.2%，PPOP1285.59亿元、同比+7.4%，归母净利润455.16亿元、同比+25.26%。加权平均ROE12.36%、同比+1.51pct。利息净收入、手续费及佣金净收入、投资收益分别同比+8.1%、-8.3%、+1.1%，收入占比分别72.3%、16.8%、8.0%。,neutral,-0.0032063243,0.81808597
2023-04-25,63,中兴通讯,2023年一季报点评：毛利率大幅改善，ICT驱动业绩超预期,"事件概述：2023年4月21日，公司发布2023年一季报，23Q1实现营业收入291.4亿元，同比增长4.3%，环比下降4.1%；实现归母净利润26.4亿元，同比增长19.2%，环比增长109.7%；实现扣非归母净利润24.5亿元，同比增长25.7%，环比增长298.4%。经营性现金流净额达23.3亿元，同比增长95.9%。
5G基站建设超预期，第二曲线创新业务营收增速超40%。",neutral,-0.00015738257,0.02192074
2023-11-23,21,深科技,深度报告：EMS龙头再出发，存储封测打开成长空间,EMS龙头再出发，转型半导体封测业务。深科技是全球领先的EMS企业，成立于1985年，拥有30多年丰富的产品生产制造经验。公司在2015年成立子公司沛顿科技，进军存储封测业务。当前公司主营业务为存储半导体、高端制造和计量智能终端。2023年H1公司实现营收77.41亿元，同比增长2.5%，从业务结构来看，2023年H1高端制造、存储半导体、计量终端业务在收入中分别占比65.1%，17.6%，16.8%。2023年6月19日，原沛顿科技董事长周庚申出任深科技代行董事长，体现公司在半导体封测业务的积极布局与战略转型。,neutral,-0.003624975,0.53321373
2023-10-24,63,中兴通讯,Q3扣非净利快速增长，经营性净现金流大幅提升,"事件：20233年10月23日，公司发布2023年第三季度报告，2023年第三季度公司实现营收286.89亿元，实现归母净利润23.69亿元，同比增长5.09%，实现扣非后归母净利润21.92亿元，同比增长20.08%，经营性现金流净额达28.36亿元，同比增长1169.63%。
点评：
经营保持稳健，盈利能力得到提升",neutral,-0.00020182121,0.01936388
2023-08-25,89,深圳机场,客流持续恢复，二季度重回盈利区间,"深圳机场披露2023年中报。2023年上半年公司营业收入19.47亿，同比增长47.5%，实现归母净利润-5510万，同比大幅减亏，其中2023年二季度公司营业收入10.40亿，同比增长54.6%，实现归母净利润5278万。
民航需求复苏，深圳机场上半年客流显著增长。2023年民航需求迅速复苏，深圳机场上半年航班起降架次18.73万人次，同比增长68.4%，相比2019年提高3.5%，旅客吞吐量2436.4万人次，同比增长159.4%，恢复至2019年同期的94.3%。二季度公司客流进一步恢复，整体客流、国内线客流、国际线客流、地区线客流分别恢复至2019年同期的102.2%、109.7%、41.0%、57.7%。",neutral,-0.00019748328,0.06799489
2023-07-13,66,中国长城,公司事件点评报告：“鹏腾”携手，共创国产算力新格局,"事件
7月12日，根据中国电子公众号，中国电子与华为技术有限公司决定合并鲲鹏生态和PKS生态，共同打造同时支持鲲鹏和飞腾处理器的“鹏腾”生态，携手产业界伙伴共同发展，开创通用算力新格局。",neutral,-0.020093683,0.47276044
2023-01-03,32,深桑达A,电子云混改落地，数据要素市场化未来可期,"事件：公司发布《关于子公司中电云数智科技有限公司实施混改暨关联交易的进展公告》，2022年12月29日，公司及中国电子云公司与国开基金、员工持股平台、中电信创签署了《增资协议》，约定外部战投国开制造业转型升级基金（有限合伙）、员工持股平台云启未来（武汉）管理咨询中心（有限合伙）、中电信创以相同价格向中国电子云公司增资。
混改实现有效激励：此次混改完成后，公司持有中国电子云60%股份，员工持股平台持有中国电子云16%股份，并作为公司的一致行动人。中电信创（中国电子为实控人）持有中国电子云16%股份，外部战投国开基金（国资控股）持有中国电子云8%股份，按混改投前中国电子云估值30亿元增资。混改完成后不会影响公司现有业务的稳定性，不影响公司合并报表范围，公司仍然为中国电子云控股股东。引入员工持股平台给予公司估值相对较低，体现公司绑定核心人才利益，长期做大做强中国电子云的决心，有利于吸引更多高质量科技人才，并筹措资金用于研发投入。引入主要由中国电子集团下属二级企业发起成立的中电信创，有利于促进集团公司业务协同，系统性发挥PKS体系优势。",neutral,-0.0014602633,0.76261705
2023-08-30,60,中金岭南,铜冶炼利润可观，半导体材料技术再提升,"事件
公司8月29日公布23半年报，1H23实现营收372.08亿元，同比+3.88%；归母净利5.40亿元，同比-36.34%；扣非归母净利5.03亿元，同比-38.76%。2Q23实现营收204.36亿元，环比+21.70%；归母净利2.20亿元，环比-31.21%；扣非归母净利1.95亿元，环比-36.85%。",neutral,-0.039861653,0.9984469
2023-03-31,157,中联重科,2022年报点评：业绩符合预期，多元化、全球化快速铺开,"事件：公司披露 2022 年年报， 业绩接近预告中值，符合市场预期。
业绩符合预期， 出口高速增长",negative,-0.92955714,0.2164396
2023-10-24,63,中兴通讯,强化研发投入，盈利能力改善,"业绩简评
2023 年 10 月 23 日， 公司发布 23 年三季报，报告期内实现营收893.9 亿元，同比再下降 3.4%；归母净利润 78.4 亿元，同比增长15.0%；扣非归母净利润 71.0 亿元，同比增长 27.9%， 业绩符合预期。",negative,-0.372938,0.71374035
2024-04-30,2,万科A,单季利润转亏，盘活资产回笼现金,"事件
2024年4月29日万科A披露2024年一季报，一季度实现营业收入615.9亿元，同比-10.1%；实现归母净利润-3.6亿元，同比-125.0%。结算规模和毛利率下降，营收下降利润亏损：1Q24公司营收下滑主要由于开发业务结算规模下降所致，而归母净利润亏损，除结算量下滑外，1Q24结算毛利率10.8%，同比下降4.6pct。",positive,0.9981083,1.2395881
2024-04-01,34,神州数码,2023年报点评：数云融合成效显著，AI提升长期增长动能,"事件概述：2024年3月29日公司发布2023年度报告，2023年公司实现营业收入1196.24亿元，同比增长3.23%；归母净利润11.72亿元，同比增长16.66%；扣非归母净利润12.63亿元，同比增长37.22%。
软硬件战略布局生成式AI，云数算一体化打造全新增长点。1）软件端：发布“神州问学”AI平台产品。神州问学由公司的人工智能产品Jarvis正式升级而成，已经对接了数十家主流大模型，协助企业投产和运营自己的大模型应用，成功帮助医药、零售等行业客户落地生成式AI应用场景；携手十余家产业生态合作伙伴共同开启“生成式AI问学共创计划”。2）硬件端：持续推进AI服务器的研发、推广。完成多款新一代AI服务器的研发、生产及交付，推出神州鲲泰问学一体机等新品，并首度获得华为“鲲鹏+昇腾”双领先认证；神州数码深圳人工智能计算中心项目也已正式启动。",neutral,-0.0007459834,0.15511537
2024-03-31,157,中联重科,出口高增长，盈利能力大幅改善,"业绩简评
3月29日，公司发布23年全年年报，23年全年公司实现营业收入470.75亿元，同比+13.08%；实现归母净利润35.06亿元，同比+52.04%。其中单Q4实现收入115.61亿元，同比+5.26%；归母净利润6.51亿元，同比+373.72%，符合市场预期。",negative,-0.8614407,0.9705006
2024-09-01,39,中集集团,半年报业绩点评：收入同比增长31%，集装箱制造收入实现修复,2024年上半年营业收入同比增长30.61%，归母净利润同比增长117.23%。公司2024年上半年实现营业收入791.15亿元，同比增长30.61%，归母净利润8.66亿元，同比增长117.23%，扣非归母净利润8.20，同比下降16.00%。上半年收入、归母净利润同比增长主要系集装箱制造业务收入实现修复，海工造船业务收入快速增长，同时本期衍生金融工具公允价值变动损失收窄，而扣非净利润同比下滑主要系核心业务毛利率有所下滑，车辆业务因基数原因利润同比下滑较多。同期毛利率/净利率分别为10.73%/1.76%，同比变动-2.93/+0.12个百分点，分行业看集装箱/物流/海洋工程/车辆/能源化工等收入占比10%以上的业务毛利率分别为12.25%/5.64%/4.60%/4.59%/12.68%，同比变动-2.10/-0.65/-5.73/-14.68/-3.25个百分点。,positive,0.57120776,0.14893568
2024-02-28,155,川能动力,新能源发电优势明显，李家沟锂矿稳步推进,Q4净利润环比好转，风电业务持续增长。公司发布业绩预告，2023年归母净利润7.0-7.8亿元，同比变化-1.38%至9.89%，扣非归母净利润为6.6-7.4亿元，同比变化-0.02%至12.10%。2023Q4公司归母净利润为1.36-2.16亿元，同比下降50.48%-21.37%，环比增长26.85%-101.40%，扣非归母净利润为1.15-1.95亿元，同比下降62.03%-35.73%，环比增长15.92%-96.22%。公司业绩相较于Q3有着大幅改善，主要原因系公司装机规模16万千瓦会东小街风电项目陆续建成投运，公司风力发电量较上年同期增长。,neutral,-0.00013322168,0.031969488
2024-03-29,2,万科A,经营业务稳步成长，降杠杆守安全底线,"事件
2024年3月28日万科A披露2023年年报，全年实现营业收入4657.4亿元，同比-7.6%；实现归母净利润121.6亿元，同比-46.4%；每股基本盈利1.03元，同比-47.3%。",negative,-0.98448664,1.1384122
2024-09-02,2,万科A,公司信息更新报告：销售维持前三，结算毛利承压，融资动作持续落地,"销售维持前三，结算毛利承压，融资动作持续落地，维持“增持”评级
万科发布2024年中报。公司上半年业绩受多因素影响亏损，销售下滑拿地收缩，但负债结构有所改善，融资渠道畅通。受结转规模下降、计提减值扩大影响，我们下调盈利预测，预计2024-2026年公司归母净利润分别为-60.5、7.5、27.6亿元（原值为102.6、116.1、121.3亿元），EPS分别为-0.51、0.01、0.23元，当前股价对应PE估值分别为-13.3、1069.2、29.3倍，我们认为公司低价地结转结束后，盈利能力有望触底回升，维持“增持”评级。",neutral,-0.0002209713,0.09742868
2024-03-29,39,中集集团,2023年报点评：业绩略超预告上限，看好集装箱+海工复苏下困境反转,"事件：公司发布2023年年报。2023年公司实现归母净利润4.2亿元，同比下降87%，略好于此前预告上限3.8亿元。
业绩基本符合预期，海工板块增速亮眼",neutral,-0.00071919966,0.39512676
2024-06-13,63,中兴通讯,坚持自主创新，积极布局“算力+连接”,中兴通讯发展稳健，布局“算力+连接”，经营业绩持续创新高。公司是全球稀缺的5G端到端设备解决方案提供商，产品覆盖无线、有线、云计算、终端产品和专业通信服务，业务覆盖160多个国家和地区。2023年全年实现营收1242.5亿元（同比+1.1%），归母净利润93.3亿元（同比+15.4%）。行业：运营商及互联网厂商均加大算力部署，5G-A今年开启商用。（1）算力方面，中央及地方政府频出政策明确算力规划。IDC数据显示，2023年中国加速服务器市场规模达94亿美元，同比增长104%。2024年运营商资本开支继续向算力侧倾斜，移动近期集采PC服务器（约164亿元）和AI服务器（约191亿元）总额创历史新高，中兴通讯在PC服务器中标份额持续第一。互联网厂商近期资本开支同比环比均有所提升，公司已与百度等厂商开展合作。（2）连接方面，2024年为5G-A商用元年，运营商及华为均积极部署5G-A网络。公司领先行业发布5G-A通感一体技术并已应用在低空经济飞行器上，该技术是低空飞行器位置感知核心技术。我国低空经济行业市场规模超万亿，5G-A技术受益低空经济发展。,neutral,-0.00035286273,0.43880707
2024-08-19,63,中兴通讯,Mixed 1H24 results,"ZTE’s announced 1H24 results. Revenue increased by 2.9% YoY toRMB62.5bn, while net profit grew by 4.8% YoY to RMB5.7bn in 1H24. Despitethe headwinds from declining capex of domestic telcos for ZTE’s carrierbusiness, non-carrier businesses managed to grew double-digits (14.3% and56.1% YoY growth in consumer and gov’t/enterprise segments). On a quarterlybasis, Q2 revenue increased by 1.1% YoY / 4.4% QoQ, while net profitincreased by 5.7% YoY / 9.1% QoQ. GPM declined sequentially to 39%, mainlydue to unfavorable product mix (i.e., lower contribution from high-margin carriersegment).",negative,-0.99380016,0.18490463
2024-04-16,59,华锦股份,公司年报点评：2023年盈利逐季改善,"2023年盈利逐季改善。2023年，公司实现营业收入461.42亿元，同比-5.95%；实现归母净利润0.70亿元，同比-86.72%。公司单季度盈利逐步改善，1Q23-4Q23公司分别实现归母净利润-4.98亿元、-1.78亿元、2.83亿元、4.62亿元。公司拟向全体股东每10股派发现金红利0.14元（含税）。
主要产品产销量稳定增长。2023年，公司石化板块产销量分别为558.67/558.70万吨，分别同比增长4.26%/4.97%；化肥板块产销量分别为126.83/126.17万吨，分别同比增长14.05%/13.57%。",neutral,-0.00020138177,0.015758991
2024-05-01,157,中联重科,2024年一季报点评：阿尔法属性彰显，盈利能力持续回升,"事件：公司发布2024年一季报，业绩符合预期。
24Q1业绩同比增长13%高于行业，阿尔法属性彰显",neutral,-0.0059851524,0.4691968
2024-04-01,39,中集集团,2023年年报点评：四季度营收同比转正，集装箱业务持续复苏,"公司2023年归母净利润同比下滑86.91%。公司2023年营业收入1278亿元，同比下降9.70%，其中四季度营收326.85亿元，同比增速转正0.87%，全年归母净利润4.21亿元，同比下降86.91%，主要系：1）受集装箱制造业务处于历史性周期低位影响；2）受美元债利率提升影响，2023年整体利息费用增加6.08亿元。
2023年整体经营业绩受主营业务的周期波动影响。1）集装箱制造（持股100%）保持全球龙头地位，2023年收入302亿元，同比下降33.90%，净利润18亿元，同比下降65.88%，全年盈利能力稳定，毛利率保持在15.97%，净利润率为5.94%，整体得益于良好的价格支撑及成本管控。2）中集车辆（持股56.78%）巩固全球半挂车销量第一的市场地位，同时加速新能源半挂车的商用化进程，2023年收入251亿元，同比增长6.21%，净利润24亿元，同比增长119.80%。3）中集安瑞科（持股67.60%）全面提升天然气、氢能等清洁能源全产业链布局和一体化服务能力，在手订单再创新高达人民币228.50亿元。2023年收入251亿元，同比增长17.77%，净利润8.54亿元，同比下降18.03%。4）中集来福士（持股80.04%）2023年收入104亿元，同比增长81.12%，净亏损为0.31亿元，其中海洋工程业务的经营主体海洋科技集团已于本年",neutral,-5.9776008e-05,0.4339528
2024-08-30,100,TCL科技,2024年半年报点评：显示业务盈利大幅提升，光伏业务静待修复,"事件：TCL科技8月26日晚发布2024年半年报，2024年上半年TCL科技实现营业收入802.24亿元，归母净利润9.95亿元，同比增长192.28%。对应2Q24，公司实现营业收入403.57亿元（YoY-11.74%，QOQ+1.03%），归母净利润7.55亿元（YOY-15.09%，QoQ+214.72%）。
半导体显示业务盈利大幅提升，拟收购LG广州产线增强行业竞争力。2024",neutral,-0.00015398514,0.024722874
2024-04-08,34,神州数码,2023年报点评：营收结构优化趋势明显，持续丰富“国产化算力+智算”产品体系,"事件：公司2023年实现营收1196.24亿元，同比+3.23%；归母净利润11.72亿元，同比+16.66%；扣非后归母净利润12.63亿元，同比+37.22%
战略转型业务收入持续快速增长，营收结构逐级优化趋势明显。",neutral,-6.97019e-05,0.015272737
2024-03-31,2,万科A,公司信息更新报告：结算毛利水平下行，努力渡过模式转型,"结算毛利水平下行，努力渡过模式转型，维持“买入”评级
万科发布2023年年报，公司收入下滑业绩承压，在年报中提出2024发展展望：（1）确保安全底线：经营层面现金流为正，加强大宗交易和股权交易工作，回款300亿元以上；（2）坚定降杠杆，未来两年削减付息债务1000亿元；（3）做好产品、好服务；（4）精简高效、节衣缩食。受行业销售低迷、公司销售规模下降影响，我们下调2024-2025年并新增2026年盈利预测，预计2024-2026年公司归母净利润分别为102.6、116.1、121.3亿元（2024-2025年原值238.4、258.4亿元），EPS分别为0.86、0.97、1.02元，当前股价对应PE估值分别为10.5、9.3、8.8倍。我们看好公司高价地结转后盈利水平持续修复，维持“买入”评级。",neutral,-0.000546908,1.2487732
2024-09-02,34,神州数码,2024年半年报点评：核心业务持续发力，信创业务高景气度延续,"事件概述：2024年8月30日公司发布2024年半年报，2024年上半年，公司实现营业收入625.62亿元，同比增长12.52%；归母净利润5.09亿元，同比增长17.52%；扣非净利润4.55亿元，同比增长6.14%。
2024Q2收入、利润均稳健成长，核心业务持续发力。2024Q2，公司收入及归母净利润同比增速分别达到17%和22%。2024年上半年，公司自有品牌产品业务强劲增长，实现营业收入26.6亿元，同比增长45.5%。毛利率10.5%，同比提升1.7个百分点。自有品牌产品业务利润总额为4403万元。信创方面，国产化需求持续释放，公司作为华为鲲鹏核心合作伙伴之一，相关业务保持快速发展态势；同时，AI算力领域景气度高，公司作为华为昇腾的核心合作伙伴之一，拥有整机、分销等多种能力并不断补强其他能力。2024年上半年，信创业务收入21.9亿元，同比增长73.3%，毛利率12.1%。其中，神州鲲泰人工智能服务器受益于行业高景气度，实现收入5.6亿元，同比增长273.3%。",neutral,-6.6079665e-05,0.017275631
2024-10-22,63,中兴通讯,公司信息更新报告：丰富智算产品生态，国际市场实现较快增长,"业绩保持稳健，国外市场维持双位数增长，维持“买入”评级
公司发布2024年三季度报告，2024前三季度实现营收900.45亿元，同比+0.73%，实现归母净利润79.06亿元，同比+0.83%，实现扣非归母净利润68.98亿元，同比-2.86%。2024Q3实现营收275.57亿元，实现归母净利润21.74亿元，实现扣非归母净利润19.35亿元。公司整体保持稳健经营，消费者和政企业务均实现快速增长，运营商国际市场持续突破大国大T，保持双位数增长。受投资环境影响公司国内运营商业务整体承压，我们下调2024-2026年盈利预测，预计2024-2026年归母净利润为90.52/99.19/112.61亿元（原预测分别为101.97/110.29/120.62亿元），当前股价对应PE为16.8/15.3/13.5倍，伴随国内5G-A商用落地以及算力设施持续建设，我们看好运营商和政企业务长期发展，维持“买入”评级。",neutral,-0.0007488888,0.07431835
2024-06-28,60,中金岭南,铅锌矿扩建+铜矿投产，业绩有望增厚,"主要观点：
事件一：公司拟投资扩建凡口铅锌矿资源整合Ⅰ期狮岭东矿段项目",neutral,-0.0013023277,1.1008385
2024-10-31,34,神州数码,公司信息更新报告：盈利能力快速提升，战略业务高速发展,"国内IT产品、技术解决方案和服务商，维持“买入”评级
我们维持公司2024-2026年归母净利润预测为14.03、16.99、21.35亿元，EPS分别为2.10、2.54、3.19元/股，当前股价对应PE分别15.9、13.1、10.5倍，考虑公司正推进数云融合及信创战略，维持“买入”评级。",neutral,-0.0018697599,0.21149719
2024-08-28,60,中金岭南,量稳价增，Q2业绩环比增长,"事件
8月27日公司发布24年中报，1H24实现营收306.41亿元，同比-17.69%；归母净利5.42亿元，同比+0.3%；扣非归母净利5.18亿元，同比+2.94%。2Q24实现归母净利3.03亿元，环比+26.43%，同比+37.41%。",neutral,-0.0036205237,0.41119498
2024-08-21,63,中兴通讯,2024年半年报点评报告：坚持“连接+算力”主航道，政企业务快速增长,"2024年8月16日，中兴通讯发布2024年半年报：2024年上半年公司实现营业收入624.87亿元，同比增长2.94%；实现归属上市公司股东的净利润57.32亿元，同比增长4.76%。
观点：",neutral,-0.00030723022,0.02332151
2024-09-02,100,TCL科技,2024年中报点评：面板业务盈利大幅改善，光伏业务静待修复,"面板行业供需关系改善，2024年中报归母净利润同比增长192%：2024年上半年，面板行业供需改善，主要产品价格稳步提高，公司积极优化商业策略和业务结构，盈利能力显著改善。2024年上半年，TCL科技实现营业收入802.2亿元，归母净利润9.95亿元，同比增长192.3%，经营现金流净额126.3亿元，符合市场预期。
Q2价格上涨推动面板业务净利润大幅提升，长期供给格局进一步集中：2024年上半年，公司半导体显示业务实现营业收入498.8亿元，同比增长40.4%，净利润27.0亿元，同比改善61.5亿元，其中第二季度实现盈利21.6亿元，环比增长300.2%。1）大尺寸领域：受体育赛事备货需求和高涨价预期的影响，终端客户订单提前释放，大尺寸LCD产线二季度价格环比提升。公司持续发挥G8.5和G11制造效率和制程优势，24H1公司电视面板业务平均尺寸较去年同期增长1.2寸，持续保持在大尺寸领域份额优势。2）中尺寸领域：公司加快与IT及车载等新业务客户的深度合作，t9产线按计划进行产品开发和品牌客户导入，IGZO氧化物产品实现量产出货，6代LTPS产线加快产品结构升级，产品组合更加丰富。3）小尺寸领域：24H1公司LTPS手机面板出货量全球第二，柔性OLED手机面板出货量达到3900万片，同比增长180%，市占率提升至全球第三，折叠屏出货量第四。此外，公司参",neutral,-0.00029905364,0.13558549
2024-11-11,2,万科A,公司信息更新报告：销售规模稳居前列，优质土地储备充足,"销售规模稳居前列，优质土地储备充足，维持“增持”评级
万科发布2024年1-10月经营数据。公司2024年1-10月销售规模同比收缩，销售单价有所下滑，销售规模稳居行业前列，拿地强度有所收缩，土储相对充足，贷款担保动作频繁，融资端获支持力度充分，负债结构不断优化。我们维持盈利预测，预计2024-2026年公司归母净利润分别为-60.5、0.75、27.55亿元，EPS分别为-0.51、0.01、0.23元，当前股价对应PE估值分别为-18.8、1504.2、41.2倍，维持“增持”评级。",neutral,-0.00032654798,0.025195241
2024-08-19,1,平安银行,点评报告：调整业务结构 公布中期分红,"中期分红，分红率为18.4%：公司积极响应新“国九条”提高分红频率要求，公司在业绩报告中宣布中期分红方案，每10股派发现金2.46元，按照当期归母净利润计算的分红率为18.4%，按照8月15日收盘价测算的非年化股息率为2.45%。
总资产同比增速4.61%，金融投资同比增速14.08%：截至2024年6月末，平安银行总资产同比增速4.61%，其中，贷款同比增速-0.64%，金融投资同比增速14.08%。从贷款结构看，企业贷款占比达到46.6%，较年初上升4.6个百分点。核心一级资本充足率9.33%，较年初上行11BP。",negative,-0.98511297,0.21112376
2024-10-31,157,中联重科,资产质量提升，盈利能力维持高位,"公司2024年10月30日发布24年三季报，实现营业收入343.86亿元，同比下滑3.18%；实现归母净利润31.39亿元，同比增长9.95%。其中3Q24实现营业收入98.50亿元，同比下滑13.89%；实现归母净利润8.51亿元，同比增长4.42%，业绩符合我们预期。
经营分析",negative,-0.5530196,0.73148155
2024-11-04,34,神州数码,自主品牌收入高增，接连斩获头部客户大单,"事件：公司发布2024年三季报。2024年前三季度，公司实现营业收入915.71亿元，同比增长8.81%；归母净利润实现8.94亿元，同比增长5.04%；扣非归母净利润8.61亿元，同比增长2.10%。
公司三大业务板块收入均取得良好增长：1）数云服务及软件业务收入累计实现20.7亿元，同比增长47%；毛利率提升6.3个百分点。2）自有品牌产品业务收入累计实现38.7亿元，同比增长32%；毛利率提升1.7个百分点。其中，信创业务收入实现32亿元，同比增长56%；AI服务器业务收入实现7亿元，同比大幅增长226%；运营商行业收入突破10亿元，同比增长34%；金融行业收入大幅增长285%。3）IT分销与增值服务收入稳健增长，毛利率有所提升，毛利额实现32亿元，同比增长11%。",neutral,-5.8709033e-05,0.027965426
2024-04-30,2,万科A,公司信息更新报告：结转承压拖累业绩，多举措增厚现金储备,"结转承压拖累业绩，多举措增厚现金储备，维持“买入”评级
万科发布2024年一季度报告，实现营业收入615.9亿元，同比-10.0%。由于地产开发业务结算规模和结算毛利率下降，实现归母净利润-3.6亿元。受销售回款减少影响，公司2024Q1经营性现金流量净额-94.2亿元，同比-234.7%。公司业绩短期继续承压，但销售规模仍属前列，土地储备仍较为充沛，同时公司多元业务协同发展，待行业回暖业绩有望逐步改善。我们维持原盈利预测，预计2024-2026年归母净利润分别为102.6、116.1、121.3亿元，EPS分别为0.86、0.97、1.02元，当前股价对应PE估值分别为8.8、7.8、7.4倍，维持“买入”评级。",neutral,-0.0016883701,0.6499279
2024-01-26,157,中联重科,2023年业绩预告点评：阿尔法属性彰显，海外市场高速拓展,"事件：公司发布2023年业绩预告。
2023年归母净利润预增46%-57%，略超市场预期",neutral,-0.00011058641,0.041573167
2024-10-31,157,中联重科,2024年三季报点评：经营质量稳步提升，全球化+多元化降低周期影响,事件：公司披露2024年三季度报告，2024Q1-Q3年公司实现营收343.85亿元，yoy-3.18%，归母净利润31.39亿元，yoy+9.95%，扣非归母净利润21.90亿元，yoy-7.25%，销售毛利率28.37%，同比+0.61pct；销售净利率10.16%，同比+1.54pct。其中2024Q3公司实现营收98.50亿元，yoy-13.89%，归母净利润8.51亿元，yoy+4.42%，扣非归母净利润7.10亿元，yoy+5.53%，销售毛利率28.52%，同比+1.06pct，环比+0.53pct，销售净利率9.65%，同比+2.28pct，环比-2.27pct。,negative,-0.6056471,0.9299244
2024-04-26,63,中兴通讯,公司信息更新报告：深度参与5G-A多个场景，持续拥抱AI浪潮,"业绩持续增长，政企及消费者业务持续改善，维持“买入”评级
2024年4月25日，公司发布2024年第一季度报告，2024Q1公司实现营收305.78亿元，同比增长4.93%，实现归母净利润27.41亿元，同比增长3.74%，实现扣非归母净利润26.49亿元，同比增长7.93%，2024Q1，对于运营商市场，公司加速从全连接转向“连接+算力”，持续拓展国内市场空间，海外持续突破大国大T，保持增长态势。此外，公司政企和消费者业务持续改善，收入均重回增长快车道。2024Q1实现毛利率42.02%，环比增长5.98个百分点，实现净利率9.03%，环比增长4.77个百分点，随着自研芯片的应用，毛利率有望持续改善。伴随国内5G-A商用落地以及算力设施持续建设，国外积极拓展大国大T，我们维持2024-2026年盈利预测，预计2024-2026年归母净利润为101.97/110.29/120.62亿元，当前股价对应PE为13.0/12.1/11.0倍，看好公司长期发展，维持“买入”评级。",neutral,-0.00023820091,0.9859948
2024-09-04,34,神州数码,2024年半年报点评：三大业务提质升级，业绩快速增长,"事件：公司发布2024年半年度报告，实现营业收入625.6亿元，同比增长12.5%；实现归母净利润5.1亿元，同比增长17.5%；扣非归母净利润为4.5亿元，同比增长6.1%。
Q2加速成长，真实利润超预期。单季度看，公司Q2实现收入33.3亿元，同比增长16.9%；实现归母净利润2.7亿元，同比增长22.4%；实现扣非后归母净利润2.5亿元，同比增长32.2%，收入利润增速相较Q1均有明显加速。毛利和费用端看，2024H1公司综合毛利率为4.5%，同比提升0.75pp，销售、管理、研发费用率分别为1.6%（-0.03pp）、0.3%（+0.03pp）、0.3%（+0.02pp），基本保持稳定。公司上半年财务费用为0.8%，同比增长0.46pp，主要因为持有的深圳市神州数码国际创新中心（IIC）虽然已经实现部分销售，但销售毛利未能弥补资金占用而产生的财务费用，若扣除IIC的负向影响，上半年净利润同比增长37.2%。",neutral,-8.696946e-05,0.021043718
2024-05-31,100,TCL科技,大尺寸供给格局改善，中小尺寸稳步布局,"事件
4月30日，公司发布2024年一季报，2024年Q1实现营业收入399.08亿元，同比+1.18%，环比-3.27%；实现归母净利润2.40亿元同比增长7.89亿元；实现扣非归母净利润0.71亿元，同比增长8.01亿元，环比-86.23%；销售毛利率11.53%，同比+1.17pcts，环比+11.47pcts。",neutral,-0.0012372781,0.47316694
2024-10-22,63,中兴通讯,2024年三季报点评：Q3业绩承压，深化布局“连接+算力”助力AI向实,事件：2024年10月21日，公司发布三季报，24年前三季度营收为900.4亿元，同比增长0.7%；归母净利润79.1亿元，同比增长0.8%；扣非净利润69.0亿元，同比下降2.9%。单季度看，24Q3实现收入275.6亿元，同比下降3.9%，环比下降13.6%；归母净利润21.7亿元，同比下降8.2%，环比下降27.3%；扣非净利润19.3亿元，同比下降11.7%，环比下降16.4%。,neutral,-0.0004630832,0.21990621
2024-02-05,39,中集集团,2023年业绩预告点评：集装箱业务下半年企稳回升，海工业务在手订单饱满,2023年预计归母净利润同比下滑92%-88%。公司预计2023年归母净利润2.50-3.75亿元，同比下滑92%-88%。主要系：1）受全球经济及贸易增长动能减弱/地缘局势动荡等因素影响，海运集装箱需求减弱，但23Q4公司集装箱制造业务需求同比企稳回升，海运标准干箱产销量同比大幅增长；2）去年美元指数持续走高，外汇套保损益及汇兑收益累计损失达8.18亿元。,positive,0.9979301,1.2451383
2024-11-01,2,万科A,多举措筹资，努力保兑付,"事件
2024年10月30日，公司披露2024年三季报：2024年1-9月实现营收2198.9亿元，同比-24.25%；归母净亏损179.4亿元，同比由盈转亏。第三季度实现营收771.2亿元，同比-13.76%；归母净亏损80.9亿元，同比由盈转亏。",positive,0.98736465,1.122522
2024-08-19,63,中兴通讯,2024年半年报点评：Q2业绩稳健，政企业务实现快速增长,事件：2024年8月16日，公司发布半年报，1H24实现收入624.9亿元，同比增长2.9%；归母净利润57.3亿元，同比增长4.8%；扣非净利润49.6亿元，同比增长1.1%。单季度看，2Q24实现收入319.1亿元，同比增长1.1%，环比增长4.4%；归母净利润29.9亿元，同比增长5.7%，环比增长9.1%；扣非净利润实现23.1亿元，同比下降5.7%，环比下降12.6%。,neutral,-0.00023271359,0.030256629
2024-02-01,39,中集集团,2023年业绩预告点评：业绩阶段性承压，看好集装箱+海工复苏下困境反转,"受集装箱行业周期下行影响，业绩阶段性承压
公司披露2023年业绩预告：预计2023年实现归母净利润2.5-3.8亿元，同比变动-92%~-88%，扣非归母净利润4.8-7.2亿元，同比变动-89%~83%。单Q4归母净利润亏损，为-2.5~-1.2亿元，扣非归母净利润为-7.3~-4.9元，低于市场预期。我们判断公司业绩增速下降，主要系（1）集装箱周期下行，尽管Q4产销量同比已大幅回升，但短期仍受低价单结转影响，（2）人民币兑美元汇率大幅波动，公司锁汇贴水成本增加。2023年公司汇兑损益、套保产生的投资收益和公允价值变动损益约计提损失8.2亿元，其中远期锁汇贴水成本约6.1亿元。（3）年底一次性计提减值与费用。展望2024年，公司受益集装箱、海工周期回暖，资产端轻装上阵，配合调整套保政策，业绩有望触底回暖。",positive,0.99805677,0.86099386
2024-03-18,39,中集集团,全球集装箱龙头，集装箱需求回暖共振海工复苏,全球集装箱需求开始复苏。中集集团于1980年1月创立于深圳，由招商局与丹麦宝隆洋行合资成立。目前主要从事集装箱、道路运输车辆、能源/化工/液态食品装备、海洋工程装备、空港装备的制造及服务业务。2019-2021年受益于海运需求上升，公司集装箱业务量价齐升，营收占比由22.57%增长40.3%，毛利率由6.89%提升至25.64%，带动公司整体毛利率、净利率由14.5%/2.9%增长至18%/5.1%，2022年随着海运需求回归正常化，集装箱供不应求局面有所改变，导致整体毛利率净利率承压，2023年前三季度，公司毛利率/净利率分别为13.7%/1.5%。集装箱需求筑底，2024年有望进入周期上行阶段。上一轮周期上行启动于2019年，于2021年演绎至巅峰，核心驱动因素在于全球各地区经济复苏不平衡，港口拥堵或关闭造成船期延误，叠加航运公司削减主要航线的运力，整体造成集装箱运力较为紧张，从而推高了集装箱运价及需求量。2023年上半年全球集装箱产量仅为85万TEU，触及近10年低点。考虑到全球经济温和复苏，集运需求具备韧性，2021年集装箱行业由于供不应求超买所透支的替换需求有望逐步缓解，参考过去行业周期性波动时限，2024年集装箱制造行业有望进入周期上行期。,neutral,-0.0032246904,0.25663364
2024-04-11,16,深康佳A,深康佳A：聚焦消费电子+半导体业务，期待盈利能力改善,"事件：23年公司实现营业收入178.49亿元，同比-39.71%，归母净利润亏损21.64亿元。
Q4公司实现营业收入29.73亿元，同比-40.69%；归母净利润亏损14.49亿元，亏损较22Q4有所收窄。",neutral,-0.0056017945,0.48538798
2024-10-20,1,平安银行,2024年三季报点评：持续优化贷款业务结构,"营业收入同比下降，净利润保持增长。公司2024年前三季度实现营业收入1116亿元，同比下降12.6%，降幅较上半年略微收窄0.4个百分点；前三季度实现归母净利润397亿元，同比增长0.2%，保持正增长。前三季度年化加权平均ROE12.7%，同比下降1.2个百分点。
主动调整贷款业务结构。2024年三季度末总资产同比增长4.2%至5.75万亿元，增速持续回落。其中存款同比增长2.5%至3.59万亿元，贷款总额同比下降1.2%至3.38万亿元。三季度末对公贷款较年初增长11.6%，零售贷款规模则有所压降，较年初下降9.6%，系公司主动调整零售贷款业务结构，促进“量、价、险”平衡发展所致。三季度末核心一级资本充足率9.33%，环比二季度末持平。表外方面，公司零售AUM仍然维持稳定增长，三季末零售AUM达到4.15万亿元，较年初增长2.9%，同比增长3.7%。",neutral,-0.0005211341,0.3089862
2024-03-31,34,神州数码,公司信息更新报告：信创业务高速增长，开启“国产算力+智算”新布局,"国内IT产品、技术解决方案和服务商，维持“买入”评级
考虑激励费用影响，我们下调公司2024-2025年归母净利润预测为14.03、16.99亿元（原预测为14.58、17.48亿元），新增2026年预测为21.35亿元，EPS分别为2.09、2.54、3.19元/股，当前股价对应PE分别14.1、11.6、9.3倍，考虑公司在“鲲鹏+昇腾”生态的领先布局，维持“买入”评级。",neutral,-0.0021952733,0.14656109
2024-10-22,63,中兴通讯,运营商业务承压，积极拓展市场空间,"2024年10月21日，公司发布2024年三季报，2024年前三季度公司实现营业收入900.45亿元，同比增长0.73%；实现归母净利润79.06亿元，同比增长0.83%。其中Q3单季度实现营业收入275.58亿元，同比下降3.94%；实现归母净利润21.74亿元，同比下降8.23%。
经营分析",neutral,-0.00045613665,0.21733272
2024-10-30,60,中金岭南,Q3业绩符合预期，矿山产量稳健增长,"主要观点：
公司发布2024年三季报",negative,-0.9542538,0.34558624
2024-06-07,157,中联重科,国际化成果显著，新兴业务高速发展,"主要观点：
重要事件",neutral,-0.0003641049,1.0800272
2024-05-02,66,中国长城,2023年年报及2024年一季报点评：核心业务稳步推进，国产化“长城”未来成长可期,"事件概述：公司发布了2023年年报及2024年一季报。2023年，公司实现营业收入134.20亿元；归母净利润-9.77亿元；扣非归母净利润-11.80亿元。2024年一季度，公司实现营业收入26.63亿元，同比增长21.13%；归母净利润-2.50亿元；扣非归母净利润-2.67亿元。
布局多个产品线，培育核心竞争力打开长期增长空间。1）服务器：加速布局一主多辅的服务器产品线，完成多线产品的认证；成功推出新一代高性能自主服务器产品，打造首台AI服务器；重构长城2U2P服务器整机架构；实现BMC模块和主板解耦。2）个人终端产品：导入飞腾D2000战斗版、兆芯笔记本等产品，并全部上架销售。3）工控机：已在交通、电力行业形成典型销售案例。3）文印设备：发布“烽火”“雄关”系列29款文印产品，场景覆盖个人家庭、中小工作室、大中小企业和党政等市场，公司正在成为国内打印机厂商中产品线最丰富、最完整的厂商之一。4）系统装备领域：参与多项重要型号、重点科研生产任务；特种能源产品形成多个客户市场全面进入的新格局。",neutral,-0.002969592,0.05044478
2024-11-06,48,京基智农,公司事件点评报告：Q3业绩养殖盈利主导，聚焦发展生猪养殖,"事件
2024年10月30日，京基智农发布2024年三季度报告。",negative,-0.99497074,0.122155786
2024-09-01,32,深桑达A,2024半年报点评：经营质量持续改善，云数业务优势显著,"事件：公司发布2024年半年报，2024H1，公司实现营收333亿元，同比增长24%；实现归母净利润-0.38亿元（去年同期-1.49亿元），亏损同比大幅收窄，符合市场预期
自研产品持续推进，电子云经营质量持续改善：2024H1公司数字与信息服务业务收入6.8亿元，同比增长89%，毛利率36.27%，同比增长12.22pct。公司在云计算及存储方面持续投入研发力量，正式发布了CECSTACK V5.2版本、分布式存储CeaStor3.2.1版本，2024H1公司中标了扬州信创云、深圳宝安区国资云、深圳政务云（二期）、云浮市政务云、农业农村部运营云等项目；中标天津市传染病监测预警与应急指挥系统，通过CECSTACK边缘云服务当地200+医疗健康单位；运营云服务了农业部、交通部、北京互联网法院等一批核心客户的关键基础信息安全上云。此外，中国电子云携手北京、石家庄、武汉等地大力推进新质算力基础设施建设，截至2024年6月30日已参与超3300P先进智算算力建设，提供了超大规模优化算力资源和作业调度。",neutral,-0.00033916606,0.05807388
2024-09-10,157,中联重科,经营业绩稳健增长，出口+农机表现亮眼,"事件描述
公司发布2024年半年度业绩报告，2024H1实现营收245.35亿元，同增1.91%；实现归母净利润22.88亿元，同增12.15%；实现扣非归母净利润14.80亿元，同减12.35%。",neutral,-0.0002504746,0.09385276
2024-08-17,63,中兴通讯,业绩稳健提升，布局“连接+算力”,"2024年8月16日，公司发布2024年中报，2024年H1公司实现营业收入624.87亿元，同比增长2.94%；实现归母净利润57.32亿元，同比增长4.76%。其中Q2单季度实现营业收入319.09亿元，同比增长1.10%，环比增长4.35%；实现归母净利润29.91亿元，同比增长5.71%，环比增长9.14%。
经营分析",neutral,-0.00017750947,0.02679789
2024-10-21,157,中联重科,拟回购H股股份予以注销，增强投资者投资信心,"事件：2024年10月17日，中联重科发布关于回购部分H股一般性授权的公告。
拟回购H股不超过10%股份予以注销，增厚每股收益、提升投资者回报",neutral,-0.00047035646,0.060148
2024-04-01,157,中联重科,年报点评报告，归母净利润同比大增52.04%，新业务与海外布局共驱成长,"公司于3月29日发布2023年年报，2023年全年实现营业收入470.75亿元，同比+13.08%；实现归母净利润35.06亿元，同比+52.04%。其中Q4单季度，实现营收115.61亿元，同比+5.26%；实现归母净利润6.51亿元，同比大增373.71%。另外，公司公布了2023年分红预案：拟10派3.2元。
观点：",neutral,-0.0003834439,0.03369236
2024-03-15,1,平安银行,2023年年报点评：积极调整信贷结构，财富业务基础夯实,"事件：3月14日，平安银行发布2023年年报。23年累计实现营收1647亿元，YoY-8.4%；归母净利润465亿元，YoY+2.1%；不良率1.06%，拨备覆盖率278%。
业绩增速的压力，或部分源于信贷结构的调整。2023年平安银行营收、归母净利润增速相较前三季度，分别-0.8pct、-6.1pct。23年营收分项来看，净利息收入同比-9.3%，降幅较前三季度扩大3.2pct，息差压力或部分源于零售信贷结构的调整；中收同比-2.6%，居民风险偏好仍处于低位，使得代销理财、基金收入承压，另外代理保险费率下行也给中收带来负面影响；其他非息收入同比-11.7%，降幅较前三季度收窄16.4pct。",positive,0.98014337,1.1025733
2024-11-04,157,中联重科,2024年三季报点评：2024Q3经营质量提升，海外业务表现亮眼,"事件：近日，中联重科发布2024年三季报。
点评：",neutral,-0.0006315879,1.0667434
2024-04-09,34,神州数码,自主品牌表现亮眼，深度布局国产算力,"事件：神州数码发布2023年年度报告。公司2023年实现营业收入1196.24亿元，同比增长3.23%；归母净利润11.72亿元，同比增长16.66%；扣非净利润12.63亿元，同比增长37.22%。
战略业务收入占比持续提升，自主品牌表现亮眼。分业务看，1）云计算及数字化转型业务实现收入69.31亿元，同比+37.98%。其中，云转售（AGG）业务收入58.15亿元，同比+33.38%，毛利率5.87%；数云融合业务（MSP和ISV）收入11.16亿元，同比+68.25%，毛利率42.23%；2）自主品牌业务实现收入38.29亿元，同比+48.95%；3）IT分销和增值业务实现收入1088.53亿元，同比基本持平。战略业务收入结构持续优化，云计算及数字化转型业务以及自主品牌业务两项战略业务占总收入比例同比增长了2.44个百分点。",neutral,-0.00015416375,0.024187148
2024-11-08,39,中集集团,三季度业绩高增，集装箱和海工业务双发力,"事件：中集集团发布2024年三季报。
前三季度业绩高增。2024年前三季度，公司实现营收1289.71亿元，同比+35.58%；实现归母净利18.28亿元，同比+268.87%；实现扣非归母净利16.92亿元，同比+40.34%。非经常性损益同比大幅改善今年业绩同比高增主要受益于集装箱业务量价齐升以及海工装备板块的回暖。",neutral,-0.00017170157,0.014696121
2024-03-29,157,中联重科,2023年年报点评：深耕“一带一路”，迎来公司发展新机遇,事件：公司披露《2023年年度报告》，2023年实现营收470.74亿元（yoy+13.08%），归母净利润35.06亿元（yoy+52.04%），毛利率27.54%（yoy+5.71pct），净利率8.01%（yoy+2.28pct）；2023Q4实现营收115.61亿元（yoy+5.26%），归母净利润6.51亿元（yoy+375.18%），毛利率26.89%（yoy+2.66pct），净利率6.13%（yoy+0.93pct）。,neutral,-0.03260211,0.7532737
2024-10-31,39,中集集团,2024年三季报点评：Q3业绩超预期，集装箱业务快速增长,公司发布2024年三季报。2024Q1-Q3，公司实现营收1289.71亿元，yoy+35.58%，归母净利润18.28亿元，yoy+268.87%，扣非归母净利润16.92亿元，yoy+40.34%，毛利率11.84%，yoy-1.86pct，净利率2.11%，yoy+0.58pct；2024Q3，公司实现营收498.56亿元，yoy+44.30%，归母净利润9.62亿元，yoy+891.78%，扣非归母净利润8.71亿元，yoy+280.89%，毛利率13.60%，yoy-01.4pct，净利率2.67%，yoy+1.34pct。,neutral,-0.00073022884,0.8629575
2024-01-25,157,中联重科,出口保持高增，业绩符合预期,"业绩简评
1月24日，公司发布23年全年业绩预告，23年全年公司实现归母净利润33.8～36.2亿元（同比+46.6%～57.0%）、扣非后归母净利润为22.7～24.2亿元（同比+75.6%～87.2%）；其中Q4单季度实现归母净利5.25～7.65亿元（同比+283%～458%），符合市场预期。",negative,-0.97923005,0.56807613
2024-09-05,2,万科A,万科半年报的十大关注,8月30日，万科正式公报半年报，其中归属于上市公司股东的亏损额略超过业绩预告中的70-90亿元，上半年归属于上市公司股东的净利润-98.52亿元，2023年同期为98.79亿元，同比下降199.82%；扣除非经常性损益后归属于上市公司股东的净利润-76.13亿元，2023年同期为87.03亿元，同比下降187.48%。大幅亏损实际上已有预期，除此之外，还有哪些细节需要关注： 1、亏损原因,positive,0.9968477,1.1445787
2024-04-01,157,中联重科,2023年报点评：海外营收创新高，盈利能力提升明显,"事件：中联重科发布2023年报，公司2023年实现营业收入为470.75亿元，同比增长13.08%；归母净利润为35.06亿元，同比增长52.04%；扣非后归母净利润为27.08亿元，同比增长109.51%。
点评：",neutral,-0.0001016274,0.02490282
2024-09-01,60,中金岭南,铜铅锌产量平稳，冶炼业务利润承压,2024H1公司归母净利润同比下降0.3%。2024H1公司实现营收306亿元（-17.7%），归母净利润5.4亿元（+0.3%），扣非归母净利润5.2亿元（+2.9%），经营性净现金流7.7亿元（去年同期0.47亿元）。经营性净现金流同比大幅增长主要是去年同期低基数，去年上半年公司并表铜冶炼厂，增加原料备货，库存大增导致经营性净现金流锐减。2024H1锌价同比持平，铅价同比上涨1800元/吨；但铅锌精矿短缺导致冶炼加工费大幅下滑，冶炼利润同比下降，抵消了铅价上涨收益；铜冶炼业务利润与去年同期持平。,positive,0.95308346,0.77571213
2024-04-29,63,中兴通讯,一季度平稳发展，加速“连接+算力”拓展,"中兴通讯2024年一季度实现营收305.78亿元（同比+4.9%），归母净利润27.41亿元（同比+3.7%），扣非净利润26.5亿元（同比+7.9%）；经营性现金流净额达29.8亿元，同比增长28.3%。
收入稳步增长，其中政企和消费者业务均重回快速增长轨道。国内受整体投资环境影响，运营商业务增长承压，公司正在加速从全连接转向“连接+算力”；国际持续突破大国大T，延续增长态势。同时，公司加大拓展政企和消费者业务，两块业务收入均重回快速增长轨道。",neutral,-8.545161e-05,0.1314426
2024-08-30,39,中集集团,2024年中报点评：业绩符合预期，集装箱板块量利齐升,"Q2归母净利润同比+228%，集装箱制造业务量利齐升
2024年上半年，公司共实现营业收入791.2亿元，同比+31%；归母净利润8.7亿元，同比+117%，处于业绩预告中枢；扣非归母净利润8.2亿元，同比-16%，趋近业绩预告上限。其中Q2单季度，实现营业收入466.7亿元，同比+38%；归母净利润7.8亿元，同比+228%；扣非归母净利润6.0亿元，同比-37%。公司归母经营业绩显著改善，主要系①100%控股的集装箱板块景气修复，量利齐升，②集团外汇套保策略较2023年同期更加灵活，套保成本降低。扣非净利润同比下滑，主要系去年同期外汇相关衍生品投资活动带来较多非经常性亏损。上半年分业务看：（1）集装箱制造业务受益干货集装箱销量高增，实现营收249.5亿元（YOY+83%），净利润12.8亿元（YOY+66%）；（2）道路运输车辆业务实现营收107.0亿元（YOY-21%），净利润5.7亿元（YOY-70%），主要受上年同期北美业务高景气叠加处置股权收益致基期数据较高影响；（3）能源、化工及液态食品装备业务实现营收121.2亿元（YOY+6%），净利润2.4亿元（YOY-45%），主要受分部海外业务业绩承压影响；（4）海洋工程业务实现营收77.9亿元（YOY+89%），净亏损0.84亿元（同比减亏54%），受益全球海工环境持续向好新接订单陆续进入建造期；",positive,0.9795482,1.2555686
2024-10-30,28,国药一致,Q3零售板块环比显著改善，恢复盈利可期,事件：国药一致公布2024年三季度业绩。2024年前三季度公司实现收入564.7亿元（同比-0.2%），实现归母净利润10.7亿元（同比-10.4%）。分季度来看，Q1/Q2/Q3收入分别为190.9/187.0/186.8亿元（同比+2.2%/-5.1%/+2.6%)；归母净利润分别为3.9/3.5/3.2亿元（同比+7.3%/-24.2%/-10.4%)。,neutral,-0.00424412,0.9323361
2024-08-30,157,中联重科,出口持续增长，产品多元化推进,"业绩简评
8月29日，公司发布24年中报，24H1公司实现营业收入245.35亿元，同比+1.91%；实现归母净利润22.88亿元，同比+12.15%；扣非后归母净利润为14.80亿元，同比-12.35%；其中单Q2来看，公司实现收入127.62亿元，同比-6.50%；实现归母净利润13.72亿元，同比+11.56%。",neutral,-0.060295314,1.1151203
2024-07-10,2,万科A,当期业绩压力显现，骨干增持提升信心,"事件
2024 年 7 月 9 日万科 A 披露 2024 年中期业绩预告， 预计 2024 上半年归母净利润亏损 70-90 亿元，同比下降 171%-191%；扣非净利润亏损50-65 亿元，同比下降 157%-175%。",positive,0.9979486,1.1250963
2024-03-11,63,中兴通讯,2023年年度报告点评：“连接+算力”拓展深化，增长仍为第一要义,3月8日，中兴通讯发布2023年度报告。报告期内，公司实现营业收入1242.51亿元，同比增长1.05%；归母净利润93.26亿元，同比增长15.41%；扣非归母净利润74.00亿元，同比增长19.99%。其中，单Q4公司实现营业收入348.58亿元，同比增长14.68%；归母净利润14.85亿元，同比增长15.4%；扣非归母净利润2.98亿元。,neutral,-0.00011338893,0.82853854
2024-08-29,39,中集集团,集装箱、海工需求复苏，上半年业绩高增,"8月28日，公司发布24年中报，1H24公司实现收入791.15亿元，同比+30.61%；归母净利润8.66亿元，同比+117.23%。公司2Q24实现收入466.72亿元，同比+37.58%；实现归母净利润7.82亿元，同比+228.11%。
经营分析",neutral,-0.00034730052,0.599022
2024-03-27,156,华数传媒,重视AI及资产注入，价值有望重估,"事件：华数传媒（000156.sz）3月25日于杭州举办了投资者交流会其中公司副总裁兼董事会秘书洪方磊、证券事务代表蒋丽文出席会议。
点评：",negative,-0.9940611,0.7117965
2024-10-19,1,平安银行,2024年三季报点评：息差降幅收窄，利润维持正增,"事件：10月18日，平安银行发布24Q3财报。24Q1-3实现营收1115.8亿元YoY-12.6%；归母净利润397.3亿元，YoY+0.2%；不良率1.06%，拨备覆盖率251%。
营收降幅边际收敛，归母净利润小幅正增。24Q1-3平安银行营收、归母净利润同比增速较24H1分别+0.4pct、-1.7pct。具体来看，其他非息收入仍为营收的主要支撑项，24Q1-3其他非息收入同比+52.6%；同时，营收和中收的拖累有所减缓，24Q1-3净利息收入同比-20.6%、中收同比-18.5%，降幅较24H1分别收窄1.0pct、收窄2.2pct。另外，在业务转型背景下，信用成本也有明显节约，24Q1-3信用减值损失同比-26.1%，支撑归母净利润维持正增长。",neutral,-0.00045767345,0.030566812
2025-04-20,60,中金岭南,2024年归母净利同增57%，矿端加速增储上产,"主要观点：
公司发布2024年年报",neutral,-0.0006429028,1.0653846
2025-03-31,34,神州数码,公司信息更新报告：毛利额快速增长，现金流大幅改善,"国内IT产品、技术解决方案和服务商，维持“买入”评级
考虑神州数码国际创新中心（IIC）的影响，我们下调公司2025-2026年归母净利润预测为14.44、17.30亿元（原预测为16.99、21.35亿元），新增2027年预测为20.26亿元，EPS分别为2.03、2.43、2.85元/股，当前股价对应PE分别21.0、17.6、15.0倍，考虑公司正推进数云融合及信创战略，维持“买入”评级。",neutral,-0.0024710589,0.2455734
2025-10-13,63,中兴通讯,AI服务器快速放量，推动收入迎增长拐点,"本报告导读：
AI服务器进入放量阶段，营收开启加速增长；公司AI能力全面，竞争实力有望持续加强。",neutral,-0.00026477384,0.06032157
2025-10-31,100,TCL科技,核心业务多点突破，新兴领域全面开花,"主要观点：
事件",neutral,-0.0041493354,1.0514271
2025-03-16,1,平安银行,贷款结构优化，营收降幅收窄,"营收降幅收窄，拨备计提拖累净利润增长。2024实现营业收入1467亿元，同比下降10.9%，降幅较三季报收窄1.7个百分点；全年实现归母净利润445亿元，同比下降4.2%，主要是资产减值损失对净利润增长的不利影响增加。全年加权平均ROE10.1%，同比下降1.3个百分点。
贷款结构优化，零售AUM稳定增长。2024年总资产同比增长3.3%至5.77万亿元，略低于股份行4.5%的总体增速。其中存款同比增长3.9%至3.59万亿元，贷款总额同比下降1.0%至3.37万亿元，主要是信用卡、消费贷以及经营贷等零售高风险贷款规模压降。年末核心一级资本充足率9.12%。表外方面，零售AUM仍然维持稳定增长，年末末零售AUM达到4.19万亿元，较年初增长4.0%。",neutral,-4.984811e-05,0.30222458
2025-08-30,34,神州数码,公司信息更新报告：业务稳健增长，现金流大幅改善,"国内IT产品、技术解决方案和服务商，维持“买入”评级
考虑研发投入加大，我们下调公司2025-2027年归母净利润预测为10.54、13.38、16.70亿元（原值为14.44、17.30、20.26亿元），EPS分别为1.46、1.86、2.32元/股，当前股价对应PE分别31.5、24.8、19.9倍，考虑公司正推进数云融合及信创战略，维持“买入”评级。",neutral,-0.0017540575,0.19489944
2025-11-01,39,中集集团,2025年三季报点评：Q3归母净利润同比-70%，汇率波动阶段性影响利润增速,"Q3营收同比-18%，高基数下保持韧性
2025年前三季度公司实现营业收入1171亿元，同比下降9%，归母净利润15.7亿元，同比下降14%，扣非归母净利润14.5亿元，同比下降14%。分业务，（1）集装箱受高基数影响，干箱销量180万TEU，同比下降28%（单Q3为68万TEU，同比下降39%），（2）中集车辆实现营收150亿元，同比下降5%，（3）中集安瑞科实现营收193亿元，同比增长8%。单Q3公司实现营业收入410亿元，同比下降18%，归母净利润2.9亿元，同比下降70%，扣非归母净利润2.1亿元，同比下降75%。公司Q3利润增速阶段性承压，主要系毛利率下降。",positive,0.99769115,1.0301496
2025-08-27,90,天健集团,公司信息更新报告：营业收入同比增长，毛利率下行影响利润,"营业收入同比增长，毛利率下行影响利润，维持“买入”评级
天健集团发布2025年半年度报告，公司实现营业收入同比增长，受毛利率下行影响归母净利润大幅下降，公司整体业务运行稳健，城市服务业务进展顺利。受项目结转进度影响，我们下调公司2025-2026年并新增2027年盈利预测，预计公司2025-2027年归母净利润为1.6、8.3、10.1亿元（2025-2026年原值11.6、15.1亿元），对应EPS为0.08、0.44、0.54元，当前股价对应PE为44.0、8.3、6.8倍，我们看好公司服务创新探索新的增长点，维持“买入”评级。",neutral,-0.0007896253,0.87449694
2025-04-30,2,万科A,短期压力犹存，持续融资及盘活存量,"2025年4月29日，公司发布2025年一季报：实现营收379.95亿元，同比-38.31%；归母净利润-62.46亿元（1Q24为-3.62亿元），同比-1625.63%。
点评",negative,-0.93071973,0.4851389
2025-03-03,63,中兴通讯,运营商业务承压，紧抓AI发展机遇,"2024年2月28日，公司发布2024年年报，2024年公司实现营业收入1212.99亿元，同比下降2.38%；实现归母净利润84.25亿元，同比下降9.66%。其中Q4单季度实现营业收入312.54亿元，同比下降10.34%；实现归母净利润5.18亿元，同比下降65.08%。
经营分析",positive,0.9965881,0.868657
2025-04-30,157,中联重科,2025年一季报点评：25Q1归母净利润同比+54%超预期，全球化&多元化构建第二增长曲线,"事件：2025年4月29日，公司发布2025年一季报。
25Q1归母净利润同比+54%，全球化&多元化构建第二增长曲线",neutral,-0.0033458727,0.43556195
2025-04-30,39,中集集团,2025年一季报点评：归母净利润5.4亿同比提升550%，核心板块经营稳健,"事件：2025年4月28日，公司发布2025年一季度报告。
Q1营收同比增长11%，核心板块增速稳健",neutral,-0.00037447724,0.020412624
2025-11-01,157,中联重科,2025年三季报点评：Q3归母净利润同比+35.8%，港股可转债彰显信心,"Q3收入同比+25%，收入出现向上拐点
2025年前三季度公司实现营业总收入371.6亿元，同比+8.1%；归母净利润39.2亿元，同比+24.9%；扣非归母净利润26.4亿元，同比+20.7%。单Q3公司实现营业总收入123.0亿元，同比+24.9%，归母净利润11.6亿元，同比+35.8%，扣非归母净利润7.2亿元，同比+1.1%。",neutral,-0.035730243,0.19214964
2025-11-02,66,中国长城,2025年三季报点评：单季度业绩明显改善，聚焦主业助力业绩回暖,"事件概述：2025年10月29日公司发布2025年三季度报告，前三季度营收为102.95亿元，同比增长7.18%；净利润为1606.67万元，同比扭亏。
单季度亏损缩窄，持续聚焦主业助力业绩回暖。2025年第三季度营收为39.29亿元，同比增长11.31%；净利润亏损1.22亿元（去年同期亏损2.66亿元），亏损收窄。2025年前三季度，公司持续聚焦主责主业并把握市场机遇，同时推进降本控费与产品业务结构优化，带动营业收入稳定增长，毛利额同步提升。公司持续优化资源使用效率和资产配置，积极落地产业项目，投资收益和其他收益增加，保障整体业务稳定发展，实现同比扭亏为盈。",neutral,-0.00016681486,0.014545739
2025-08-27,2,万科A,公司信息更新报告：业绩继续承压，关注后续股东支持与资产盘活,"中期业绩亏损，结算毛利率小幅改善，维持“中性”评级
万科发布2025年中期报告，公司当前业绩仍继续承压，后续需要关注股东支持和资产盘活进展。我们维持盈利预测，预计2025-2027年公司归母净利润分别为-73.22、5.57、13.14亿元，EPS分别为-0.61、0.05、0.11元，当前股价对应2026-2027年PE估值为153.3、65.0倍，维持“中性”评级。",negative,-0.65824914,0.2993092
2025-08-27,1,平安银行,2025年半年报点评：盈利降幅收窄，零售资产质量改善,"事件：8月22日，平安银行公布2025年半年报。1H25实现营收、归母净利润693.9亿、248.7亿，分别同比-10%、-3.9%（1Q25：-13.1%、-5.6%）。年化加权平均ROE为10.74%，同比下降1.14pct。6月末不良率1.05%，环比下降1bp；拨备覆盖率238.5%，环比提升2pct。
点评：",neutral,-0.007356202,0.43568677
2025-03-17,31,大悦城,公司首次覆盖报告：“开发+经营”双轮驱动，潜心经营铸就品牌生态圈,"“开发+经营”双轮驱动，潜心经营铸就品牌生态圈，给予“买入”评级
大悦城背靠中粮集团，“开发+经营”双轮驱动，聚焦全国核心城市布局，整体物业开发及物业投资经营情况稳健，伴随投资物业板块业绩占比提升及地产业务板块逐渐企稳，盈利能力回升趋势明显，业绩有望持续释放。我们预计2024-2026年归母净利润分别为-30.35、-8.31、8.72亿元，EPS分别为-0.71、-0.19、0.20元，当前股价对应2026年PE为13.4倍，首次覆盖，给予“买入”评级。",neutral,-0.0011374741,0.86088985
2025-09-05,34,神州数码,2025年半年报业绩点评：核心业务全面增长，AI+信创多元产品协同突破,"事件：公司发布2025年半年报。
点评：",neutral,-0.0020741785,1.0379707
2025-08-30,63,中兴通讯,公司信息更新报告：服务器营收双倍增长，自研芯片助力国产超节点破局,"加大智算市场攻坚，第二曲线业务增长显著，维持“买入”评级
公司发布2025年半年度报，2025H1公司实现营收715.53亿元，同比增长14.51%，其中第二曲线业务营收同比增长近100%，实现归母净利润50.58亿元，实现扣非归母净利润41.04亿元。2025Q2公司实现营收385.85亿元，同比增长20.92%，实现归母净利润26.04亿元，环比增长6.16%，实现扣非归母净利润21.47亿元，环比增长9.74%。公司持续发力第二曲线业务，加速突破国内智算市场，运营商市场持续提升海外市占率，我们维持盈利预测，预计2025-2027年归母净利润为86.31/90.16/97.74亿元，当前股价对应PE为25.2/24.1/22.2倍，伴随5G-A商用落地以及算力持续建设，我们看好第二曲线业务长期发展，维持“买入”评级。",neutral,-0.00061333994,0.111208975
2025-08-27,89,深圳机场,2025H1点评：业绩快速增长，迎接第三跑道,"事件
近期，深圳机场披露2025半年报。本报告期内，实现营业总收入25.28亿，同比增+12.32%；归母净利3.12亿，同比增+79.13%；扣非归母净利2.61亿，同比增+114.2%；半年度的基本每股收益0.15元，加权ROE为2.74%，经营活动产生的现金流量净额为11.08亿元。",neutral,-0.0003243884,0.03963989
2025-04-09,28,国药一致,资产减值导致24年业绩承压，盈利能力恢复可期,"事件：国药一致公布2024年全年业绩。2024年公司实现收入743.8亿元（同比-1.5%），实现归母净利润6.4亿元（同比-59.8%）。单Q4实现收入179.1亿元，同比-5.2%；实现归母净亏损4.2亿元，同比下滑203.3%。
业务拆分：",positive,0.99828446,0.07739675
2025-08-27,99,中信海直,2025年半年报点评：通航主业稳健增长，低空经济布局打开新局面,2025年8月25日公司发布2025年半年报：2025H1公司实现营业收入10.38亿元，同比+7.9%；实现归母净利1.53亿元，同比增长15.9%；扣非归母净利为1.54亿元，同比增长16.3%；毛利率23.3%，同比+2.9pcts。2Q25公司营业收入5.42亿元，同比+7.5%，归母净利0.62亿元，同比+27.3%，扣非归母净利0.62亿元，同比27.8%。,neutral,-0.00012892965,0.063824415
2025-03-26,157,中联重科,2024年年报点评：盈利能力稳中有升，海外结构持续优化,"事件：公司披露2024年年报，2024年公司实现营业收入454.78亿元，同比下滑3.39%；归母净利润35.2亿元，同比增长0.41%；扣非归母25.54亿元，同比下滑5.7%。2024Q4实现营业收入110.82亿元，同比下滑4.05%；归母净利润3.81亿元，同比下滑41.42%；扣非归母3.64亿元，同比增长4.86%。
分产品来看，起重机、混凝土略有下滑，高空机械、农机稳步增长。2024年公司起重机械实现营业收入147.86亿元，同比-23.35%，毛利率32.41%，同比+1.37pct；混凝土机械实现营业收入80.13亿元，同比-6.8%，毛利率22.68%，同比-0.24pct；高空机械实现营业收入68.33亿元，同比+19.74%，毛利率29.71%，同比+7.05pct；土方机械实现营业收入66.7亿元，同比+0.34%，毛利率30.18%，同比+2.25pct；农业机械实现营业收入46.5亿元，同比+122.29%，毛利率12.25%，同比+0.51pct。",neutral,-0.0016716397,0.800652
2025-11-07,34,神州数码,AI驱动收入扩张，互联网大厂AI算力及应用合作深化,"三季报业绩基本符合预期
公司发布了2025Q3业绩报告，单Q3营业收入307.8亿（yoy+6.10%），毛利率3.69%（yoy-0.90pct），归母净利润2.44亿（yoy-36.58%），扣非归母净利润2.20亿（yoy-45.81%），基本符合预期。",negative,-0.97572815,0.8253751
2025-03-28,39,中集集团,集装箱业绩高增，海工业务扭亏为盈,"公司25年3月27日发布24年年报，实现营业收入1776.64亿元，同比增长39.01%；实现归母净利润29.72亿元，同比增长605.60%。其中4Q24实现营业收入486.93亿元，同比增长48.98%；实现归母净利润11.44亿元，同比+1639.56%，业绩高增。
经营分析",neutral,-0.00013233945,0.052208424
2025-06-16,2,万科A,公司信息更新报告：销售均价有所提升，股东持续借款提供支持,销售规模下降幅度较大，股东持续借款提供支持，下调至“中性”评级2025年6月12日，万科发布公告称，公司通过集中竞价交易方式已完成所有A股库存的出售，出售股份数量为7295.6万股，占公司总股本的比例为0.61%，出售所得资金总额为4.79亿元，成交均价为6.57元/股。6月6日，公司发布公告称，第一大股深铁集拟向公司提不超过30亿元借款，借款利率为2.34%，此次借款系公司年内第五次获得深铁集团借款。公司5月及1-5月销售规模有所收缩，销售单价有所提升。公司积极借助大宗交易、REITs发行、金融支持政策等化解经营压力。惟其艰难，方显勇毅，我们期待万科能够安全穿越周期，构筑房企发展新模式，我们下调2025-2026并新增2027年盈利预测，预计2025-2027年公司归母净利润分别为-73.22、5.57、13.14亿元（原值-19.92、17.51亿元），EPS分别为-0.61、0.05、0.11元，当前股价对应2026-2027年PE估值为140.7、59.7倍；考虑到公司业绩释放存在不确定性，下调至“中性”评级。,neutral,0.22987396,1.0093498
2025-10-27,89,深圳机场,2025年三季报点评：国际客货布局释放红利，盈利延续逐季同比增长,2025年10月24日公司发布2025年三季报：2025年前三季度公司营业收入38.4亿元，同比+10.8%，归母净利润4.68亿元，同比+43%，扣非归母净利润4.03亿元，同比+62%；25Q3公司营业收入13.1亿元，同比+8.0%，归母净利润为1.56亿元，同比+2.2%，扣非归母净利润1.42亿元，同比+12.3%。前三季度公司盈利同比高增长，主要与2024年公司生产经营仍在修复阶段有关，上半年公司盈利高增长低基数原因明显，25Q3公司盈利仍同环比增长但增速回归至温和水平，往后看公司盈利一方面受益于国际客货运布局提升盈利能力，一方面仍需消化卫星厅运行成本。,neutral,-0.00039617223,0.029445648
2025-05-01,100,TCL科技,面板盈利持续改善，期待光伏业务回暖,"主要观点：
事件",neutral,-0.00073575764,1.0401301
2025-01-26,39,中集集团,集装箱、海工景气上行，24年业绩高增,"业绩简评
1月24日，公司发布2024年业绩预告，2024年公司预计实现归母净利润25-35亿元，同比增长493%至731%；预计实现扣非后归母净利润26-36亿元，同比增长291%至441%，业绩高增。",neutral,-0.000103945786,0.033420384
2025-03-26,157,中联重科,盈利能力持续提升，看好公司全球化、多元化发展,"事件：公司发布2024年年报，全年实现收入454.78亿元，同比下降3.39%，实现归母净利润35.20亿元，同比增长0.41%。
传统产业稳健发展，新兴产业快速成长。公司混凝土机械、工程起重机械、建筑起重机械三大传统优势产品线稳健发展，国内市场地位稳固，海外业务规模与市场地位持续提升，三大产品线整体出口销售规模同比增长超过35%。新兴产业发展壮大，贡献新的增长极，其中：1）土方机械快速补齐超大挖、微小挖产品型谱，实现1.5-400吨产品型谱全覆盖，国内市场聚焦矿山开采场景深度开发，100吨以上矿用挖机市场份额跃居行业前三，海外市场，2024年出口销售规模同比增幅超27%。2）高机2024年销售规模同比增长超过19%。3）农机2024年销售规模同比增幅超122%。4）矿山机械、应急装备、中联新材料等新兴业务持续加大研发投入，2024年销售规模同比增长超12%。",neutral,-9.367554e-05,0.03338909
2025-04-01,2,万科A,各方支持开展自救，风险有待化解,"业绩
2025年3月31日，公司发布2024年业绩：实现营收3431.76亿元，同比-26.32%；实现归母净利润-494.78亿元，而23年同期为121.63亿元。",negative,-0.6819339,0.44607556
2025-08-30,100,TCL科技,2025年半年报点评：半导体显示业务地位稳固，积极布局新兴产业,"事件：8月29日，TCL科技发布2025年半年度报告。公司25H1实现收入856.62亿元，同比增长6.67%；实现归母净利润18.83亿元，同比增长89.26%；实现扣非归母净利润15.59亿元，同比增长178.96%。
其中，公司2Q25单季度实现收入455.42亿元，同比增长12.85%，环比增长13.52%；归母净利润8.71亿元，同比增长15.32%，环比下降13.99%；扣非归母净利润6.01亿元，同比增长23.16%，环比下降37.24%。",neutral,-0.00048700228,0.06602973
2025-10-26,1,平安银行,2025年三季报点评：息差环比回升，资产质量平稳,"收入利润降幅略收窄。2025年前三季度实现营业收入1007亿元，同比下降9.8%，降幅较上半年收窄0.2个百分点；前三季度实现归母净利润383亿元，同比下降3.5%，降幅较上半年收窄0.4个百分点。前三季度年化加权平均ROE11.6%，同比下降1.1个百分点。
资产规模较年初基本持平。2025年三季末总资产同比增长0.4%至5.77万亿元，较年初基本持平。三季度末存款本金较年初增长0.6%至3.55万亿元，贷款总额较年初增长1.3%至3.42万亿元。其中一般企业贷款增长较好，较年初增长10.0%，个人贷款规模较年初下降2.1%。三季度末核心一级资本充足率9.52%，较年初略有回升。表外方面，三季度末零售AUM为4.21万亿元，较年初增长0.5%。",neutral,-0.00033033465,0.10930771
2025-03-02,63,中兴通讯,2024年年报点评：运营商网络业务承压，算力+终端第二曲线发力,事件：2025年2月28日，公司发布2024年年报，2024年实现收入1212.99亿元，同比下降2.38%；归母净利润84.25亿元，同比下降9.66%；扣非归母净利润61.79亿元，同比-16.49%；经营活动现金流量净额114.80亿元，同比-34.05%。公司24Q4实现收入312.54亿元，同比-10.34%；实现归母净利润5.18亿元，同比-65.08%。,positive,0.9928525,1.2029104
2025-04-24,63,中兴通讯,2025年一季报点评：盈利能力因收入结构变化承压，第二曲线加速成长,"事件：2025年4月22日，中兴通讯发布2025年一季报，公司实现营业收入329.68亿元，同比增长7.8%；归母净利润24.53亿元，同比下降10.5%；扣非归母净利润19.57亿元，同比下降26.1%。
营收稳健增长，第二曲线业务加速成长。",neutral,-0.00014906382,0.10853809
2025-04-30,28,国药一致,25Q1国大药房环比实现扭亏，期待全年利润改善,"事件：国药一致公布2025Q1业绩。25Q1公司实现收入182.9亿元（同比-4.2%），实现归母净利润3.3亿元（同比-15.6%），实现扣非归母净利润3.2亿元（同比-14.1%）。
业务拆分：",negative,-0.3772885,1.0260043
2025-04-02,63,中兴通讯,运营商业务受外环境因素承压，算力+端侧业务开辟新增长,公司发布2024年报。2024年公司实现营收1212.99亿元，同比-2.38%；归母净利润84.25亿元，同比-9.66%；扣非后归母净利润61.79亿元，同比-16.49%；毛利率37.91%，同比-3.62pct。其中，24Q4单季度公司实现营收312.54亿元，同比-10.34%，环比+13.41%；归母净利润5.18亿元，同比-65.08%，环比-76.15%；扣非后归母净利润-7.19亿元，同比-341.13%，环比-137.18%；毛利率30.65%，环比-9.7pct，同比-5.39pct。,negative,-0.94922477,0.96694165
2025-03-29,39,中集集团,2024年报点评：业绩符合市场预期，集装箱、海工与物流服务板块增速亮眼,"业绩符合市场预期，集装箱、海工、物流服务增速亮眼
公司披露2024年报，归母净利润位于预告中值，符合市场预期：2024年公司实现营业总收入1777亿元，同比增长39%，归母净利润29.7亿元，同比增长606%，扣非归母净利润34.5亿元，同比增长419%。分业务，集装箱、海工、物流服务增速亮眼，道路运输车辆阶段性承压：（1）集装箱实现营收622亿元，同比增长106%，占营收比重35%。2024年公司标准干箱、冷箱、特种箱产量保持全球第一，受益于集运市场复苏，干箱销量343万TEU，同比增长417%，驱动板块收入高增。（2）物流服务实现营收314亿元，同比增长56%，占营收比重17%，同样受益于全球贸易复苏。（3）能源、化工和液态食品装备实现营收256亿元，同比增长2%，占营收比重14%。（4）道路运输车辆实现营收210亿元，同比下降16%，占营收比重12%，受北美业务需求2023年高位回落，阶段性下滑。（5）海洋工程实现营收166亿元，同比增长58%，占营收比重10%，在手订单兑现业绩，板块实现扭亏。",neutral,-0.00050371257,0.10616243
2025-01-08,2,万科A,公司信息更新报告：销售规模同比下降，量入为出保持投资,"下调盈利预测，维持“增持”评级
房地产行业仍然处于调整阶段，公司主动推动存量库存去化，同时积极借助大宗交易、REITs发行、金融支持政策等化解经营压力。惟其艰难，方显勇毅，我们期待万科能够安全穿越周期，构筑房企发展新模式。考虑到存货减值压力和较大折扣进行去库，我们下调盈利预测，预计2024-2026年公司归母净利润分别为-196.90、-19.92、17.51亿元（原值分别为-60.50、0.75、27.55亿元），EPS分别为-1.65、-0.17、0.15元（原值分别为-0.51、0.01、0.23元），当前股价对应2026年PE估值为47.5倍；考虑到公司销售规模相对平稳，月销售能维持在200亿元以上水平，维持“增持”评级。",neutral,-0.0004883717,1.2908409
2025-03-28,157,中联重科,2024年年报点评：全球化转型高效推进，海外营收占比超50%,"事件：公司发布2024年年报，2024年公司实现营收454.8亿元，同比-3.4%；归母净利润35.2亿元，同比+0.4%，扣非归母净利润25.5亿元，同比-5.7%；单2024Q4，实现营收110.9亿元，同比-4.1%；实现归母净利润3.8亿元，同比-41.4%，扣非归母净利润3.6亿元，同比+4.9%。
海外业务拉动盈利能力提升，期间费用率受股份支付、汇率波动影响短期承压。2024年，公司综合毛利率为28.2%，同比+0.6pp，毛利率提升主要系业务结构优化、高毛利海外业务占比提升至51%；净利率为8.8%，同比+0.8pp；期间费用率为19.3%，同比+1.0pp；其中，销售、管理、研发和财务费用率分别为8.2%、4.9%、6.1%、0.1%，销售、管理、研发和财务费用率分别同比+0.6pp、+0.9pp、-1.2pp、+0.7pp，管理和财务费用率提升主要系报告期内员工持股计划相关的股份支付费用增加、巴西雷亚尔、欧元等汇率波动汇兑收益减少。",neutral,-0.008316082,0.30080217
2025-09-01,34,神州数码,2025年半年报点评：自有品牌业务利润高增，AI战略持续推进,"事件概述：2025年8月26日，公司发布2025年中报，2025年上半年实现营业收入715.9亿元，同比增长14.4%；实现归母净利润4.3亿元，同比下降16.3%。
收入稳健增长，战略业务表现亮眼，盈利质量良好。1)整体收入稳步提升：2025年上半年，公司实现营业收入715.9亿元，同比增长14.4%。其中，IT分销及增值业务实现收入683.9亿元，同比增长14.3%，主要受益于以芯片分销为主的微电子业务板块保持高速增长，该板块实现收入121亿元，同比增长30.4%。2)战略业务加速突破：数云服务及软件业务实现收入16.4亿元，同比增长14.1%；自有品牌产品业务实现收入31.0亿元，同比增长16.6%，两大战略业务均保持较快增长。",neutral,-8.343227e-05,0.014766216
2025-04-21,31,大悦城,公司信息更新报告：营收规模有所收缩，持有型物业表现强劲,"营收规模有所收缩，持有型物业表现强劲，维持“买入”评级
大悦城发布2024年年度报告，公司营业收入规模同比收缩，归母净利润同比下滑，公司整体物业开发及物业投资经营情况稳健，我们维持2025-2026年并新增2027年盈利预测，预计2025-2027年归母净利润分别为-8.3、8.7、15.2亿元，EPS分别为-0.19、0.20、0.36元，当前股价对应2026-2027年PE估值分别为13.5、7.7倍，伴随公司地产业务逐渐企稳，业绩有望持续释放，维持“买入”评级。",neutral,-0.0009380664,0.14916694
2025-03-26,157,中联重科,2024 results below expectation; Still positive on the structural overseas growth trend,"Zoomlion’s2024results were weaker than our expectation,due to a slowdownof overseas revenue growth(14%)in4Q24,reduction of other income,andincrease in inventory turnover days.While we revise down our2025E/26Eearnings forecast by7%/8%,after incorporating lower sales volume growth andhigher distribution expenses due to overseas expansion,we remain positiveon Zoomlion’s structural overseas growth strategy with priorities on emergingeconomies.On inventory,management is confident of a reduction of theinventory level in2025E.Our TP for Zoomlion A/H is revised down/up toRMB9.9/HK$7.4,bas",negative,-0.98940474,0.10056704
2025-07-13,34,神州数码,自有品牌、外销高增，数云融合战略取得显著成效,"本报告导读：
自有品牌、外销高增，数云融合战略取得显著成效，国际业务实现0-1突破。持续提升数智化能力，赋能各行各业。",neutral,-0.00040064342,0.026005805
2025-09-26,63,中兴通讯,乘AI之风，算力、终端业务有望开启新一轮增长,全球领先的综合信息与通信技术解决方案提供商。公司深耕ICT行业40年，拥有ICT行业完整的、端到端的产品和解决方案，集设计、开发、生产、销售、服务于一体，聚焦运营商网络、政企业务、消费者三大业务。根据Dell'OroGroup数据，2023年，公司在全球电信设备市场市占率为11%，位列全球第四、国内第二，市场地位较稳固。随着5G网络建设逐步进入平台期，公司加速向“连接+算力”转型，25H1，公司实现营收715.53亿元，同比+14.51%，其中，以服务器和存储产品为代表的政企业务营收翻倍，公司业绩有望重回增长轨道。,neutral,-0.00055690255,0.043645322
2025-03-21,28,国药一致,商誉减值致短期承压，2025年经营有望改善,"事件：公司发布2024年业绩快报，报告期内公司实现营业收入743.78亿元，同比下降1.5%；归属于上市公司股东的净利润6.42亿元，同比下降59.8%，利润下降主要是因为零售板块受行业政策变化、市场竞争加剧等多重因素叠加影响，业绩有所下滑，计提较多减值损失所致。
计提减值损失致业绩短期承压。由于收购资产组的经营业绩较预期存在较大差距，公司计提信用减值9932.6万元，无形资产减值损失9.9亿元（其中商誉减值8.9亿元，无形资产减值（品牌使用权）3994.9万元，无形资产减值（销售网络）4213.2万元），预计减少公司归母净利润6.3亿元。截止2024Q3，公司商誉27.5亿元，商誉/总资产比重5.3%。",positive,0.9984337,1.1490961
2025-04-15,34,神州数码,2024年报业绩点评：2024年公司营收稳增，自有品牌快速发展,"事件：公司发布2024年年报，2024年，公司实现营业收入1281.66亿元，同比增长7.14%；归母净利润7.53亿元，同比减少35.77%；扣非后归母净利润10.15亿元，同比减少19.68%。在扣除深圳市神州数码国际创新中心（IIC）负向影响后，2024年公司实现净利润13.05亿元，保持正向增长。
点评：",neutral,-0.0003405142,0.01693815
2025-08-24,1,平安银行,2025年中报点评：收入利润降幅收窄，资产质量稳定,"收入利润降幅收窄。2025上半年实现营业收入694亿元，同比下降10.0%，降幅较一季报收窄3.0个百分点；上半年实现归母净利润249亿元，同比下降3.9%，降幅较一季报收窄1.7个百分点。上半年年化加权平均ROE10.7%，同比下降1.1个百分点。
资产规模及零售AUM保持增长。2025年二季末总资产同比增长2.1%至5.87万亿元，较年初增长1.8%。二季度末存款本金较年初增长4.6%至3.69万亿元，贷款总额较年初增长1.0%至3.41万亿元。其中对公贷款投放较好，较年初增长8.3%，零售贷款规模较年初下降2.3%。二季度末核心一级资本充足率9.31%，较年初略有回升。表外方面，二季度末零售AUM为4.21万亿元，较年初增长0.4%，同比增长2.2%。",neutral,-0.00061880774,0.08702731
2025-09-08,28,国药一致,分销板块优化业务结构，国大药房盈利能力稳步提升,"事件：国药一致公布2025H1业绩。25H1公司实现收入368亿元（同比-2.6%），实现归母净利润6.7亿元（同比-10.4%），实现扣非归母净利润6.4亿元（同比-9.6%）；25Q2单季度实现收入185亿元（同比-1.0%），实现归母净利润3.4亿元（同比-4.7%），实现扣非归母净利润3.3亿元（同比-4.7%）。
业务拆分：",neutral,-0.0014586236,1.1338308
2025-09-11,39,中集集团,上半年业绩增速强劲，盈利能力提升,"事件：公司发布2025年半年报。
上半年利润增速强劲。2025H1，公司实现营收760.90亿元，同比-3.82%；实现归母净利润12.78亿元，同比+47.63%；实现扣非归母净利润12.40亿元，同比+51.18%。",neutral,-0.00022534549,0.028053582
2025-02-02,2,万科A,管理层换血，政府及深铁发声支持,"事件
2025年1月27日，公司发布公告：①郁亮辞去董事会主席，继续担任董事、执行副总裁；祝九胜辞去董事、董事会投资与决策委员会委员、总裁、首席执行官等，不再担任任何职务；朱旭辞去董事会秘书等职务。选举辛杰为董事会主席，田钧为董事会秘书。②预计2024年归母净利润为-450亿元，而2023年为122亿元；扣非净利润为-410亿元，而2023年为98亿元。",negative,-0.9951072,0.49336404
2025-03-25,157,中联重科,海外收入占比超五成，全球化战略推进,"业绩简评
公司2025年3月24日发布24年年报，实现营业收入454.78亿元，同比下滑3.39%；实现归母净利润35.20亿元，同比增长0.41%。其中4Q24实现营业收入110.92亿元,同比下滑4.05%；实现扣非后归母净利润8.51亿元,同比增长4.42%，业绩符合我们预期。",negative,-0.6867966,0.3691215
2025-10-28,1,平安银行,2025年三季报点评：三季度息差阶段企稳，资产质量总体平稳,"事件：10月24日，平安银行公布2025年三季报。1-3Q25实现营收、归母净利润1006.7亿、383.4亿，分别同比-9.8%、-3.5%（1H25：-10%、-3.9%）。年化加权平均ROE为11.09%，同比下降1.11pct。9月末不良率1.05%，环比持平；拨备覆盖率229.6%，环比下降8.9pct。
点评：",negative,-0.7443836,0.8558461
2025-10-31,157,中联重科,内外销共振，拟发行港股可转债,2025年10月30日，公司发布2025年三季度报，25Q1-Q3公司实现营业收入371.6亿元，同比+8.1%，归母净利润39.2亿元，同比+24.9%，扣非归母净利润26.4亿元，同比+20.7%；其中25Q3实现营业收入123.0亿元，同比+24.9%，归母净利润11.6亿元，同比+35.8%，扣非归母净利润7.2亿元，同比+1.1%。,negative,-0.9151341,0.3018155
2025-08-28,39,中集集团,集装箱延续高景气，海工业绩持续改善,"8月27日，公司发布25年中报。1H25公司实现收入760.90亿元，同比-3.82%，其中Q2收入400.64亿元，同比-14.16%。1H25公司实现归母净利润12.78亿元，同比增长47.63%，其中Q2归母净利润7.34亿元，同比-6.11%。
经营分析",neutral,-0.0002799913,0.14550745
2025-09-03,157,中联重科,2025半年报点评：海外营收占比持续提升，机器人助迎新增长点,"事件：中联重科发布2025半年报。
点评：",negative,-0.3204061,1.0057235
2025-10-30,63,中兴通讯,公司信息更新报告：算力业务增长显著，国内运营商业务阶段性承压,"算力业务增长显著，芯片+整机+AI牢铸竞争力，维持“买入”评级
公司发布2025年三季度报，2025年前三季度公司实现营收1005.20亿元，同比增长11.63%，实现归母净利润53.22亿元，主要是国内运营商营收承压所致，国际运营商市场营收有所增长，政企业务营收同比增长130%，实现扣非归母净利润38.79亿元。2025Q3公司实现营收289.67亿元，同比增长5.11%，实现归母净利润2.64亿元。公司加速突破国内智算市场，运营商市场持续提升海外市占率，考虑到国内运营商通信基础设施投资下降，我们下调2025年并维持2026-2027年盈利预测，预计2025-2027年归母净利润为80.69/90.16/97.74亿元",neutral,-0.0014204022,0.042002738
2025-11-23,157,中联重科,公司动态研究报告：业务结构优化，新业务打开长期成长空间,"业务结构多元协同，新兴业务多点突破
传统工程机械主业巩固领先地位，高空机械、矿山机械等新兴业务高增，具身智能机器人落地推进，形成“传统+新兴”双轮驱动格局，分散行业周期波动风险。工程机械主业稳增：混凝土机械、工程起重机械、建筑起重机械三大传统产品线稳固，混凝土板块电动化渗透率提升较快，电动搅拌车三年内市场规模预计8万台、渗透率超90%；起重机受风电、核电等高端吊装需求拉动，公司千吨级履带吊和大吨位汽车吊市占率行业领先。高空机械远销全球100多个国家和地区，在欧洲和“一带一路”沿线主要国家的占有率较高。直臂72米高端电动产品在欧洲市场实现批量上市，直臂超高米段产品成功进入英国市场。矿山机械聚焦“大型化、绿色化、智化”，形成一体化解决方案，具备全栈交付能力，可满足不同矿区、不同智能化等级的定制需求。具身智能机器人，已开发4款全尺寸双足人形机器人，数十台进入工厂作业，覆盖机械加工、物流、装配等环节，搭建具身智能运营中心，形成“数据采集-模型训练-应用迭代”全流程闭环。农业机械逆势增长，围绕“高端、国际、新能源”战略，海外收入占比提升。混动拖拉机首次出口海外高端市场，下线大马力轮式混合动力拖拉机，初步形成高端化、新能源产品体系。",neutral,-0.0003581781,0.20310414
2025-09-29,63,中兴通讯,公司事件点评报告：服务器算力业务未来可期，政企业务表现亮眼,"事件
中兴通讯发布2025年半年度报告：2025年上半年实现营业收入715.53亿元，同比增长14.51%；归属母公司股东的净利润为50.58亿元，同比下降11.77%；扣除非经常性损益后的净利润为41.04亿元，同比下降17.32%。",neutral,0.001010722,1.187781
2025-03-02,63,中兴通讯,2024年营收结构性调整，继续布局“算力+连接”,"中兴通讯2024年营收1212.99亿元，下降2.38%，归母净利润84.25亿元，同比下降9.66%，扣非净利润61.79亿元，同比下降16.49%。2024年Q4营收312.5亿元，同比下降10.34%，归母净利润5.18亿元，同比下降65.08%。拟向全体股东每10股派发6.17元人民币现金（含税）。
行业投资结构调整致ICT产业结构变化，公司收入承压。（1）5G网络建设进入成熟期，运营商投资整体下降、结构变化，2024年公司运营商网络营业收入703亿元，同比减少15.02%。（2）公司在政企市场加大研发投入，提升国产算力配套产品（服务器等）竞争力，2024年公司政企业务营收186亿元，同比增长36.68%。（3）公司紧抓AI机遇，围绕“双千兆”网络升级、AI手机等机会，公司抢先布局全系列多形态AI终端，家庭终端、手机及移动互联产品、云电脑营收均实现增长，拉动消费者业务营收同比增长16.1%，其中手机产品营收同比增长超40%。",neutral,5.485711e-05,1.0430665
2025-08-30,63,中兴通讯,“连接+算力”构筑增长新引擎,"2025年8月28日公司发布2025年半年度报告，公司1H25营收715.53亿元，同比增长14.51%；归母净利润50.28亿元，同比减少11.77%。对应2Q25营收385.85亿元，同比增长20.92%；归母净利润26.04亿元，同比减少12.94%。
经营分析",neutral,-0.00063102396,0.6344621
2025-03-26,157,中联重科,境外收入占比已超五成，新兴业务快速成长破局,"事件描述
公司发布2024年年度报告，2024年实现营收454.78亿元，同减3.39%；实现归母净利润35.20亿元，同增0.41%；实现扣非归母净利润25.54亿元，同减5.70%。",neutral,0.0027952306,0.80595994
2025-04-23,63,中兴通讯,营收恢复增长，紧抓AI发展机遇,"2025年4月22日，公司发布2025年一季报，2025年一季度公司实现营业收入329.68亿元，同比增长7.82%；实现归母净利润24.53亿元，同比下降10.50%。
经营分析",neutral,-0.010070873,0.33240104
2025-04-28,89,深圳机场,2024年年报及2025年一季报点评：年报业绩落于预告上沿，非航业务步入新阶段,2025年4月24日公司发布2024年年报：2024年公司营业收入47.4亿元，同比+14%，归母净利润4.4亿元，同比+12%，落于业绩预告上沿（公司预告2024年归母净利润4.0-4.4亿元），扣非归母净利润3.5亿元（上年同期扣非归母净亏1.6亿元）；4Q24公司营业收入12.7亿元，同比+13%，归母净利润1.2亿元，同比-50%，扣非归母净利润1.1亿元（4Q23扣非归母净亏0.2亿元）。公司发布2025年一季报：1Q25,negative,-0.99572784,0.18800485
2025-08-31,66,中国长城,2025年半年报点评：AI算力“国家队”持续发力，核心业务竞争力持续增强,"事件概述：2025年8月28日公司发布2025年半年度报告，实现营业收入63.66亿元，同比增长4.78%；实现归母净利润1.38亿元，同比扭亏为盈；扣非后归母净利润-4.27亿元，去年同期为-4.24亿元。
计算产业稳健增长，系统装备业务订单回暖。1）计算产业为增长主引擎：上半年计算产业实现收入51.48亿元，同比增长9.62%，占总收入比重提升至80.86%。其中，计算终端业务受益于党政及关键行业市场需求恢复，实现重大项目突破；整机部件业务受益于AI服务器市场需求持续增长，业务规模和盈利水平再创新高。2）系统装备业务承压但现复苏迹象：系统装备业务实现收入8.61亿元，同比下降12.62%。但公司积极加大市场拓展力度，通信、特种计算等传统业务订单实现同比增长，为后续业绩恢复奠定基础。",neutral,-0.00029362633,0.14466351
2025-11-04,157,中联重科,拟发行港股可转债，充分彰显未来业绩增长信心,"拟发行60亿元可转债，聚焦全球化&智能化
10月30日公司召开董事会审议通过了《关于建议根据特别授权发行H股可转换公司债券的议案》，公司拟发行不超过人民币60亿元H股可转债。本次可转债发行用途中，约50%将用于支持公司全球化发展战略的落地，用于在海外进行生产基地、物流、研发、营销、后市场服务等项目建设。另外50%将用于智能化研发，用于机器人、新能源、智能化等前沿新技术的研发和应用，即开发新能源农业机械、新能源矿山机械、具身智能机器人等一批新产品及相关核心零部件的研发投入。预计随着本次发行落地，公司在全球化、智能化布局进一步完善，为提升国际竞争力奠定关键基础。",neutral,-0.004484486,0.13190913
2025-04-30,157,中联重科,业绩超预期，看好利润持续释放,2025年4月29日，公司发布2025年一季报，25Q1公司实现收入121.17亿元，同比+2.92%，归母净利润14.10亿元，同比+53.98%，扣非后归母净利润8.74亿元，同比+12.40%；25Q1公司毛利率为28.67%，同比提升0.02pct，环比提升1.14pct，净利率为12.51%，同比提升3.84pct，环比提升7.85pct。,neutral,-0.00017980704,0.062327445
2025-11-03,60,中金岭南,Q3业绩符合预期，铜冶炼收入增长,"主要观点：
公司发布2025年三季报",negative,-0.99197495,0.26916677
2025-03-02,66,中国长城,公司事件点评：DeepSeek一体机的“国家队”,"事件概述：根据飞腾官方公众号，由中国石油化工股份有限公司华东油气分公司联合中国电子研发的基于飞腾CPU的全国产化数据采集与监视控制系统（简称SCADA），在中石化页岩气开采现场安全稳定运行超一年，同时双方联合开展的《SCADA系统模块及芯片国产化》课题也顺利通过评审验收。
飞腾路线的工控系统在工业自动化控制领域取得重大技术突破。该信创SCADA系统由中国电子所属华大智宝、中电智能联合中国石化华东油气分公司基于飞腾芯片联合研发，系统以基于飞腾FT-2000+/64CPU的服务器、飞腾腾锐D2000CPU的台式机和飞腾FT-2000/4CPU的PLC等硬件产品为底座，配合麒麟操作系统等，实现了100%国产化，在安全性和稳定性方面表现出色。研发团队还通过技术攻关实现了产品整体的撬装化，使得新系统更加便于运输、安装和维护，能够实现快速部署和高效运行，灵活性和适用性得到了显著提高。现场应用的结果表明，全国产化SCADA系统的采购成本较传统进口系统降低了30%，现场施工周期缩短了41%，施工成本节约了35%。飞腾是中国长城旗下的重要公司，其技术实力的不断提升将为公司长期发展奠定重要基础。",neutral,-0.0009237583,0.95204854
2025-04-29,63,中兴通讯,公司信息更新报告：发布智算超节点服务器，第二曲线蓄势增长,发布智算超节点服务器，加速构建万卡算力集群，维持“买入”评级2025年4月28日，公司开展2025中兴通讯中国生态合作伙伴大会，发布多款新品。发布智算超节点服务器，单机柜可搭载64个GPU，内置16个计算节点，8个交换节点，采用正交互联架构，降低互联成本，GPU间通信带宽达到400GB/S-1.6TB/S，时延达到百纳秒级，液冷占比达到80%，机内Scale up可扩展至2048张算力卡，机间支持Scale out拓展至万卡规模；发布100%自主创新智算交换机，助力提升算卡利用率。公司持续发力第二曲线业务，运营商市场持续提升海外市占率，受国内运营商投资影响，我们下调2025和2026年盈利预测，新增2027年盈利预测，预计2025-2027年归母净利润为86.31/90.16/97.74亿元（原99.19/112.61亿元），当前股价对应PE为16.7/16.0/14.8倍，伴随5G-A商用落地以及算力持续建设，我们看好第二曲线业务长期发展，维持“买入”评级。,neutral,-0.0021445323,0.07695174
2025-04-08,157,中联重科,2024年报点评：国际化助盈利能力提升，新兴产业高速发展,"事件：中联重科发布2024年报。
点评：",neutral,-0.0031009705,1.0832083
2026-03-22,1,平安银行,2025年报点评：资产质量压力减轻,"收入利润均有所下降。2025年实现营业收入1314亿元，同比下降10.4%，降幅较前三季度扩大0.6个百分点；全年实现归母净利润426亿元，同比下降4.2%，降幅较前三季度扩大0.7个百分点。2025年加权平均ROE9.2%，同比下降0.9个百分点。
资产规模及零售AUM保持小幅增长。2025年末总资产同比增长2.7%至5.93万亿元，保持低个位数增长。2025年末存款本金较年初增长1.4%至3.58万亿元，贷款本金总额较年初增长0.5%至3.39万亿元。其中对公一般贷款投放较好，较年初增长9.2%，零售贷款较年初下降2.3%。2025年末核心一级资本充足率9.36%，较年初回升0.24个百分点。2025年分红率保持稳定，为27%。表外方面，2025年末零售AUM为4.24万亿元，较年初增长1.1%。",neutral,0.0022548838,0.221933
2026-03-27,39,中集集团,海工景气度上行，看好公司盈利能力改善,"3月26日，公司发布2025年报。2025年公司实现收入1566.11亿元，同比-11.85%，其中25Q4实现收入395.51亿元，同比-18.78%。2025年公司实现归母净利润2.21亿元，同比-92.57%，其中25Q4实现归母净利润-13.45亿元，同比-217.52%。
经营分析",neutral,-0.00048344693,1.1586115
2026-03-28,39,中集集团,2025年报点评：业绩符合预期，海工+模块化AIDC打开成长空间,"归母净利润受投资收益和汇兑管控影响，海工盈利大幅改善
2025年公司实现营业总收入1566亿元，同比下降12%，归母净利润2.2亿元，同比下降93%；Q4实现营收396亿元，同比下降19%，归母净利润亏损13亿元，业绩与快报一致。归母净利润下滑，系①2025年联营企业中集产城出售资产，导致投资收益减少10.8亿元，②美元汇率波动较大，2025年公司确认汇兑损失11亿元、套保损失1.4亿元。核心事业部中，①集装箱：2025年干箱销量222万REU，同比下降35%，营收430亿元，同比下降31%，净利润19亿元，同比下降54%，均受基数较高、美元贬值影响。②中集车辆：2025年实现营收202亿元，同比下降4%，净利润9.3亿元，同比下降14%。③能化设备（主体为安瑞科）：2025年实现营收272亿元，同比增长6%，净利润10.4亿元，同比增长42%。④中集海工（主体为来福士）：2025年实现营收179亿元，同比增长8%，净利润10.6亿元，同比增长372%，⑤中集财务和海工：2025年净亏损14亿元，减亏4亿元。",neutral,-0.13550946,1.3095999
2026-01-30,63,中兴通讯,深度报告：连接为基，算力为翼,公司是全球领先的综合信息与通信技术解决方案提供商。中兴通讯股份有限公司前身深圳市中兴半导体有限公司成立于1985年，1997年更名为中兴通讯股份有限公司同年于深交所主板上市，2004年于香港联交所主板上市。中兴通讯坚持长期投入，掌控底层核心技术，巩固网络连接业务基本盘，推动网络、算力、数字能源等领域的发展，把握人工智能浪潮带来的机遇，深度参与智算基础设施建设，致力于成为网络连接和智能算力的领导者。,neutral,-0.003146773,0.9513748
2026-03-10,63,中兴通讯,公司信息更新报告：算力业务跨越式增长，研发投入夯实长期竞争力,"营收规模同比增长，毛利率阶段性承压，维持“买入”评级
中兴通讯发布2025年年度报告，2025年公司实现营业收入1338.95亿元，同比增长10.38%；实现归母净利润56.18亿元，同比下降33.32%；实现扣非归母净利润33.7亿元，同比下降45.45%。2025年公司实现毛利率、净利率分别为30.25%、4.16%，同比分别-7.66pct、-2.73pct，在行业周期切换与业务结构变化的双重影响下，公司毛利率阶段性承压。受行业周期变化影响，我们下调2026-2027年并新增2028年盈利预测，预计2026-2028年公司归母净利润分别为68.9、82.5、95.9亿元，EPS分别为1.44、1.73、2.01元，当前股价对应PE估值分别为21.0、17.5、15.1倍，公司加速突破国内智算市场，运营商市场持续提升海外市占率，伴随5G-A商用落地以及算力持续建设，我们看好第二曲线业务长期发展，维持“买入”评级。",neutral,-0.001176152,0.15308332
2026-01-29,99,中信海直,国内通用航空运输领导者，增量探索低空经济运营服务,公司作为国内通用航空运输龙头，有望受益于全球油气勘探开发投资回暖及国内低空经济政策的双重驱动。财务层面，伴随运营效率提升及机队结构优化，公司盈利能力有望进一步改善。主营业务方面，其传统优势的海上石油直升机服务预计将保持稳健增长，为业绩提供坚实基础；同时，公司逐步探索低空经济相关业务，或将为公司未来发展打开增量成长空间。首次覆盖，给予公司增持评级。,neutral,-0.00011600775,0.84333146
2026-02-04,100,TCL科技,领先科技，和合共生,盈利增速彰显强劲增长动能。2025年前三季度，公司实现营业收入1360.65亿元，同比增加10.50%；实现归母净利润30.47亿元，同比增加99.75%；实现扣非归母净利润24.29亿元，同比增加233.33%。2025年三季度单季，公司实现营业收入504.03亿元，同比增加17.69%；实现归母净利润11.63亿元，同比增加119.44%；扣非后归属母公司股东的净利润为8.70亿元，同比增加412.11%。,neutral,-0.00015743828,0.9824678
2026-03-31,157,中联重科,海外增速表现优异，利润加速释放,"业绩简评
2026年3月30日，公司发布2025年报，25年公司实现营业收入521.1亿元，同比+14.6%，归母净利润48.6亿元，同比+38.0%，扣非归母净利润33.7亿元，同比+31.9%；其中25Q4实现营业收入149.5亿元，同比+34.8%，归母净利润9.4亿元，同比+146.0%，扣非归母净利润7.3亿元，同比+99.7%。",neutral,-0.0008364354,0.7211906
2026-03-31,157,中联重科,First take: 2025 earnings +36% in-line;overseas revenue surged 60% in 4Q25,"Zoomlion’s net profit in 2025 grew 36% YoY to RMB4.8bn, which is 2% aboveour estimates and in-line with Bloomberg consensus. The result implies netprofit growth of >1.2x YoY in 4Q25. Overseas revenue in 4Q25 surged 60%YoY to RMB9.2bn (accelerated from 34% YoY in 3Q25), which accounted for~62% of total revenue. Zoomlion proposed final dividend of RMB0.2/share.This, together with the interim dividend of RMB0.2/share, implies a full-yearpayout ratio of 72%. We continue to like Zoomlion’s aggressive overseasexpansion plan on the back of full range of products. Our TP for Zoomlion A/Ha",negative,-0.9903607,0.10042918
